Species;Family;Origin;Inv.Status;SLA;LNitr;Dweight;Height;Longevity;Phen_Time_Start;Phen_Time_End;Phen_Range;Anemochory;Autochory;Barochory;Ballochory;Dyszoochory;Endozoochory;Epizoochory;Hydrochory;Meteorochory;Myrmecochory;Nautochory;DS_amp;Anemophily;Entomophily;Autogamy;PS_amp;Tfrost;Tshade;Tdrought;minHardiness;maxHardiness;HardRange;Ridges;Smooth;Lenticels;Peeling zones;Peeling fibrous;Others;BT_amp;Conical;Rounded;Shrub;Climbing;Irregular;Fountain;Columnar;Weeping;Prostate;Layered;Fascicle;Corymbs;Actinomorphic;Glomeroles;Catkins;Cupule;Trumpet;Spadix;Spike;Compound dichasium;Capitulum;Cymes;Globose;Raceme;Filiform;Panicle;Umbel;Flsh_amp;Cylindrical Cone;Pod;Samara;Schizocarp;Capsule;Nut;Pome;Berry;Drupe;Galbulus;Syncarpus;Follicle;Evergreen;Decidious;Acicular;Cladode;Claw;Cordate;Costapalmate;Cuneate;Deltoid;Digitate;Elliptic;Falcate;Fan;Flabellate;Lanceolate;Linear;Lobed;Oblong;Obovate;Orbiculate;Ovate;Palmate;Phyllode;Rhomboid;Scale;Trifoliate;LS_amp
Abies_alba;Pinaceae;Native;Native;8.79;13.09;62.36;50;500;5;6;2;1;0;0;0;1;0;0;0;1;0;0;3;1;0;0;1;-23.1;4.6;1.8;5;8;4;1;0;0;0;0;0;1;1;0;0;0;0;0;0;0;0;0;0;0;0;0;1;0;0;0;0;0;0;0;0;0;0;0;0;1;1;0;0;0;0;0;0;0;0;0;0;0;1;0;1;0;0;0;0;0;0;0;0;0;0;0;0;0;0;0;0;0;0;0;0;0;0;0;1
Abies_concolor;Pinaceae;Alien;Non-Established;5.05;12.63;35.97;60;300;5;8;4;1;0;0;0;0;0;0;0;0;0;0;1;1;0;0;1;-38;4.5;2.1;3;7;5;1;1;0;0;0;0;2;1;0;0;0;0;0;0;0;0;0;0;0;0;0;1;0;0;0;0;0;0;0;0;0;0;0;0;1;1;0;0;0;0;0;0;0;0;0;0;0;1;0;1;0;0;0;0;0;0;0;0;0;0;0;0;0;0;0;0;0;0;0;0;0;0;0;1
Abies_koreana;Pinaceae;Alien;Non-Established;9.32;18.96;10;30;30;3;5;3;1;0;0;0;0;0;0;0;0;0;0;1;1;0;0;1;-1;5;2;5;7;3;0;1;0;0;0;0;1;1;0;0;0;0;0;0;0;0;0;0;0;0;0;1;0;0;0;0;0;0;0;0;0;0;0;0;1;1;0;0;0;0;0;0;0;0;0;0;0;1;0;1;0;0;0;0;0;0;0;0;0;0;0;0;0;0;0;0;0;0;0;0;0;0;0;1
Abies_nordmanniana;Pinaceae;Alien;Non-Established;10.71;24.41;80.12;70;500;3;5;3;1;0;0;0;0;0;0;0;0;0;0;1;1;0;0;1;-30;4.5;1;4;6;3;1;0;0;0;0;0;1;1;0;0;0;0;0;0;0;0;0;0;0;0;0;1;0;0;0;0;0;0;0;0;0;0;0;0;1;1;0;0;0;0;0;0;0;0;0;0;0;1;0;1;0;0;0;0;0;0;0;0;0;0;0;0;0;0;0;0;0;0;0;0;0;0;0;1
Abies_pinsapo;Pinaceae;Native;Native;3.42;16.08;55.5;35;250;1;5;5;1;0;0;0;0;0;0;0;0;0;0;1;1;0;0;1;-30;4;4.5;4;8;5;0;0;1;0;0;0;1;1;0;0;0;0;0;0;0;0;0;0;0;0;0;1;0;0;0;0;0;0;0;0;0;0;0;0;1;1;0;0;0;0;0;0;0;0;0;0;0;1;0;1;0;0;0;0;0;0;0;0;0;0;0;0;0;0;0;0;0;0;0;0;0;0;0;1
Abies_procera;Pinaceae;Alien;Non-Established;17.26;22.17;33.55;87;750;3;7;5;1;0;0;0;0;0;0;0;0;0;0;1;1;0;0;1;-30.5;2.5;2.3;5;6;2;1;1;0;0;0;0;2;1;0;0;0;0;0;0;0;0;0;0;0;0;0;1;0;0;0;0;0;0;0;0;0;0;0;0;1;1;0;0;0;0;0;0;0;0;0;0;0;1;0;1;0;0;0;0;0;0;0;0;0;0;0;0;0;0;0;0;0;0;0;0;0;0;0;1
Acacia_dealbata;Fabaceae;Alien;Invasive;15.18;32.57;11.85;31.3;120;1;3;3;0;0;1;0;0;0;0;0;0;1;0;2;0;1;0;1;-6;2;4;7;10;4;0;1;0;0;0;0;1;0;1;0;0;0;0;0;0;0;0;0;0;0;0;0;0;0;0;0;0;0;0;0;1;0;0;0;1;0;1;0;0;0;0;0;0;0;0;0;0;1;0;0;0;0;0;0;0;0;0;0;0;0;0;0;1;0;0;0;0;0;0;0;0;0;0;1
Acer_buergerianum;Sapindaceae;Alien;Non-Established;17.42;23.81;13.65;22.5;150;4;5;2;1;0;0;0;0;0;0;0;0;0;0;1;0;1;0;1;-18;3;2.8;4;8;5;0;0;0;1;0;0;1;0;1;0;0;0;0;0;0;0;0;0;1;0;0;0;0;0;0;0;0;0;0;0;0;0;0;0;1;0;0;1;0;0;0;0;0;0;0;0;0;0;1;0;0;0;0;0;0;0;0;0;0;0;0;0;0;0;0;0;0;0;1;0;0;0;0;1
Acer_campestre;Sapindaceae;Alien;Naturalised;17.98;22.08;64.4;19.3;150;5;6;2;1;0;0;0;1;0;1;0;1;0;0;4;0;1;0;1;-50;2.9;3.1;4;8;5;1;0;0;0;0;0;1;0;1;0;0;0;0;0;0;0;0;0;1;0;0;0;0;0;0;0;0;0;0;0;0;0;0;0;1;0;0;1;0;0;0;0;0;0;0;0;0;0;1;0;0;0;0;0;0;0;0;0;0;0;0;0;0;0;0;0;0;0;1;0;0;0;0;1
Acer_cappadocicum;Sapindaceae;Alien;Non-Established;17.04;21.98;115.6;30;176;3;5;3;1;0;0;0;0;0;0;0;0;0;0;1;0;1;0;1;-20.6;2;2.5;4;8;5;1;0;0;0;0;0;1;0;1;0;0;0;0;0;0;0;0;0;1;0;0;0;0;0;0;0;0;0;0;0;0;0;0;0;1;0;0;1;0;0;0;0;0;0;0;0;0;0;1;0;0;0;0;0;0;0;0;0;0;0;0;0;0;0;0;0;0;0;1;0;0;0;0;1
Acer_griseum;Sapindaceae;Alien;Non-Established;18.29;22.43;2087.73;20;20;4;5;2;1;0;0;0;0;0;0;0;0;0;0;1;0;1;0;1;-17.9;3;1.5;4;8;5;0;1;0;0;0;0;1;0;1;0;0;0;0;0;0;0;0;0;1;0;0;0;0;0;0;0;0;0;0;0;0;0;0;0;1;0;0;1;0;0;0;0;0;0;0;0;0;0;1;0;0;0;0;0;0;0;0;0;0;0;0;0;0;0;0;0;0;0;1;0;0;0;0;1
Acer_japonicum;Sapindaceae;Alien;Non-Established;27.87;25.39;53.8;10.03;50;4;5;2;1;0;0;0;0;0;0;0;0;0;0;1;0;1;0;1;-8;3.5;1;5;7;3;0;1;0;0;0;0;1;0;1;0;0;0;0;0;0;0;0;0;0;0;0;0;0;0;0;0;0;0;0;0;1;0;0;0;1;0;0;1;0;0;0;0;0;0;0;0;0;0;1;0;0;0;0;0;0;0;0;0;0;0;0;0;0;0;0;0;0;1;0;0;0;0;0;1
Acer_monspessulanum;Sapindaceae;Native;Native;12.71;20.93;45.71;10;124;4;5;2;1;0;0;0;0;0;0;0;0;0;0;1;0;1;0;1;-15;2.7;4.3;4;8;5;1;0;0;0;0;0;1;0;1;0;0;0;0;0;0;0;0;0;1;0;0;0;0;0;0;0;0;0;0;0;0;0;0;0;1;0;0;1;0;0;0;0;0;0;0;0;0;0;1;0;0;0;0;0;0;0;0;0;0;0;0;0;0;0;0;0;0;0;1;0;0;0;0;1
Acer_negundo;Sapindaceae;Alien;Invasive;24.72;26.37;37.29;10.4;100;3;4;2;1;0;0;0;0;0;0;0;0;0;0;1;1;1;0;2;-36.7;3.7;3.4;3;8;6;1;0;0;0;0;0;1;0;1;0;0;0;0;0;0;0;0;0;1;0;0;0;0;0;0;0;0;0;0;0;0;0;0;0;1;0;0;0;1;0;0;0;0;0;0;0;0;0;1;0;0;0;0;0;0;0;0;1;0;0;0;1;0;0;0;0;0;1;0;0;0;0;0;3
Acer_palmatum;Sapindaceae;Alien;Non-Established;26.6;19.36;33.22;15;160;4;6;3;1;0;0;0;0;0;0;0;0;0;0;1;0;1;0;1;-14.5;4.2;1.8;6;8;3;1;1;0;0;0;0;2;0;1;0;0;0;0;0;0;0;0;0;1;0;0;0;0;0;0;0;0;0;0;0;0;0;0;0;1;0;0;1;0;0;0;0;0;0;0;0;0;0;1;0;0;0;0;0;0;0;1;0;0;0;0;0;0;0;0;0;0;0;0;0;0;0;0;1
Acer_platanoides;Sapindaceae;Alien;Naturalised;18.82;20.16;142.31;35;250;4;5;2;1;0;0;0;1;0;0;0;1;0;0;3;0;1;0;1;-17;4.2;2.7;3;7;5;1;0;0;0;0;0;1;0;1;0;0;0;0;0;0;0;0;0;1;0;0;0;0;0;0;0;0;0;0;0;0;0;0;0;1;0;0;1;0;0;0;0;0;0;0;0;0;0;1;0;0;0;0;0;0;0;0;0;0;0;0;0;0;0;0;0;0;0;1;0;0;0;0;1
Acer_pseudoplatanus;Sapindaceae;Alien;Naturalised;14.36;23.28;78.18;35;500;4;5;2;1;0;0;0;1;1;1;1;1;0;0;6;0;1;0;1;-50;3.7;2.8;4;7;4;1;0;0;0;0;0;1;0;1;0;0;0;0;0;0;0;0;0;1;0;0;0;0;0;0;0;0;0;0;0;0;0;0;0;1;0;0;1;0;0;0;0;0;0;0;0;0;0;1;0;0;0;0;0;0;0;0;0;0;0;0;0;0;0;0;0;0;0;1;0;0;0;0;1
Acer_rubrum;Sapindaceae;Alien;Non-Established;16.53;19.54;19.89;40;150;1;3;3;1;0;0;0;0;0;0;0;0;0;0;1;0;1;0;1;-18.4;3.4;1.8;4;10;7;1;0;0;0;0;0;1;0;1;0;0;0;0;0;0;0;0;0;1;0;0;0;0;0;0;0;0;0;0;0;0;0;0;0;1;0;0;1;0;0;0;0;0;0;0;0;0;0;1;0;0;0;0;0;0;0;0;0;0;0;0;0;0;0;0;0;0;0;1;0;0;0;0;1
Acer_saccharinum;Sapindaceae;Alien;Non-Established;32.08;18.56;64.3;40;125;5;6;2;1;0;0;0;0;0;0;0;1;0;0;2;0;1;0;1;-16.9;3.4;2.9;3;9;7;1;0;0;0;0;0;1;1;0;0;0;0;0;0;0;0;0;0;1;0;0;0;0;0;0;0;0;0;0;0;0;0;0;0;1;0;0;1;0;0;0;0;0;0;0;0;0;0;1;0;0;0;0;0;0;0;0;0;0;0;0;0;0;0;0;0;0;0;1;0;0;0;0;1
Acer_tataricum;Sapindaceae;Alien;Non-Established;20.41;20.83;31.42;10;60;3;6;4;1;0;0;0;0;0;0;0;0;0;0;1;0;1;0;1;-37.3;4.1;2;3;7;5;1;0;0;0;0;0;1;0;1;0;0;0;0;0;0;0;0;0;1;0;0;0;0;0;0;0;0;0;0;0;0;0;0;0;1;0;0;1;0;0;0;0;0;0;0;0;0;0;1;0;0;0;0;0;0;0;0;0;0;0;0;0;0;0;0;0;0;0;0;0;1;0;0;1
Aesculus_flava;Sapindaceae;Alien;Non-Established;18.34;25.62;12530.98;30;80;4;6;3;0;0;1;0;0;0;0;0;0;0;0;1;0;1;0;1;-3.7;4.1;2;4;8;5;0;1;0;0;0;0;1;0;1;0;0;0;0;0;0;0;0;0;0;0;0;0;0;0;0;0;0;0;0;0;0;0;1;0;1;0;0;1;0;0;0;0;0;0;0;0;0;0;1;0;0;0;0;0;0;0;1;0;0;0;0;0;0;0;0;0;0;0;0;0;0;0;0;1
Aesculus_hippocastanum;Sapindaceae;Alien;Naturalised;14.96;23.45;10744.23;39;150;4;6;3;0;0;1;0;0;0;1;0;0;0;0;2;0;1;0;1;-15;3.4;2.8;4;7;4;0;0;0;1;0;0;1;0;1;0;0;0;0;0;0;0;0;0;0;0;0;0;0;0;0;0;0;0;0;0;0;0;1;0;1;0;0;1;0;0;0;0;0;0;0;0;0;0;1;0;0;0;0;0;0;0;1;0;0;0;0;0;0;0;0;0;0;0;0;0;0;0;0;1
Aesculus_indica;Sapindaceae;Alien;Non-Established;16.1;22.4;26432.75;25;200;6;7;2;0;1;0;0;0;0;0;0;0;0;0;1;0;1;0;1;-11;4;2;7;9;3;0;0;0;1;0;0;1;0;1;0;0;0;0;0;0;0;0;0;0;0;0;0;0;0;0;0;0;0;0;0;0;0;1;0;1;0;0;1;0;0;0;0;0;0;0;0;0;0;1;0;0;0;0;0;0;0;1;0;0;0;0;0;0;0;0;0;0;0;0;0;0;0;0;1
Ageratina_ligustrina;Asteraceae;Alien;Non-Established;15.08;27.24;0.29;4.33;33;6;9;4;0;0;0;0;0;1;0;0;0;0;0;1;0;1;0;1;-2.8;2.1;2.7;7;10;4;0;1;0;0;0;0;1;0;0;1;0;0;0;0;0;0;0;0;0;0;0;0;0;0;0;0;0;0;0;0;0;0;1;0;1;0;0;0;0;1;0;0;0;0;0;0;0;1;0;0;0;0;0;0;0;0;0;0;0;0;0;0;0;1;0;0;0;0;0;0;0;0;0;1
Ailanthus_altissima;Simaroubaceae;Alien;Invasive;27.21;29.42;29.1;30;40;5;7;3;1;0;0;0;0;0;0;0;0;0;0;1;0;1;0;1;-25;2.4;3;5;8;4;1;1;0;0;0;0;2;0;1;0;0;0;0;0;0;0;0;0;0;0;0;0;0;0;0;0;0;0;0;0;1;0;0;0;1;0;0;0;0;0;1;0;0;0;0;0;0;0;1;0;0;0;0;0;0;0;0;0;0;0;0;1;0;0;0;0;0;0;0;0;0;0;0;1
Albizia_julibrissin;Fabaceae;Alien;Non-Established;21.91;28.21;38.3;16;40;5;6;2;1;0;0;0;0;0;0;0;0;0;0;1;0;1;0;1;-1;1.1;4.5;6;9;4;0;1;0;0;0;0;1;0;1;0;0;0;0;0;0;0;0;0;0;0;0;0;0;0;0;0;0;1;0;0;0;0;0;0;1;0;1;0;0;0;0;0;0;0;0;0;0;0;1;0;0;0;0;0;0;0;0;1;0;0;0;0;0;0;0;0;0;0;0;0;0;0;0;1
Alnus_cordata;Betulaceae;Alien;Naturalised;22.59;26.22;4.72;25;100;2;4;3;0;0;0;0;0;0;0;1;0;0;0;1;1;0;0;1;-20;2;2;7;10;4;0;1;0;0;0;0;1;1;0;0;0;0;0;0;0;0;0;0;0;0;0;1;0;0;0;0;0;0;0;0;0;0;0;0;1;0;0;0;0;0;1;0;0;0;0;0;0;1;0;0;0;0;1;0;0;0;0;0;0;0;0;0;0;0;0;0;0;0;0;0;0;0;0;1
Alnus_glutinosa;Betulaceae;Native;Native;14.7;29.95;2;20;150;2;4;3;1;0;0;0;1;0;1;1;1;0;0;5;1;0;0;1;-16;2.7;2.2;3;7;5;1;0;0;0;0;0;1;0;1;0;0;0;0;0;0;0;0;0;0;0;0;1;0;0;0;0;0;0;0;0;0;0;0;0;1;0;0;0;0;0;1;0;0;0;0;0;0;0;1;0;0;0;0;0;0;0;0;0;0;0;0;0;0;0;0;1;0;1;0;0;0;0;0;2
Alnus_incana;Betulaceae;Alien;Non-Established;19.91;29.78;1.07;25;50;2;4;3;1;0;0;0;1;0;0;1;1;0;0;4;1;0;0;1;-35;2.3;1.9;2;6;5;0;0;1;0;0;0;1;1;0;0;0;0;0;0;0;0;0;0;0;0;0;1;0;0;0;0;0;0;0;0;0;0;0;0;1;0;0;0;0;0;1;0;0;0;0;0;0;0;1;0;0;0;0;0;0;0;0;0;0;0;0;0;0;0;0;0;0;1;0;0;0;0;0;1
Aloysia_citriodora;Verbenaceae;Alien;Naturalised;4.61;20.63;112.48;4;25;6;8;3;0;0;0;0;0;1;0;0;0;0;0;1;0;1;0;1;-3.9;2.5;1;5;8;4;0;1;0;0;0;0;1;0;0;1;0;0;0;0;0;0;0;0;0;0;0;0;0;0;0;0;0;0;0;0;0;0;1;0;1;0;0;0;0;1;0;0;0;0;0;0;0;0;0;0;0;0;0;0;0;0;0;0;0;0;0;1;0;0;0;0;0;0;0;0;0;0;0;1
Amelanchier_ovalis;Rosaceae;Native;Native;14.35;18.37;259.63;3;40;4;5;2;0;0;0;0;1;1;0;0;0;0;0;2;0;1;0;1;-1;1.9;4.7;5;7;3;0;1;0;0;0;0;1;0;0;1;0;0;0;0;0;0;0;0;0;0;0;0;0;0;0;0;0;0;0;0;0;0;1;0;1;0;0;0;0;0;0;1;0;0;0;0;0;0;1;0;0;0;0;0;0;0;0;0;0;0;0;0;0;0;0;0;0;1;0;0;0;0;0;1
Amelanchier_sanguinea;Rosaceae;Alien;Non-Established;17.42;20.8;5.4;3;67;4;5;2;0;0;0;0;0;1;0;0;0;0;0;1;0;1;0;1;-42;2.3;3.4;4;8;5;0;0;1;0;0;0;1;0;0;1;0;0;0;0;0;0;0;0;1;0;0;0;0;0;0;0;0;0;0;0;0;0;0;0;1;0;0;0;0;0;0;1;0;0;0;0;0;0;1;0;0;0;0;0;0;0;0;0;0;0;0;0;0;0;0;0;0;1;0;0;0;0;0;1
Amomyrtus_luma;Myrtaceae;Alien;Non-Established;15.83;9.71;31.46;30;200;5;7;3;0;0;0;0;0;1;0;0;0;0;0;1;0;1;0;1;0;2;1.5;7;10;4;0;1;0;0;0;0;1;1;0;0;0;0;0;0;0;0;0;0;0;0;0;0;0;0;0;0;0;0;0;0;1;0;0;0;1;0;0;0;0;1;0;0;0;0;0;0;0;1;0;0;0;0;0;0;0;0;0;0;0;0;0;0;0;0;0;0;0;1;0;0;0;0;0;1
Amphilophium_laxiflorum;Bignoniaceae;Alien;Non-Established;17.5;21.73;154.11;10;81;5;7;3;0;0;0;0;0;1;0;0;0;0;0;1;0;1;0;1;-3;1;3.5;9;13;5;0;1;0;0;0;0;1;0;0;0;1;0;0;0;0;0;0;0;0;0;0;0;0;0;0;0;0;0;0;0;0;0;1;0;1;0;0;0;0;1;0;0;0;0;0;0;0;1;0;0;0;0;1;0;0;0;0;0;0;0;0;0;0;0;0;0;0;0;0;0;0;0;0;1
Anagyris_foetida;Fabaceae;Native;Native;10.17;37.2;364.13;4;122;1;5;5;0;1;0;0;0;0;0;0;0;1;0;2;0;1;0;1;-10;3;3;5;8;4;0;0;0;0;1;0;1;0;0;1;0;0;0;0;0;0;0;0;0;0;0;0;0;0;0;0;0;0;0;0;1;0;0;0;1;0;1;0;0;0;0;0;0;0;0;0;0;0;1;0;0;0;0;0;0;0;0;0;0;0;0;0;0;0;0;0;0;0;0;0;0;0;1;1
Araucaria_angustifolia;Araucariaceae;Alien;Non-Established;6.35;15.1;7457;50;600;6;8;3;0;0;0;0;0;1;0;0;0;0;0;1;1;0;0;1;-5;3;2;5;8;4;1;0;0;0;0;0;1;0;0;0;0;1;0;0;0;0;0;0;0;0;0;1;0;0;0;0;0;0;0;0;0;0;0;0;1;1;0;0;0;0;0;0;0;0;0;0;0;1;0;0;0;0;0;0;0;0;0;0;0;0;0;1;0;0;0;0;0;1;0;0;0;0;0;2
Araucaria_araucana;Araucariaceae;Alien;Non-Established;3.16;5.8;4097.46;50;1000;5;6;2;0;0;0;0;0;1;0;0;0;0;0;1;1;0;0;1;-25;2;3;7;11;5;1;0;0;0;0;0;1;1;0;0;0;0;0;0;0;0;0;0;0;0;0;1;0;0;0;0;0;0;0;0;0;0;0;0;1;1;0;0;0;0;0;0;0;0;0;0;0;1;0;0;0;0;0;0;0;0;0;0;0;0;0;1;0;0;0;0;0;1;0;0;0;1;0;3
Araucaria_bidwillii;Araucariaceae;Alien;Non-Established;7.44;13;11061.5;50;600;4;9;6;0;0;0;0;0;1;0;0;0;0;0;1;1;0;0;1;-9;2;2;9;11;3;1;0;0;0;0;0;1;0;0;0;0;1;0;0;0;0;0;0;0;0;0;1;0;0;0;0;0;0;0;0;0;0;0;0;1;1;0;0;0;0;0;0;0;0;0;0;0;1;0;0;0;0;0;0;0;0;0;0;0;0;0;0;1;0;0;0;0;0;0;0;0;0;0;1
Araucaria_cunninghamii;Araucariaceae;Alien;Non-Established;6.35;24.89;272.75;70;400;5;8;4;1;0;0;0;0;0;0;0;0;0;0;1;1;0;0;1;-10;2.5;3.2;6;9;4;0;0;0;0;1;0;1;1;0;0;0;0;0;0;0;0;0;0;0;0;0;1;0;0;0;0;0;0;0;0;0;0;0;0;1;1;0;0;0;0;0;0;0;0;0;0;0;1;0;1;0;0;0;0;0;0;0;0;0;0;0;0;0;0;0;0;0;0;0;0;0;0;0;1
Araucaria_heterophylla;Araucariaceae;Alien;Non-Established;4.5;27.08;1947.59;70;50;5;8;4;0;0;0;0;0;1;0;0;0;0;0;1;1;0;0;1;5;3;3;6;8;3;0;0;0;0;1;0;1;1;0;0;0;0;0;0;0;0;0;0;0;0;0;1;0;0;0;0;0;0;0;0;0;0;0;0;1;1;0;0;0;0;0;0;0;0;0;0;0;1;0;1;0;0;0;0;0;0;0;0;0;0;0;0;0;0;0;0;0;0;0;0;0;0;0;1
Araujia_sericifera;Apocynaceae;Alien;Invasive;44.2;19.64;10;10;44;2;10;9;0;1;0;0;1;1;0;0;0;0;0;3;0;1;0;1;-10;3;3.5;8;11;4;0;1;0;0;0;0;1;0;0;0;1;0;0;0;0;0;0;0;0;0;0;0;0;0;0;0;0;0;1;0;0;0;0;0;1;0;0;0;0;0;0;0;1;0;0;0;0;1;0;0;0;0;0;0;0;0;0;0;0;0;0;0;0;0;0;0;0;1;0;0;0;0;0;1
Arbutus_unedo;Ericaceae;Native;Native;11.15;14.59;3.37;10;15;10;2;5;0;0;0;0;0;1;0;0;0;0;0;1;0;1;0;1;-12.4;2.7;3.9;7;11;5;0;0;0;0;1;0;1;0;0;0;0;1;0;0;0;0;0;0;0;0;0;0;0;0;0;0;0;0;0;0;0;0;1;0;1;0;0;0;0;0;0;0;0;1;0;0;0;1;0;0;0;0;0;0;0;0;0;1;0;0;0;0;0;0;0;0;0;0;0;0;0;0;0;1
Archontophoenix_alexandrae;Arecaceae;Alien;Non-Established;10.44;21.82;500;20;40;4;5;2;0;0;0;0;0;1;0;0;0;0;0;1;1;0;0;1;-4;3;3;6;9;4;0;0;0;0;0;1;1;0;0;0;0;0;1;0;0;0;0;0;0;0;0;0;0;0;1;0;0;0;0;0;0;0;0;0;1;0;0;0;0;0;0;0;1;0;0;0;0;1;0;0;0;0;0;0;0;0;0;0;0;0;0;0;1;0;1;0;0;0;0;0;0;0;0;2
Archontophoenix_cunninghamiana;Arecaceae;Alien;Non-Established;8.94;21.39;500;22.5;40;3;7;5;0;0;0;0;0;1;0;0;0;0;0;1;1;0;0;1;-4;3.5;2;9;11;3;0;0;0;0;0;1;1;0;0;0;0;0;1;0;0;0;0;0;0;0;0;0;0;0;1;0;0;0;0;0;0;0;0;0;1;0;0;0;0;0;0;0;1;0;0;0;0;1;0;0;0;0;0;0;0;0;0;0;0;0;0;0;1;0;0;0;0;0;0;0;0;0;0;1
Arenga_engleri;Arecaceae;Alien;Non-Established;9.21;21.14;1237.79;3;40;3;9;7;0;0;0;0;0;1;0;0;0;0;0;1;1;0;0;1;-7;3;2;5;9;5;0;0;0;0;0;1;1;0;0;0;0;0;1;0;0;0;0;0;0;0;0;0;0;0;1;0;0;0;0;0;0;0;0;0;1;0;0;0;0;0;0;0;1;0;0;0;0;1;0;0;0;0;0;0;0;0;0;0;0;0;0;0;1;0;0;0;0;0;0;0;0;0;0;1
Aria_edulis;Rosaceae;Native;Native;16.5;22;206.91;25;200;5;6;2;0;0;0;0;1;1;0;0;0;0;0;2;0;1;0;1;-50;3;3.6;4;8;5;0;1;0;0;0;0;1;0;1;0;0;0;0;0;0;0;0;0;1;0;0;0;0;0;0;0;0;0;0;0;0;0;0;0;1;0;0;0;0;0;0;1;0;0;0;0;0;0;1;0;0;0;0;0;0;0;0;0;0;0;0;0;0;0;0;0;0;1;0;0;0;0;0;1
Asparagus_densiflorus;Asparagaceae;Alien;Invasive;12.1;25.91;50;0.6;15;5;7;3;0;0;0;0;0;1;0;0;0;0;0;1;0;1;0;1;-2;2.5;3;7;10;4;0;1;0;0;0;0;1;0;0;0;1;0;0;0;0;0;0;0;0;0;0;0;0;0;0;0;0;0;0;0;1;0;0;0;1;0;0;0;0;0;0;0;1;0;0;0;0;1;0;0;1;0;0;0;0;0;0;0;0;0;0;0;0;0;0;0;0;0;0;0;0;0;0;1
Asparagus_setaceus;Asparagaceae;Alien;Naturalised;11.2;32.7;60.36;3;15;6;8;3;0;0;0;0;0;1;0;0;0;0;0;1;0;1;0;1;0;3;3.5;9;12;4;0;1;0;0;0;0;1;0;0;0;1;0;0;0;0;0;0;0;0;0;0;0;0;0;0;0;0;0;0;0;1;0;0;0;1;0;0;0;0;0;0;0;1;0;0;0;0;1;0;0;1;0;0;0;0;0;0;0;0;0;0;0;0;0;0;0;0;0;0;0;0;0;0;1
Atriplex_halimus;Amaranthaceae;Native;Native;16.68;40.43;1.24;3;40;8;11;4;0;0;1;0;0;0;0;0;0;0;0;1;1;1;0;2;-20.5;1;1;7;10;4;0;0;0;0;1;0;1;0;0;1;0;0;0;0;0;0;0;0;0;0;0;0;0;0;0;0;0;0;0;0;0;0;1;0;1;0;0;0;0;0;0;0;1;0;0;0;0;1;0;0;0;0;0;0;0;0;0;0;0;0;0;0;0;0;0;0;0;0;0;0;1;0;0;1
Aucuba_japonica;Garryaceae;Alien;Non-Established;13.64;22.4;0.69;5;15;3;4;2;0;0;0;0;0;1;0;0;0;0;0;1;0;1;0;1;0;4.5;3;7;10;4;1;0;0;0;0;0;1;0;0;1;0;0;0;0;0;0;0;0;0;0;0;0;0;0;0;0;0;0;0;0;0;0;1;0;1;0;0;0;0;0;0;0;1;0;0;0;0;1;0;0;0;0;0;0;0;0;0;1;0;0;0;1;0;0;0;0;0;1;0;0;0;0;0;3
Bauhinia_forficata;Fabaceae;Alien;Non-Established;2.5;25.05;203.14;10;50;3;5;3;0;1;0;0;0;0;0;0;0;0;0;1;0;1;0;1;-20;2;1;10;12;3;0;1;0;0;0;0;1;0;1;0;0;0;0;0;0;0;0;0;0;0;0;0;0;0;0;0;0;0;0;0;1;0;0;0;1;0;1;0;0;0;0;0;0;0;0;0;0;1;0;0;0;0;0;0;0;0;0;0;0;0;0;0;0;0;0;0;1;0;0;0;0;0;0;1
Bauhinia_variegata;Fabaceae;Alien;Non-Established;13.63;25.02;271.38;12;40;3;5;3;0;1;0;0;0;0;0;0;0;0;0;1;0;1;0;1;7;1;4;8;11;4;0;1;0;0;0;0;1;0;1;0;0;0;0;0;0;0;0;0;0;0;0;0;0;0;0;0;0;0;0;0;1;0;0;0;1;0;1;0;0;0;0;0;0;0;0;0;0;0;1;0;0;0;0;0;0;0;0;0;0;0;0;0;0;0;0;0;1;0;0;0;0;0;0;1
Berberis_candidula;Berberidaceae;Alien;Non-Established;12.7;18.49;94.78;0.5;40;3;5;3;0;0;0;0;0;1;0;0;0;0;0;1;0;1;0;1;-15;2;3;5;8;4;1;0;0;0;0;0;1;0;0;1;0;0;0;0;0;0;0;0;0;1;0;0;0;0;0;0;0;0;0;0;0;0;0;0;1;0;0;0;0;0;0;0;1;0;0;0;0;1;0;0;0;0;0;0;0;0;0;0;0;0;0;0;0;0;0;0;0;1;0;0;0;0;0;1
Berberis_julianae;Berberidaceae;Alien;Non-Established;13.82;7.19;20.3;4;15;4;5;2;0;0;0;0;0;1;0;0;0;0;0;1;0;1;0;1;-15;2;3;5;8;4;1;0;0;0;0;0;1;0;0;1;0;0;0;0;0;0;0;0;0;0;0;0;0;0;0;0;0;0;0;0;0;0;0;1;1;0;0;0;0;0;0;0;1;0;0;0;0;1;0;0;0;0;0;0;0;0;0;1;0;0;0;0;0;0;0;0;0;0;0;0;0;0;0;1
Berberis_thunbergii;Berberidaceae;Alien;Non-Established;21.12;15.76;16.41;4;15;3;5;3;0;0;0;0;0;1;0;0;0;0;0;1;0;1;0;1;-33;1.5;3.5;4;8;5;1;0;0;0;0;0;1;0;0;1;0;0;0;0;0;0;0;0;0;0;0;0;0;0;0;0;0;0;0;0;0;0;0;1;1;0;0;0;0;0;0;0;1;0;0;0;0;0;1;0;0;0;0;0;0;0;0;0;0;0;0;0;0;0;0;1;0;1;0;0;0;0;0;2
Berberis_vulgaris;Berberidaceae;Alien;Naturalised;14.32;20.65;13.35;3;15;4;6;3;0;0;0;0;0;1;0;1;0;0;0;2;0;1;0;1;-40;1.9;3.9;3;7;5;1;0;0;0;0;0;1;0;0;1;0;0;0;0;0;0;0;0;0;0;0;0;0;0;0;0;0;0;0;0;1;0;0;0;1;0;0;0;0;0;0;0;1;0;0;0;0;0;1;0;0;0;0;0;0;0;0;0;0;0;0;0;0;0;0;1;0;1;0;0;0;0;0;2
Berberis_wilsoniae;Berberidaceae;Alien;Non-Established;11.97;20.29;30.95;2;10;3;5;3;0;0;0;0;0;1;0;1;0;0;0;2;0;1;0;1;-20.5;2;3;5;9;5;0;1;0;0;0;0;1;0;0;1;0;0;0;0;0;0;0;0;0;0;0;0;0;0;0;0;0;0;0;0;1;0;0;0;1;0;0;0;0;0;0;0;1;0;0;0;0;1;0;0;0;0;0;0;0;0;0;0;0;0;0;0;0;0;0;1;0;1;0;0;0;0;0;2
Bergenia_crassifolia;Saxifragaceae;Alien;Non-Established;10.64;19.24;81.19;0.7;46;4;6;3;0;0;0;0;0;1;0;0;0;0;0;1;0;1;0;1;-9.1;2.7;2.6;7;10;4;1;0;0;0;0;0;1;0;0;1;0;0;0;0;0;0;0;0;0;0;0;0;0;0;0;1;0;0;0;0;0;0;0;0;1;0;0;0;0;0;0;0;1;0;0;0;0;1;0;0;0;0;0;0;0;0;0;0;0;0;0;1;0;0;0;0;0;1;0;0;0;0;0;2
Betula_nigra;Betulaceae;Alien;Naturalised;11.63;21.03;1.14;30;100;3;4;2;1;0;0;0;0;0;0;0;0;0;0;1;1;0;0;1;-30.5;1.5;1.5;3;7;5;0;0;1;0;0;0;1;1;0;0;0;0;0;0;0;0;0;0;0;0;0;1;0;0;0;0;0;0;0;0;0;0;0;0;1;0;0;0;0;0;1;0;0;0;0;0;0;0;1;0;0;0;0;0;0;0;0;0;0;0;0;0;0;0;0;0;0;0;0;0;1;0;0;1
Betula_papyrifera;Betulaceae;Alien;Non-Established;23.82;26.18;0.36;40;150;3;4;2;1;0;0;0;0;0;0;0;0;0;0;1;1;0;0;1;-31.6;1.5;2;3;7;5;0;0;1;0;0;0;1;0;0;0;0;0;0;1;0;0;0;0;0;0;0;1;0;0;0;0;0;0;0;0;0;0;0;0;1;0;0;0;0;0;1;0;0;0;0;0;0;0;1;0;0;0;0;0;0;0;0;0;0;0;0;0;0;0;0;0;0;1;0;0;0;0;0;1
Betula_pendula;Betulaceae;Alien;Non-Established;15.29;24.82;0.31;30;120;4;5;2;1;0;0;0;1;1;1;1;1;0;0;6;1;0;0;1;-50;2;1.9;2;6;5;0;0;1;0;0;0;1;0;0;0;0;0;0;1;0;0;0;0;0;0;0;1;0;0;0;0;0;0;0;0;0;0;0;0;1;0;0;0;0;0;1;0;0;0;0;0;0;0;1;0;0;0;0;0;0;0;0;0;0;0;0;0;0;0;0;0;0;0;0;0;1;0;0;1
Betula_pubescens;Betulaceae;Native;Native;14.25;23.54;0.25;30;120;4;5;2;1;0;0;0;0;0;0;1;0;0;0;2;1;0;0;1;-29.7;1.5;1.7;3;7;5;0;0;1;0;0;0;1;0;0;0;0;0;0;1;0;0;0;0;0;0;0;1;0;0;0;0;0;0;0;0;0;0;0;0;1;0;0;0;0;0;1;0;0;0;0;0;0;0;1;0;0;0;0;0;0;0;0;0;0;0;0;0;0;0;0;0;0;1;0;0;1;0;0;2
Betula_utilis;Betulaceae;Alien;Non-Established;19.39;22.77;0.41;33;100;3;4;2;1;0;0;0;0;0;0;0;0;0;0;1;1;0;0;1;-9.5;1;2;5;6;2;0;1;0;0;0;0;1;0;1;0;0;0;0;0;0;0;0;0;0;0;0;1;0;0;0;0;0;0;0;0;0;0;0;0;1;0;0;0;0;0;1;0;0;0;0;0;0;0;1;0;0;0;0;0;0;0;0;0;0;0;0;0;0;0;0;0;0;1;0;0;1;0;0;2
Bismarckia_nobilis;Arecaceae;Alien;Non-Established;10.31;20.93;14285;50;50;6;8;3;0;0;0;0;0;1;0;0;0;0;0;1;1;0;0;1;-4;1;2;4;8;5;0;0;0;0;0;1;1;0;0;0;0;0;1;0;0;0;0;0;0;0;0;0;0;0;0;1;0;0;0;0;0;0;0;0;1;0;0;0;0;0;0;0;1;0;0;0;0;1;0;0;0;0;0;1;0;0;0;0;0;0;0;0;0;0;0;0;0;0;1;0;0;0;0;2
Bougainvillea_glabra;Nyctaginaceae;Alien;Naturalised;22.04;23.74;101.19;10;50;5;10;6;0;0;0;0;1;1;0;0;0;0;0;2;0;1;0;1;0;1;1;7;10;4;1;0;0;0;0;0;1;0;0;0;1;0;0;0;0;0;0;0;0;0;0;0;0;0;0;0;1;0;0;0;0;0;0;0;1;0;0;0;0;0;0;0;1;0;0;0;0;1;0;0;0;0;0;0;0;0;0;1;0;0;0;0;0;0;0;0;0;0;0;0;0;0;0;1
Bougainvillea_spectabilis;Nyctaginaceae;Alien;Non-Established;17.07;24.41;165.25;3;20;5;10;6;0;0;0;0;1;1;0;0;0;0;0;2;0;1;0;1;0;1;2;6;10;5;1;0;0;0;0;0;1;0;0;0;1;0;0;0;0;0;0;0;0;0;0;0;0;0;0;0;1;0;0;0;0;0;0;0;1;0;0;0;0;0;0;0;1;0;0;0;0;1;0;0;0;0;0;0;0;0;0;1;0;0;0;0;0;0;0;0;0;0;0;0;0;0;0;1
Brachychiton_acerifolius;Malvaceae;Alien;Non-Established;31.83;23.11;181.91;20;150;4;5;2;0;0;0;0;0;1;0;0;0;0;0;1;0;1;0;1;5;1;3;8;11;4;1;0;0;0;0;0;1;0;0;0;0;0;0;1;0;0;0;0;0;0;0;0;0;0;0;0;0;0;0;0;0;0;1;0;1;0;0;0;0;1;0;0;0;0;0;0;0;0;1;0;0;0;0;0;0;0;0;0;0;0;0;0;0;1;0;0;0;0;0;0;0;0;0;1
Brachychiton_populneus;Malvaceae;Alien;Naturalised;9.69;18.58;111.83;15;100;4;5;2;0;0;0;0;0;1;0;0;0;0;0;1;0;1;0;1;5;1;1;8;11;4;0;1;0;0;0;0;1;0;0;0;0;0;0;1;0;0;0;0;0;0;0;0;0;0;0;0;0;0;0;0;0;0;1;0;1;0;0;0;0;1;0;0;0;0;0;0;0;1;0;0;0;0;0;0;0;0;0;0;0;0;0;1;0;0;0;0;0;0;0;0;0;0;0;1
Brahea_armata;Arecaceae;Alien;Non-Established;9.25;21.92;1190;50;80;6;7;2;0;0;0;0;0;1;0;0;0;0;0;1;1;0;0;1;-10;1;1;9;11;3;0;0;0;0;0;1;1;0;0;0;0;0;1;0;0;0;0;0;0;0;0;0;0;0;1;0;0;0;0;0;0;0;0;0;1;0;0;0;0;0;0;0;1;0;0;0;0;1;0;0;0;0;0;1;0;0;0;0;0;0;0;0;0;0;0;0;0;0;1;0;0;0;0;2
Brahea_edulis;Arecaceae;Alien;Non-Established;9.87;21.8;3780;50;180;6;8;3;0;0;0;0;0;1;0;0;0;0;0;1;1;0;0;1;-8;1;1;9;11;3;0;0;0;0;0;1;1;0;0;0;0;0;1;0;0;0;0;0;0;0;0;0;0;0;1;0;0;0;0;0;0;0;0;0;1;0;0;0;0;0;0;0;1;0;0;0;0;1;0;0;0;0;0;1;0;0;0;0;0;0;0;0;0;0;0;0;0;0;1;0;0;0;0;2
Broussonetia_papyrifera;Moraceae;Alien;Naturalised;24.7;31.21;2.13;20;100;4;5;2;0;0;0;0;0;1;0;0;0;0;0;1;0;1;0;1;-15;1;1;6;11;6;1;0;0;0;0;0;1;0;1;0;0;0;0;0;0;0;0;0;0;0;0;0;0;0;0;1;0;1;0;0;0;0;0;0;2;0;0;0;0;0;1;0;0;0;0;0;0;0;1;0;0;0;1;0;0;0;0;0;0;0;0;0;0;0;0;0;0;0;0;0;0;0;0;1
Brugmansia_arborea;Solanaceae;Alien;Non-Established;14.95;21.04;116;5;10;3;6;4;0;1;0;0;1;1;0;0;0;0;0;3;0;1;0;1;5;3;4;5;8;4;0;1;0;0;0;0;1;0;0;1;0;0;0;0;0;0;0;0;0;0;0;0;0;1;0;0;0;0;0;0;0;0;0;0;1;0;0;0;0;0;0;0;1;0;0;0;0;0;1;0;0;0;0;0;0;0;0;0;0;0;0;0;0;0;0;0;0;1;0;0;0;0;0;1
Brugmansia_suaveolens;Solanaceae;Alien;Naturalised;14.13;22.87;80;5;15;3;10;8;0;1;0;0;1;1;0;0;0;0;0;3;0;1;0;1;-21;2;3;7;10;4;0;0;1;0;0;0;1;0;0;1;0;0;0;0;0;0;0;0;0;0;0;0;0;1;0;0;0;0;0;0;0;0;0;0;1;0;0;0;0;0;0;0;1;0;0;0;0;1;0;0;0;0;0;0;0;0;0;1;0;0;0;0;0;0;0;0;0;1;0;0;0;0;0;2
Buddleja_davidii;Scrophulariaceae;Alien;Invasive;12.99;22.45;0.06;5;5;6;9;4;1;0;0;0;0;0;0;1;1;0;0;3;0;1;0;1;-15;1.6;3.5;4;8;5;0;0;0;0;1;0;1;0;0;1;0;0;0;0;0;0;0;0;0;0;0;0;0;0;0;0;0;0;0;0;0;0;1;0;1;0;0;0;0;1;0;0;0;0;0;0;0;0;1;0;0;0;0;0;0;0;0;0;0;0;0;1;0;0;0;0;0;1;0;0;0;0;0;2
Buddleja_globosa;Scrophulariaceae;Alien;Non-Established;17.26;22.81;0.08;3.8;40;9;10;2;1;0;0;0;0;0;0;0;0;0;0;1;0;1;0;1;-15;2.2;3.5;6;9;4;0;1;0;0;0;0;1;0;0;1;0;0;0;0;0;0;0;0;0;0;0;0;0;0;0;0;0;0;0;1;0;0;0;0;1;0;0;0;0;1;0;0;0;0;0;0;0;0;1;0;0;0;0;0;0;0;0;1;0;0;0;0;0;0;0;0;0;0;0;0;0;0;0;1
Buddleja_madagascariensis;Scrophulariaceae;Alien;Non-Established;10.5;20.42;0.08;3;40;6;10;5;0;0;0;0;0;1;0;0;0;0;0;1;0;1;0;1;1;1.8;4;9;11;3;0;1;0;0;0;0;1;0;0;1;0;0;0;0;0;0;0;0;0;0;0;0;0;0;0;0;0;0;0;0;0;0;1;0;1;0;0;0;0;1;0;0;0;0;0;0;0;1;0;0;0;0;0;0;0;0;0;1;0;0;0;0;0;0;0;0;0;0;0;0;0;0;0;1
Butia_capitata;Arecaceae;Alien;Non-Established;7.8;21.2;969.95;19;80;5;6;2;0;0;0;0;0;1;0;0;0;0;0;1;0;1;0;1;-10;1;2;9;11;3;0;0;0;0;0;1;1;0;0;0;0;0;1;0;0;0;0;0;0;0;0;0;0;0;1;0;0;0;0;0;0;0;0;0;1;0;0;0;0;0;0;0;1;0;0;0;0;1;0;0;0;0;0;0;0;0;0;0;0;0;0;0;1;0;0;0;0;0;0;0;0;0;0;1
Butia_yatay;Arecaceae;Alien;Non-Established;8.34;20.46;2000;50;100;3;6;4;0;0;0;0;0;1;0;0;0;0;0;1;0;1;0;1;-8;1;2;9;10;2;0;0;0;0;0;1;1;0;0;0;0;0;1;0;0;0;0;0;0;0;0;0;0;0;1;0;0;0;0;0;0;0;0;0;1;0;0;0;0;0;0;0;1;0;0;0;0;1;0;0;0;0;0;0;0;0;0;0;0;0;0;0;1;0;0;0;0;0;0;0;0;0;0;1
Buxus_balearica;Buxaceae;Native;Native;3.57;19.04;7.45;8;193;4;6;3;0;0;0;0;0;1;0;0;0;0;0;1;0;1;0;1;-15;2;2;7;10;4;1;0;0;0;0;0;1;0;1;0;0;0;0;0;0;0;0;0;0;0;1;0;0;0;0;0;0;0;0;0;0;0;0;0;1;0;0;0;0;0;0;0;1;0;0;0;0;1;0;0;0;0;0;0;0;0;0;0;0;0;0;0;0;0;0;0;0;1;0;0;0;0;0;1
Buxus_microphylla;Buxaceae;Alien;Non-Established;4.79;19.28;12.83;6;120;4;5;2;0;0;0;0;0;1;0;0;0;0;0;1;0;1;0;1;-20.5;1;2;6;10;5;1;0;0;0;0;0;1;0;0;1;0;0;0;0;0;0;0;0;0;0;1;0;0;0;0;0;0;0;0;0;0;0;0;0;1;0;0;0;0;0;0;0;1;0;0;0;0;1;0;0;0;0;0;0;0;0;0;1;0;0;0;0;0;0;0;0;0;0;0;0;0;0;0;1
Buxus_sempervirens;Buxaceae;Native;Native;9.16;23.9;12.84;16;600;2;4;3;0;0;0;0;1;1;0;1;0;0;0;3;1;1;0;2;-15;4.1;3.9;6;8;3;1;0;0;0;0;0;1;0;1;0;0;0;0;0;0;0;0;0;0;0;1;0;0;0;0;0;0;0;0;0;0;0;0;0;1;0;0;0;0;0;0;0;1;0;0;0;0;1;0;0;0;0;0;0;0;0;0;0;0;0;0;0;0;0;0;0;0;1;0;0;0;0;0;1
Callianthe_picta;Malvaceae;Alien;Non-Established;20.93;26.34;78.58;5;10;1;12;12;0;0;0;0;0;1;0;0;0;0;0;1;0;1;0;1;0;2;3;8;10;3;1;0;0;0;0;0;1;0;0;1;0;0;0;0;0;0;0;0;0;1;0;0;0;0;0;0;0;0;0;0;0;0;0;0;1;0;0;0;0;1;0;0;0;0;0;0;0;1;0;0;0;0;0;0;0;0;0;0;0;0;0;0;0;0;0;0;0;0;1;0;0;0;0;1
Callianthe_striata;Malvaceae;Alien;Non-Established;13.74;20.34;21.63;1;42;5;9;5;0;0;0;0;0;1;0;0;0;0;0;1;0;1;0;1;-6.9;2.1;3;6;9;4;0;1;0;0;0;0;1;0;0;1;0;0;0;0;0;0;0;0;0;1;0;0;0;0;0;0;0;0;0;0;0;0;0;0;1;0;0;0;0;1;0;0;0;0;0;0;0;1;0;0;0;0;0;0;0;0;0;0;0;0;0;0;0;0;0;0;0;0;1;0;0;0;0;1
Callitropsis_nootkatensis;Cupressaceae;Alien;Non-Established;10.07;42.79;4.17;40;2000;2;3;2;1;0;0;0;0;0;0;0;0;0;0;1;1;0;0;1;-26;3;3;4;7;4;0;0;0;0;1;0;1;0;0;0;0;0;0;0;1;0;0;0;0;0;0;1;0;0;0;0;0;0;0;0;0;0;0;0;1;0;0;0;0;0;0;0;0;0;1;0;0;1;0;1;0;0;0;0;0;0;0;0;0;0;0;0;0;0;0;0;0;0;0;0;0;0;0;1
Calocedrus_decurrens;Cupressaceae;Alien;Naturalised;8.2;21.18;35.39;72;650;1;2;2;1;0;0;0;0;0;0;0;0;0;0;1;1;0;0;1;-36.1;3.2;0.4;5;8;4;1;0;0;0;0;0;1;1;0;0;0;0;0;0;0;0;0;0;0;0;0;1;0;0;0;0;0;0;0;0;0;0;0;0;1;0;0;0;0;0;0;0;0;0;1;0;0;1;0;0;0;0;0;0;0;0;0;0;0;0;0;0;0;0;0;0;0;0;0;0;0;1;0;1
Camellia_japonica;Theaceae;Alien;Non-Established;7.33;12.88;1061;15;27;10;3;6;0;0;0;0;0;1;0;0;0;0;0;1;0;1;0;1;-9.5;4;2;7;9;3;0;1;0;0;0;0;1;0;1;0;0;0;0;0;0;0;0;0;0;1;0;0;0;0;0;0;0;0;0;0;0;0;0;0;1;0;0;0;0;0;0;0;0;1;0;0;0;1;0;0;0;0;0;0;0;0;0;1;0;0;0;0;0;0;0;0;0;0;0;0;0;0;0;1
Campsis_radicans;Bignoniaceae;Alien;Naturalised;21.05;22.4;3.89;10;20;6;9;4;1;0;0;0;0;0;0;0;0;0;0;1;0;1;0;1;-25;1.5;4;5;9;5;1;0;0;0;0;0;1;0;0;0;0;0;0;0;0;1;0;0;0;1;0;0;0;0;0;0;0;0;0;0;0;0;0;0;1;0;0;0;0;0;0;0;0;1;0;0;0;0;1;0;0;0;0;0;0;0;0;1;0;0;0;0;0;0;0;0;0;0;0;0;0;0;0;1
Carissa_macrocarpa;Apocynaceae;Alien;Non-Established;5.66;29.7;462;2.44;83;5;10;6;0;1;0;0;1;1;0;0;0;0;0;3;0;1;0;1;5;2;3;9;11;3;0;1;0;0;0;0;1;0;0;1;0;0;0;0;0;0;0;1;0;0;0;0;0;0;0;0;0;0;0;0;0;0;0;0;1;0;0;0;0;0;0;0;1;0;0;0;0;1;0;0;0;0;0;0;0;0;0;1;0;0;0;0;0;0;0;0;0;1;0;0;0;0;0;2
Carpinus_betulus;Betulaceae;Alien;Naturalised;28.41;22.25;49.38;30;220;4;5;2;1;0;0;1;1;1;0;1;1;0;0;6;1;0;0;1;-9;4;2.7;5;7;3;0;1;0;0;0;0;1;1;0;0;0;0;0;0;0;0;0;0;0;0;0;1;0;0;0;0;0;0;0;0;0;0;0;0;1;0;0;0;0;0;1;0;0;0;0;0;0;0;1;0;0;0;1;0;0;0;0;0;0;0;0;0;0;0;0;0;0;1;0;0;0;0;0;2
Carya_illinoinensis;Juglandaceae;Alien;Non-Established;16.05;21.4;4343.12;61;300;4;5;2;0;0;0;0;1;1;0;0;0;0;0;2;1;0;0;1;-8;1.7;2;5;9;5;0;0;0;1;0;0;1;0;1;0;0;0;0;0;0;0;0;0;0;0;0;1;0;0;0;1;0;0;0;0;0;0;0;0;2;0;0;0;0;0;1;0;0;0;0;0;0;0;1;0;0;0;0;0;0;0;0;0;0;0;0;1;0;0;0;0;0;0;0;0;0;0;0;1
Carya_laciniosa;Juglandaceae;Alien;Non-Established;17.37;23.81;15287.12;42;350;4;5;2;0;0;0;0;1;1;0;0;0;0;0;2;1;0;0;1;-20.5;4.4;2;5;9;5;0;0;0;0;1;0;1;0;0;0;0;0;0;1;0;0;0;0;0;0;0;1;0;0;0;0;0;0;0;0;1;0;0;0;2;0;0;0;0;0;1;0;0;0;0;0;0;0;1;0;0;0;0;0;0;0;0;0;0;0;0;1;0;0;1;0;0;0;0;0;0;0;0;2
Caryota_urens;Arecaceae;Alien;Non-Established;10.32;22.96;1923.65;50;30;6;9;4;1;0;0;0;0;1;0;0;0;0;0;2;1;0;0;1;-2;2;3;9;12;4;0;0;0;0;0;1;1;0;0;0;0;0;1;0;0;0;0;0;0;0;0;0;0;0;1;0;0;0;0;0;0;0;0;0;1;0;0;0;0;0;0;0;1;0;0;0;0;1;0;0;0;0;0;0;0;0;0;0;0;1;0;0;0;0;0;0;0;0;0;0;0;0;0;1
Casimiroa_edulis;Rutaceae;Alien;Non-Established;16.35;26.3;2722;25.87;166;4;6;3;0;0;0;0;0;1;0;0;0;0;0;1;0;1;0;1;-17;2.5;2.7;4;8;5;1;0;0;0;0;0;1;0;1;0;0;0;0;0;0;0;0;1;0;0;0;0;0;0;0;0;0;0;0;0;0;0;0;0;1;0;0;0;0;0;0;0;0;1;0;0;0;0;1;0;0;0;0;0;0;0;0;0;0;0;0;0;0;0;0;0;0;1;0;0;0;0;0;1
Castanea_dentata;Fagaceae;Alien;Non-Established;23.03;25.47;3058.19;35;300;5;7;3;0;0;1;0;1;0;1;1;0;0;0;4;0;1;0;1;-31.5;3.1;3;4;8;5;1;1;0;0;0;0;2;0;1;0;0;0;0;0;0;0;0;0;0;0;0;1;1;0;0;0;0;0;0;0;0;0;0;0;2;0;0;0;0;0;1;0;0;0;0;0;0;0;1;0;0;0;0;0;0;0;0;0;0;0;0;1;0;0;0;0;0;0;0;0;0;0;0;1
Castanea_sativa;Fagaceae;Alien;Naturalised;14.09;22.52;3390.47;35;500;5;6;2;0;0;1;0;1;0;1;1;0;0;0;4;1;1;0;2;-50;3.2;3.5;5;7;3;1;0;0;0;0;0;1;0;1;0;0;0;0;0;0;0;0;0;0;0;0;1;0;0;0;0;0;0;0;0;0;0;0;0;1;0;0;0;0;0;1;0;0;0;0;0;0;0;1;0;0;0;0;0;0;0;0;0;0;0;0;1;0;0;0;0;0;0;0;0;0;0;0;1
Casuarina_cunninghamiana;Casuarinaceae;Alien;Naturalised;2.75;23.38;1.82;35;50;2;4;3;0;0;0;0;0;1;0;0;0;0;0;1;1;0;0;1;-4;1;1;8;11;4;1;0;0;0;0;0;1;0;0;0;0;0;0;1;0;0;0;0;0;0;0;1;0;0;0;1;0;0;0;0;0;0;0;0;2;0;0;0;0;1;0;0;0;0;0;0;0;1;0;1;0;0;0;0;0;0;0;0;0;0;0;0;0;0;0;0;0;0;0;0;0;0;0;1
Casuarina_equisetifolia;Casuarinaceae;Alien;Naturalised;2.77;16.17;4.35;35;50;3;5;3;1;0;0;0;0;0;0;1;0;0;0;2;1;0;0;1;-5.5;1;1;9;12;4;1;0;0;0;0;0;1;0;0;0;0;0;0;1;0;0;0;0;0;0;0;1;0;0;0;0;0;0;0;0;0;0;0;0;1;0;1;0;0;0;0;0;0;0;0;0;0;1;0;0;0;0;0;0;0;0;0;0;0;0;0;0;0;0;0;0;0;0;0;0;0;1;0;1
Catalpa_bignonioides;Bignoniaceae;Alien;Naturalised;6.5;46.3;24.42;20;100;5;6;2;1;0;0;0;0;0;0;0;0;0;0;1;0;1;0;1;-1;2.7;2.6;5;9;5;1;0;0;0;1;0;2;0;1;0;0;0;0;0;0;0;0;0;0;0;0;0;0;0;0;0;0;0;0;0;0;0;1;0;1;0;0;0;0;1;0;0;0;0;0;0;0;0;1;0;0;0;0;0;0;0;0;0;0;0;0;0;0;0;0;0;0;1;0;0;0;0;0;1
Catalpa_bungei;Bignoniaceae;Alien;Non-Established;15.54;49.3;30.1;30;150;5;6;2;0;0;0;0;0;1;0;0;0;0;0;1;0;1;0;1;-20.5;2;2;5;9;5;1;0;0;0;1;0;2;0;1;0;0;0;0;0;0;0;0;0;0;0;0;0;0;0;0;0;0;0;0;0;0;0;1;0;1;0;0;0;0;1;0;0;0;0;0;0;0;0;1;0;0;0;1;0;0;0;0;0;0;0;0;0;0;0;0;0;0;0;0;0;0;0;0;1
Catharanthus_roseus;Apocynaceae;Alien;Non-Established;18.69;29.28;1.36;0.6;6;6;10;5;1;0;0;0;0;0;0;0;0;1;0;2;0;1;0;1;10;1;3;9;12;4;0;1;0;0;0;0;1;0;0;1;0;0;0;0;0;0;0;0;0;1;0;0;0;0;0;0;0;0;0;0;0;0;0;0;1;0;1;0;0;0;0;0;0;0;0;0;0;0;1;0;0;0;0;0;0;0;0;1;0;0;0;0;0;0;0;0;0;0;0;0;0;0;0;1
Cedrus_atlantica;Pinaceae;Alien;Naturalised;8.05;11.02;66.87;50;900;9;11;3;1;0;0;0;0;0;0;0;0;0;0;1;1;0;0;1;-25;1;1;5;9;5;1;0;0;0;0;0;1;1;0;0;0;0;0;0;0;0;0;0;0;0;0;1;0;0;0;0;0;0;0;0;0;0;0;0;1;1;0;0;0;0;0;0;0;0;0;0;0;1;0;1;0;0;0;0;0;0;0;0;0;0;0;0;0;0;0;0;0;0;0;0;0;0;0;1
Cedrus_deodara;Pinaceae;Alien;Naturalised;7.47;13.17;110.34;75;800;9;11;3;1;0;0;0;0;0;0;0;0;0;0;1;1;0;0;1;-9.4;2.6;3.9;5;9;5;1;1;0;0;0;0;2;1;0;0;0;0;0;0;0;0;0;0;0;0;0;1;0;0;0;0;0;0;0;0;0;0;0;0;1;1;0;0;0;0;0;0;0;0;0;0;0;1;0;1;0;0;0;0;0;0;0;0;0;0;0;0;0;0;0;0;0;0;0;0;0;0;0;1
Cedrus_libani;Pinaceae;Alien;Naturalised;8.19;12.79;83.24;50;1000;9;10;2;1;0;0;0;0;0;0;0;0;0;0;1;1;0;0;1;-25;1.4;2.8;5;9;5;1;0;0;0;0;0;1;1;0;0;0;0;0;0;0;0;0;0;0;0;0;1;0;0;0;0;0;0;0;0;0;0;0;0;1;1;0;0;0;0;0;0;0;0;0;0;0;1;0;1;0;0;0;0;0;0;0;0;0;0;0;0;0;0;0;0;0;0;0;0;0;0;0;1
Ceiba_speciosa;Malvaceae;Alien;Non-Established;19.86;25.5;165.97;15;40;9;12;4;1;0;0;0;0;0;0;0;0;0;0;1;0;1;0;1;5;1.7;4;6;9;4;0;0;0;0;0;1;1;0;1;0;0;0;0;0;0;0;0;0;0;1;0;0;0;0;0;0;0;0;0;0;0;0;0;0;1;0;0;0;0;1;0;0;0;0;0;0;0;0;1;0;0;0;0;0;0;0;0;0;0;0;0;0;0;0;0;0;0;0;1;0;0;0;0;1
Celtis_australis;Cannabaceae;Alien;Naturalised;19.19;32.4;203.85;25;500;3;4;2;0;0;0;0;0;1;0;0;0;0;0;1;0;1;0;1;-38;2;4;5;9;5;0;1;0;0;0;0;1;0;1;0;0;0;0;0;0;0;0;0;0;1;0;0;0;0;0;0;0;0;0;0;0;0;0;0;1;0;0;0;0;0;1;0;0;0;0;0;0;0;1;0;0;0;0;0;0;0;0;0;0;0;0;0;0;0;0;0;0;1;0;0;0;0;0;1
Celtis_occidentalis;Cannabaceae;Alien;Non-Established;3.35;25.1;117.84;40;200;3;4;2;0;0;0;0;0;1;0;0;0;0;0;1;0;1;0;1;-43;3.2;3.9;3;9;7;1;0;0;0;0;0;1;0;1;0;0;0;0;0;0;0;0;0;0;0;0;0;0;0;0;0;0;0;0;0;0;0;1;0;1;0;0;0;0;0;1;0;0;0;0;0;0;0;1;0;0;0;1;0;0;0;0;0;0;0;0;1;0;0;0;0;0;1;0;0;0;0;0;3
Cephalotaxus_fortunei;Taxaceae;Alien;Non-Established;6.44;19.3;454.55;20;553;2;5;4;0;0;0;0;1;1;0;0;0;0;0;2;1;0;0;1;-15;1;2;6;9;4;0;0;0;0;1;0;1;0;1;0;0;0;0;0;0;0;0;0;0;0;0;1;0;0;0;0;0;0;0;0;0;0;0;0;1;0;0;0;0;0;0;0;1;0;0;0;0;1;0;1;0;0;0;0;0;0;0;0;0;0;0;0;0;0;0;0;0;0;0;0;0;0;0;1
Cephalotaxus_harringtonii;Taxaceae;Alien;Non-Established;8.22;19.5;323.5;10;150;3;4;2;0;0;0;0;1;1;0;0;0;0;0;2;1;0;0;1;-15;3;2.5;6;9;4;0;0;0;0;1;0;1;0;1;0;0;0;0;0;0;0;0;0;0;0;0;1;0;0;0;0;0;0;0;0;0;0;0;0;1;0;0;0;0;0;0;0;1;0;0;0;0;1;0;1;0;0;0;0;0;0;0;0;0;0;0;0;0;0;0;0;0;0;0;0;0;0;0;1
Ceratonia_siliqua;Fabaceae;Native;Native;3.33;18.48;199.73;15;500;8;10;3;1;0;0;0;0;1;0;0;0;0;0;2;1;1;0;2;-6;1;5;9;11;3;0;0;0;1;0;0;1;0;1;0;0;0;0;0;0;0;0;0;0;0;0;1;0;0;0;0;0;0;0;0;0;0;0;0;1;0;1;0;0;0;0;0;0;0;0;0;0;1;0;0;0;0;0;0;0;0;0;0;0;0;0;0;0;0;0;0;0;1;0;0;0;0;0;1
Ceratostigma_willmottianum;Plumbaginaceae;Alien;Non-Established;19.98;24.24;9.59;8.26;56;4;6;3;0;0;0;0;1;1;0;0;0;0;0;2;0;1;0;1;-25.4;1.3;1.6;4;8;5;1;0;0;0;0;0;1;0;1;0;0;0;0;0;0;0;0;0;0;0;0;0;0;0;0;0;1;0;0;0;0;0;0;0;1;0;0;0;0;0;0;0;1;0;0;0;0;0;1;0;0;0;0;0;0;0;0;0;0;0;0;0;0;0;0;0;0;1;0;0;0;0;0;1
Cercis_siliquastrum;Fabaceae;Alien;Naturalised;13.7;25.78;42.37;13;5;4;5;2;0;1;0;0;0;0;0;0;0;0;0;1;1;1;0;2;-10;1;5;6;9;4;1;0;0;0;0;0;1;0;1;0;0;0;0;0;0;0;0;0;0;0;0;0;0;0;0;0;0;0;0;0;1;0;0;0;1;0;1;0;0;0;0;0;0;0;0;0;0;0;1;0;0;0;1;0;0;0;0;0;0;0;0;0;0;0;0;0;0;0;0;0;0;0;0;1
Cestrum_aurantiacum;Solanaceae;Alien;Non-Established;14.93;33;2.5;3;33;5;10;6;0;1;0;0;1;1;0;0;0;0;0;3;0;1;0;1;-5;1;2.5;6;9;4;0;0;1;0;0;0;1;0;0;1;0;0;0;0;0;0;0;0;0;0;0;0;0;0;0;0;0;0;1;0;0;0;0;0;1;0;0;0;0;0;0;0;0;1;0;0;0;1;0;0;0;0;0;0;0;0;0;0;0;0;0;1;0;0;0;0;0;0;0;0;0;0;0;1
Cestrum_elegans;Solanaceae;Alien;Non-Established;14.55;21.72;38.85;3;49;1;12;12;0;1;0;0;1;1;0;0;0;0;0;3;0;1;0;1;-2;2;3;8;11;4;1;0;0;0;0;0;1;0;0;1;0;0;0;0;0;0;0;0;0;0;0;0;0;0;0;0;0;0;0;0;0;0;1;0;1;0;0;0;0;1;0;0;0;0;0;0;0;1;0;0;0;0;0;0;0;0;0;0;0;0;0;1;0;0;0;0;0;0;0;0;0;0;0;1
Cestrum_nocturnum;Solanaceae;Alien;Naturalised;5.84;29.8;5;12;20;5;10;6;0;1;0;0;1;1;0;0;0;0;0;3;0;1;0;1;0;2;1;7;10;4;1;0;0;0;0;0;1;0;0;1;0;0;0;0;0;0;0;0;0;0;0;0;0;0;0;0;0;0;1;0;0;0;0;0;1;0;0;0;0;0;0;0;1;0;0;0;0;1;0;0;0;0;0;0;0;0;0;0;0;0;0;1;0;0;0;0;0;0;0;0;0;0;0;1
Cestrum_parqui;Solanaceae;Alien;Naturalised;18.91;23.42;4.2;12;5;5;10;6;0;1;0;0;1;1;0;0;0;0;0;3;0;1;0;1;-5;2;2;8;10;3;0;1;0;0;0;0;1;0;0;1;0;0;0;0;0;0;0;0;0;0;0;0;0;0;0;0;0;0;0;0;0;0;1;0;1;0;0;0;0;0;0;0;1;0;0;0;0;1;0;0;0;0;0;0;0;0;0;0;0;0;0;1;0;0;0;0;0;0;0;0;0;0;0;1
Chaenomeles_japonica;Rosaceae;Alien;Non-Established;15.41;21.03;34.75;3;20;1;3;3;0;0;0;0;0;1;0;0;0;0;0;1;0;1;0;1;-26;3;5;5;8;4;0;1;0;0;0;0;1;0;0;1;0;0;0;0;0;0;0;0;0;0;0;0;0;0;0;0;0;0;1;0;0;0;0;0;1;0;0;0;0;0;0;1;0;0;0;0;0;0;1;0;0;0;0;0;0;0;0;0;0;0;0;0;0;0;0;0;0;1;0;0;0;0;0;1
Chaenomeles_speciosa;Rosaceae;Alien;Naturalised;15.99;22.97;38.08;3;15;5;6;2;0;0;0;0;0;1;0;0;0;0;0;1;0;1;0;1;-26;1;5;4;8;5;0;1;0;0;0;0;1;0;0;1;0;0;0;0;0;0;0;0;0;0;0;0;0;0;0;0;0;0;1;0;0;0;0;0;1;0;0;0;0;0;0;1;0;0;0;0;0;0;1;0;0;0;0;0;0;0;0;0;0;0;0;1;0;0;1;0;0;1;0;0;0;0;0;3
Chamaecyparis_lawsoniana;Cupressaceae;Alien;Naturalised;9.89;12.74;2.28;77;600;3;4;2;1;0;0;0;0;0;0;0;0;0;0;1;1;0;0;1;-20.5;3.7;2.1;5;7;3;0;1;0;0;1;0;2;1;0;0;0;0;0;0;0;0;0;0;0;0;0;1;0;0;0;0;0;0;0;0;0;0;0;0;1;0;0;0;0;0;0;0;0;0;1;0;0;1;0;0;0;0;0;0;0;0;0;0;0;0;0;0;0;0;0;0;0;0;0;0;0;1;0;1
Chamaecyparis_obtusa;Cupressaceae;Alien;Non-Established;5.53;13.61;3.33;50;500;1;4;4;0;0;0;0;1;1;0;0;0;0;0;2;1;0;0;1;-24;4.4;2.9;4;8;5;0;0;0;0;1;0;1;1;0;0;0;0;0;0;0;0;0;0;0;0;0;1;0;0;0;0;0;0;0;0;0;0;0;0;1;1;0;0;0;0;0;0;0;0;0;0;0;1;0;0;0;0;0;0;0;0;0;0;0;0;0;0;0;0;0;0;0;0;0;0;0;1;0;1
Chamaedorea_elegans;Arecaceae;Alien;Naturalised;11.72;21.17;126;2.5;50;6;8;3;0;0;0;0;0;1;0;0;0;0;0;1;0;1;0;1;-2;3;3.5;10;12;3;0;0;0;0;0;1;1;0;0;0;0;0;1;0;0;0;0;0;0;0;0;0;0;0;0;0;0;0;0;0;0;0;1;0;1;0;0;0;0;0;0;0;1;0;0;0;0;1;0;0;0;0;0;0;0;0;0;0;0;0;0;1;0;0;0;0;0;0;0;0;0;0;0;1
Chamaerops_humilis;Arecaceae;Native;Native;10.6;13.52;599.38;4;50;2;4;3;0;0;0;0;0;1;0;0;0;0;0;1;1;1;0;2;-10;1;5;8;11;4;0;0;0;0;0;1;1;0;0;0;0;0;1;0;0;0;0;0;0;0;0;0;0;0;0;0;0;0;0;0;0;0;1;0;1;0;0;0;0;0;0;0;1;0;0;0;0;1;0;0;0;0;0;0;0;0;0;0;0;0;0;0;0;0;0;0;0;0;1;0;0;0;0;1
Choisya_ternata;Rutaceae;Alien;Non-Established;9.61;18.3;61.49;2.5;61;4;9;6;0;0;0;0;0;1;0;0;0;0;0;1;0;1;0;1;-11.5;3;3;6;9;4;0;1;0;0;0;0;1;0;0;1;0;0;0;0;0;0;0;0;0;0;0;0;0;0;0;0;0;0;0;0;0;0;1;0;1;0;0;0;0;1;0;0;0;0;0;0;0;1;0;0;0;0;0;0;0;0;0;1;0;0;0;0;0;0;0;0;0;0;0;0;0;0;0;1
Chrysojasminum_fruticans;Oleaceae;Native;Native;2.31;25.68;79.86;5;10;3;6;4;0;0;0;0;0;1;0;0;0;0;0;1;0;1;0;1;-15;2;4;7;11;5;0;1;0;0;0;0;1;0;0;0;1;0;0;0;0;0;0;0;0;0;0;0;0;0;0;0;0;0;0;0;0;0;1;0;1;0;0;0;0;1;0;0;0;0;0;0;0;1;0;0;0;0;0;0;0;0;0;0;0;0;0;0;0;0;0;0;0;0;0;0;0;0;1;1
Chrysojasminum_humile;Oleaceae;Alien;Non-Established;12.8;28.1;27.28;6;10;3;6;4;0;0;0;0;0;1;0;0;0;0;0;1;0;1;0;1;-9.5;1;2;7;10;4;0;1;0;0;0;0;1;0;0;0;1;0;0;0;0;0;0;0;1;0;0;0;0;0;0;0;0;0;0;0;0;0;1;0;2;0;0;0;0;1;0;0;0;0;0;0;0;1;0;0;0;0;0;0;0;0;0;0;0;0;0;0;0;0;0;0;0;0;0;0;0;0;1;1
Cinnamomum_camphora;Lauraceae;Alien;Non-Established;6.24;18.98;0.12;30;50;4;6;3;0;0;0;0;0;1;0;0;0;0;0;1;0;1;0;1;0;3.5;2.8;9;11;3;1;0;0;0;0;0;1;0;1;0;0;0;0;0;0;0;0;0;0;0;0;0;0;0;0;0;0;0;0;0;0;0;1;0;1;0;0;0;0;0;0;0;1;0;0;0;0;1;0;0;0;0;0;0;0;0;0;0;0;0;0;0;0;0;0;0;0;1;0;0;0;0;0;1
Cistus_albidus;Cistaceae;Native;Native;11.55;17.1;0.98;2;10;3;6;4;1;0;0;0;0;0;0;0;0;0;0;1;0;1;0;1;-6;1;4;6;9;4;0;1;0;0;0;0;1;0;0;1;0;0;0;0;0;0;0;0;0;0;0;0;0;0;0;0;0;0;0;0;0;0;1;0;1;0;0;0;0;1;0;0;0;0;0;0;0;1;0;0;0;0;0;0;0;0;0;1;0;0;0;0;0;0;0;0;0;0;0;0;0;0;0;1
Citrus_maxima;Rutaceae;Alien;Non-Established;14.07;22.77;243.98;10;86;1;6;6;0;0;0;0;0;1;0;0;0;0;0;1;0;1;0;1;0;2.6;1;7;10;4;0;1;0;0;0;0;1;0;1;0;0;0;0;0;0;0;0;1;0;0;0;0;0;0;0;0;0;0;0;0;0;0;0;0;1;0;0;0;0;1;0;0;0;0;0;0;0;1;0;0;0;0;0;0;0;0;0;1;0;0;0;0;0;0;0;0;0;0;0;0;0;0;0;1
Citrus_trifoliata;Rutaceae;Alien;Non-Established;15.4;30.84;147.93;7;10;3;5;3;0;0;0;0;0;1;0;0;0;0;0;1;0;1;0;1;-20;2;3;5;9;5;0;1;0;0;0;0;1;0;1;0;0;0;0;0;0;0;0;0;0;1;0;0;0;0;0;0;0;0;0;0;0;0;0;0;1;0;0;0;0;1;0;0;0;0;0;0;0;1;0;0;0;0;0;0;0;0;0;0;0;0;0;0;0;0;0;0;0;0;0;0;0;0;1;1
Clerodendrum_chinense;Lamiaceae;Alien;Non-Established;11.37;18.91;23.92;2.4;26;7;9;3;1;0;0;0;0;0;0;0;0;0;0;1;0;1;0;1;-8.1;2;3.2;7;9;3;1;0;0;0;0;0;1;0;0;1;0;0;0;0;0;0;0;0;0;0;0;0;0;0;0;0;0;0;0;0;0;0;1;0;1;0;1;0;0;0;0;0;0;0;0;0;0;1;0;0;0;0;0;0;0;0;0;0;0;0;0;0;0;0;0;0;0;1;0;0;0;0;0;1
Coprosma_repens;Rubiaceae;Alien;Non-Established;13.48;19.8;20;3;79;4;4;1;0;0;0;0;0;1;0;0;0;0;0;1;0;1;0;1;0;2;3;8;11;4;0;1;0;0;0;0;1;0;0;1;0;0;0;0;0;0;0;0;0;0;0;0;0;0;0;0;0;0;1;0;0;0;0;0;1;0;0;0;0;0;0;0;0;1;0;0;0;1;0;0;0;0;0;0;0;0;0;1;0;0;0;0;0;0;0;0;0;0;0;0;0;0;0;1
Cordyline_australis;Asparagaceae;Alien;Non-Established;9;20.05;4.11;20;50;7;10;4;0;0;0;0;0;1;0;0;0;0;0;1;0;1;0;1;5;2;2;7;10;4;0;0;0;0;0;1;1;0;0;0;0;0;1;0;0;0;0;0;0;0;0;0;0;0;0;0;0;0;0;0;0;0;1;0;1;0;0;0;0;0;0;0;1;0;0;0;0;1;0;0;0;0;0;0;0;0;0;0;0;0;0;0;1;0;0;0;0;0;0;0;0;0;0;1
Cordyline_indivisa;Asparagaceae;Alien;Non-Established;8.9;18.86;3.75;10;50;7;10;4;0;0;0;0;0;1;0;0;0;0;0;1;0;1;0;1;0;2;3;7;10;4;0;0;0;0;0;1;1;0;0;0;0;0;1;0;0;0;0;0;0;0;0;0;0;0;0;0;0;0;0;0;0;0;1;0;1;0;0;0;0;0;0;0;1;0;0;0;0;1;0;0;0;0;0;0;0;0;0;1;0;0;0;0;0;0;0;0;0;0;0;0;0;0;0;1
Cordyline_rubra;Asparagaceae;Alien;Non-Established;8.69;18.47;14.26;14.11;76;6;9;4;0;0;0;0;0;1;0;0;0;0;0;1;0;1;0;1;10;2.5;2;7;10;4;0;0;0;0;0;1;1;0;0;0;0;0;1;0;0;0;0;0;0;0;0;0;0;0;0;0;0;0;0;0;0;0;1;0;1;0;0;0;0;0;0;0;1;0;0;0;0;1;0;0;0;0;0;0;0;0;0;1;0;0;0;0;0;0;0;0;0;0;0;0;0;0;0;1
Cormus_domestica;Rosaceae;Native;Native;9.9;23.27;20.54;30;600;4;5;2;0;0;0;0;0;1;0;0;0;0;0;1;0;1;0;1;-15;3.5;3.5;6;10;5;1;0;0;0;0;0;1;0;1;0;0;0;0;0;0;0;0;0;1;0;0;0;0;0;0;0;0;0;0;0;0;0;0;0;1;0;0;0;0;0;0;1;0;0;0;0;0;0;1;0;0;0;0;0;0;0;0;0;0;0;0;1;0;0;0;0;0;0;0;0;0;0;0;1
Cornus_alba;Cornaceae;Native;Native;16.45;23.25;43.83;5;10;6;7;2;0;0;0;0;0;1;0;0;0;0;0;1;0;1;0;1;-1;1;3;3;7;5;0;1;0;0;0;0;1;0;1;0;0;0;0;0;0;0;0;0;0;0;0;0;0;0;0;0;0;0;1;0;0;0;0;0;1;0;0;0;0;0;0;0;0;1;0;0;0;0;1;0;0;0;0;0;0;0;0;0;0;0;0;1;0;0;0;0;0;0;0;0;0;0;0;1
Cornus_florida;Cornaceae;Alien;Non-Established;20.13;17.33;111.71;16.8;125;4;5;2;0;0;0;0;0;1;0;0;0;0;0;1;0;1;0;1;-1;4.9;2.9;5;9;5;1;0;0;0;0;0;1;0;1;0;0;0;0;0;0;0;0;0;0;0;0;0;0;0;0;0;0;0;1;0;0;0;0;0;1;0;0;0;0;1;0;0;0;0;0;0;0;0;1;0;0;0;0;0;0;0;0;0;0;0;0;0;0;0;0;0;0;1;0;0;0;0;0;1
Cornus_kousa;Cornaceae;Alien;Non-Established;19.18;14.28;135.1;8.4;10;4;5;2;0;0;0;0;0;1;0;0;0;0;0;1;0;1;0;1;-15;3;1.5;5;8;4;1;1;0;0;0;0;2;0;1;0;0;0;0;0;0;0;0;0;0;0;0;0;0;0;0;0;0;1;0;0;0;0;0;0;1;0;0;0;0;0;0;0;1;0;0;0;0;0;1;0;0;0;0;0;0;0;0;1;0;0;0;0;0;0;0;0;0;0;0;0;0;0;0;1
Cornus_sanguinea;Cornaceae;Native;Native;21;23.09;50.07;6;30;4;6;3;0;0;0;0;1;1;0;0;0;0;0;2;0;1;0;1;-20.6;1.9;3;4;8;5;0;1;0;0;0;0;1;0;1;0;0;0;0;0;0;0;0;0;0;0;0;0;0;0;0;0;0;0;1;0;0;0;0;0;1;0;0;0;0;0;0;0;0;1;0;0;0;0;1;0;0;0;0;0;0;0;0;1;0;0;0;0;0;0;0;0;0;0;0;0;0;0;0;1
Coronilla_valentina;Fabaceae;Alien;Non-Established;18.28;28.71;6.97;0.8;5;3;5;3;0;1;0;0;0;0;0;0;0;0;0;1;0;1;0;1;-5;1.5;4;8;9;2;0;1;0;0;0;0;1;0;0;1;0;0;0;0;0;0;0;0;0;0;0;0;0;0;0;0;0;0;0;0;0;0;0;1;1;0;1;0;0;0;0;0;0;0;0;0;0;1;0;0;0;0;0;0;0;0;0;0;0;0;0;0;0;0;0;1;0;1;0;0;0;0;0;2
Corylus_avellana;Betulaceae;Native;Native;16.25;22.69;987.47;20;120;1;4;4;1;0;0;0;1;0;1;0;0;0;0;3;1;1;0;2;-16;3.5;3;4;8;5;0;1;0;0;0;0;1;0;1;0;0;0;0;0;0;0;0;0;0;0;0;1;0;0;0;0;0;0;0;0;0;1;0;0;2;0;0;0;0;0;1;0;0;0;0;0;0;0;1;0;0;0;0;0;0;0;0;1;0;0;0;0;0;0;0;0;0;0;0;0;0;0;0;1
Corylus_colurna;Betulaceae;Alien;Non-Established;16.53;17.3;1830.84;30;200;2;5;4;1;0;0;0;1;0;1;1;1;0;0;5;1;0;0;1;-26;1.4;3.1;4;7;4;0;0;0;1;0;0;1;1;0;0;0;0;0;0;0;0;0;0;0;0;0;1;0;0;0;0;0;0;0;0;0;1;0;0;2;0;0;0;0;0;1;0;0;0;0;0;0;0;1;0;0;0;0;0;0;0;0;0;0;0;0;0;0;0;0;1;0;1;0;0;0;0;0;2
Cotinus_coggygria;Anacardiaceae;Alien;Non-Established;15.03;18.71;9.3;9;20;6;7;2;0;0;0;0;0;1;0;0;0;0;0;1;1;1;0;2;-15;1.9;3.7;5;8;4;1;0;0;0;0;0;1;0;1;0;0;0;0;0;0;0;0;0;0;0;0;0;0;0;0;0;0;0;0;0;0;0;1;0;1;0;0;0;0;0;0;0;0;1;0;0;0;0;1;0;0;0;0;0;0;0;0;0;0;0;0;0;0;0;0;1;0;1;0;0;0;0;0;2
Cotoneaster_coriaceus;Rosaceae;Alien;Naturalised;11.92;17.86;7.7;4;40;5;6;2;0;0;0;0;0;1;0;0;0;0;0;1;0;1;0;1;-10;2;3.5;5;9;5;0;1;0;0;0;0;1;0;0;1;0;0;0;0;0;0;0;0;1;0;0;0;0;0;0;0;0;0;0;0;0;0;0;0;1;0;0;0;0;0;0;1;0;0;0;0;0;1;0;0;0;0;0;0;0;0;0;0;0;0;0;0;0;0;0;0;0;1;0;0;0;0;0;1
Cotoneaster_horizontalis;Rosaceae;Alien;Non-Established;11.09;20.55;11.18;1.5;5;4;7;4;0;0;0;0;0;1;0;0;0;0;0;1;0;1;0;1;-15;3.4;3.5;5;8;4;1;0;0;0;0;0;1;0;0;0;0;0;0;0;0;1;0;0;0;0;0;0;0;0;0;0;0;0;1;0;0;0;0;0;1;0;0;0;0;0;0;1;0;0;0;0;0;0;0;0;0;0;0;0;0;0;0;1;0;0;0;0;0;0;0;0;0;0;0;0;0;0;0;1
Cotoneaster_pannosus;Rosaceae;Alien;Non-Established;12.19;16.68;40.7;3;40;4;7;4;0;0;0;0;0;1;0;0;0;0;0;1;0;1;0;1;-15.6;2;3;5;8;4;0;1;0;0;0;0;1;0;0;1;0;0;0;0;0;0;0;0;1;0;0;0;0;0;0;0;0;0;0;0;0;0;0;0;1;0;0;0;0;0;0;1;0;0;0;0;0;1;0;0;0;0;0;0;0;0;0;1;0;0;0;0;0;0;0;0;0;0;0;0;0;0;0;1
Cotoneaster_salicifolius;Rosaceae;Alien;Non-Established;14.53;19.67;8.77;5;40;4;7;4;0;0;0;0;0;1;0;0;0;0;0;1;0;1;0;1;-18.4;5;1;5;8;4;1;0;0;0;0;0;1;0;0;0;0;0;0;0;0;1;0;0;1;0;0;0;0;0;0;0;0;0;0;0;0;0;0;0;1;0;0;0;0;0;0;1;0;0;0;0;0;1;0;0;0;0;0;0;0;0;0;0;0;0;0;1;0;0;0;0;0;0;0;0;0;0;0;1
Crataegus_azarolus;Rosaceae;Alien;Naturalised;14.49;19.54;266.8;10;173;3;5;3;0;0;0;0;1;1;0;1;0;0;0;3;0;1;0;1;-20.5;2;4;5;9;5;1;0;0;0;0;0;1;0;0;1;0;0;0;0;0;0;0;0;1;0;0;0;0;0;0;0;0;0;0;0;0;0;0;0;1;0;0;0;0;0;0;1;0;0;0;0;0;0;1;0;0;0;0;0;0;0;0;0;0;0;0;0;0;0;0;0;0;1;0;0;0;0;0;1
Crataegus_laevigata;Rosaceae;Native;Native;20.58;19.23;233.64;12;500;5;6;2;0;0;0;0;1;1;0;1;0;0;0;3;0;1;0;1;-26;2.5;2.9;4;8;5;1;0;0;0;0;0;1;0;1;0;0;0;0;0;0;0;0;0;1;0;0;0;0;0;0;0;0;0;0;0;0;0;0;0;1;0;0;0;0;0;0;1;0;0;0;0;0;0;1;0;0;0;0;0;0;0;0;0;0;0;0;0;0;0;0;0;0;1;1;0;0;0;0;2
Crataegus_monogyna;Rosaceae;Native;Native;11.47;18.15;150.2;10;350;5;6;2;0;0;0;0;1;1;0;1;0;0;0;3;0;1;0;1;-21;1.7;4;4;8;5;1;0;0;0;0;0;1;0;1;0;0;0;0;0;0;0;0;0;1;0;0;0;0;0;0;0;0;0;0;0;0;0;0;0;1;0;0;0;0;0;0;1;0;0;0;0;0;0;1;0;0;0;0;0;0;0;0;0;0;0;0;0;0;0;0;0;0;1;0;0;0;0;0;1
Cryptomeria_japonica;Cupressaceae;Alien;Non-Established;6.44;13.51;3.94;70;500;1;4;4;0;0;0;0;1;1;0;0;0;0;0;2;1;0;0;1;-21;3.2;2.8;5;8;4;0;0;0;0;1;0;1;1;0;0;0;0;0;0;0;0;0;0;0;0;0;1;0;0;0;0;0;0;0;0;0;0;0;0;1;0;0;0;0;0;0;0;0;0;1;0;0;1;0;1;0;0;0;0;0;0;0;0;0;0;0;0;0;0;0;0;0;0;0;0;0;0;0;1
Cupressus_cashmeriana;Cupressaceae;Alien;Non-Established;10.71;27.25;1.7;45;1000;11;3;5;1;0;0;0;0;0;0;0;0;0;0;1;1;0;0;1;0;2;4;7;10;4;0;0;0;0;1;0;1;0;0;0;0;0;0;0;1;0;0;0;0;0;0;1;0;0;0;0;0;0;0;0;0;0;0;0;1;0;0;0;0;0;0;0;0;0;1;0;0;1;0;0;0;0;0;0;0;0;0;0;0;0;0;0;0;0;0;0;0;0;0;0;0;1;0;1
Cupressus_funebris;Cupressaceae;Alien;Non-Established;9.56;11.03;2.73;35;894;3;4;2;1;0;0;0;0;0;0;0;0;0;0;1;1;0;0;1;-9.5;1;4;7;10;4;0;0;0;0;1;0;1;0;0;0;0;0;0;0;1;0;0;0;0;0;0;1;0;0;0;0;0;0;0;0;0;0;0;0;1;0;0;0;0;0;0;0;0;0;1;0;0;1;0;0;0;0;0;0;0;0;0;0;0;0;0;0;0;0;0;0;0;0;0;0;0;1;0;1
Cupressus_sempervirens;Cupressaceae;Alien;Naturalised;17.17;8.07;7.72;35;1000;3;4;2;1;0;1;0;0;0;0;0;0;0;0;2;1;0;0;1;-9.5;1.4;5;7;11;5;0;0;0;0;1;0;1;0;0;0;0;0;0;1;0;0;0;0;0;0;0;1;0;0;0;0;0;0;0;0;0;0;0;0;1;0;0;0;0;0;0;0;0;0;1;0;0;1;0;0;0;0;0;0;0;0;0;0;0;0;0;0;0;0;0;0;0;0;0;0;0;1;0;1
Cycas_circinalis;Cycadaceae;Alien;Non-Established;9.94;18.16;25000;3.5;100;1;2;2;0;0;0;0;0;0;0;1;0;0;0;1;1;0;0;1;0;4;1;10;11;2;0;0;0;0;0;1;1;0;0;0;0;0;1;0;0;0;0;0;0;0;0;0;0;0;0;1;0;0;0;0;0;0;0;0;1;0;0;0;0;0;0;0;1;0;0;0;0;1;0;0;0;0;0;0;0;0;0;0;0;0;0;1;0;0;0;0;0;0;0;0;0;0;0;1
Cycas_revoluta;Cycadaceae;Alien;Non-Established;9.44;17;7749.6;2;100;5;6;2;0;0;0;0;0;0;0;1;0;0;0;1;1;0;0;1;0;3;2;8;11;4;0;0;0;0;0;1;1;0;0;0;0;0;1;0;0;0;0;0;0;0;0;0;0;0;0;1;0;0;0;0;0;0;0;0;1;0;0;0;0;0;0;0;1;0;0;0;0;1;0;0;0;0;0;0;0;0;0;0;0;0;0;1;0;0;0;0;0;0;0;0;0;0;0;1
Cydonia_oblonga;Rosaceae;Alien;Naturalised;15.5;23.05;31.78;8;30;4;6;3;0;0;0;0;0;1;0;0;0;0;0;1;0;1;0;1;-31.5;1.2;3.9;5;9;5;1;0;0;0;0;0;1;0;1;0;0;0;0;0;0;0;0;0;0;1;0;0;0;0;0;0;0;0;0;0;0;0;0;0;1;0;0;0;0;0;0;0;0;0;0;1;0;0;1;0;0;0;0;0;0;0;0;1;0;0;0;0;0;0;0;0;0;0;0;0;0;0;0;1
Cytisus_scoparius;Fabaceae;Native;Native;17.05;28.38;8.18;3;25;5;6;2;0;1;0;0;1;0;0;0;0;1;0;3;0;1;0;1;-25;1.2;3.5;5;9;5;0;1;0;0;0;0;1;0;0;1;0;0;0;0;0;0;0;0;0;0;0;0;0;0;0;0;0;0;0;0;0;0;0;1;1;0;1;0;0;0;0;0;0;0;0;0;0;1;0;0;0;0;0;0;0;0;0;0;0;0;0;0;0;0;0;0;0;0;1;0;0;0;0;1
Dasylirion_acrotrichum;Asparagaceae;Alien;Non-Established;7.95;19.49;502.53;2.5;50;6;7;2;1;0;0;0;0;0;0;0;0;0;0;1;0;1;0;1;-6;1.9;1;7;10;4;0;0;0;0;0;1;1;0;0;0;0;0;1;0;0;0;0;0;0;0;0;0;0;0;0;0;0;0;0;0;0;0;1;0;1;0;0;0;0;0;0;0;1;0;0;0;0;1;0;0;0;0;0;0;0;0;0;0;0;0;0;0;1;0;0;0;0;0;0;0;0;0;0;1
Delairea_odorata;Asteraceae;Alien;Invasive;21.39;26.25;156.3;2;71;9;12;4;1;0;0;0;0;0;0;0;0;0;0;1;0;1;0;1;-5;2;1;7;10;4;1;0;0;0;0;0;1;0;0;0;1;0;0;0;0;0;0;0;0;0;0;0;0;0;0;0;1;0;0;0;0;0;0;0;1;0;0;0;0;0;0;0;1;0;0;0;0;1;0;0;0;0;0;0;0;0;0;0;0;0;0;0;0;1;0;0;0;0;0;0;0;0;0;1
Deutzia_scabra;Hydrangeaceae;Alien;Non-Established;10.8;26.86;0.1;4;25;6;7;2;0;0;0;0;0;1;0;0;0;0;0;1;0;1;0;1;-26;2;1;5;8;4;1;0;0;0;0;0;1;0;0;1;0;0;0;0;0;0;0;0;0;0;0;0;0;0;0;0;0;0;0;0;0;0;1;0;1;0;0;0;0;1;0;0;0;0;0;0;0;0;1;0;0;0;0;0;0;0;0;0;0;0;0;1;0;0;0;0;0;1;0;0;0;0;0;2
Dioon_edule;Zamiaceae;Alien;Non-Established;8.72;15.1;7156.93;2.1;2500;3;6;4;0;0;0;0;0;1;0;0;0;0;0;1;1;0;0;1;-7.2;2.8;2.6;10;11;2;0;0;0;0;0;1;1;0;0;0;0;0;1;0;0;0;0;0;0;0;0;0;0;0;0;1;0;0;0;0;0;0;0;0;1;0;0;0;0;0;0;0;1;0;0;0;0;1;0;0;0;0;0;0;0;0;0;0;0;0;0;0;0;0;0;0;0;1;0;0;0;0;0;1
Diosma_hirsuta;Rutaceae;Alien;Non-Established;3.97;23.37;10.9;0.8;10;1;5;5;0;0;0;0;0;1;0;0;0;0;0;1;0;1;0;1;-5;1;4;7;10;4;0;1;0;0;0;0;1;0;0;1;0;0;0;0;0;0;0;0;0;0;0;0;0;0;0;0;0;0;0;0;0;0;1;0;1;0;0;0;0;1;0;0;0;0;0;0;0;1;0;0;0;0;0;0;0;0;0;0;0;0;0;0;1;0;0;0;0;0;0;0;0;0;0;1
Diospyros_kaki;Ebenaceae;Alien;Naturalised;16.53;21.52;534.7;27;10;5;6;2;0;0;0;0;0;1;0;0;0;0;0;1;0;1;0;1;0;1;2;7;9;3;1;0;0;0;0;0;1;0;1;0;0;0;0;0;0;0;0;0;0;0;0;0;0;0;0;0;0;0;1;0;0;0;0;0;1;0;0;0;0;0;0;0;1;0;0;0;0;0;1;0;0;0;0;0;0;0;0;1;0;0;0;0;0;0;0;0;0;1;0;0;0;0;0;2
Diospyros_lotus;Ebenaceae;Alien;Naturalised;15.04;19.5;254.98;30;20;6;7;2;0;0;0;0;0;1;0;0;0;0;0;1;0;1;0;1;-26;1;2;7;9;3;1;0;0;0;0;0;1;0;1;0;0;0;0;0;0;0;0;1;0;0;0;0;0;0;0;0;0;0;0;0;0;0;0;0;1;0;0;0;0;0;0;0;0;1;0;0;0;0;1;0;0;0;0;0;0;0;0;0;0;0;0;0;0;0;0;0;0;1;0;0;0;0;0;1
Diospyros_virginiana;Ebenaceae;Alien;Non-Established;23.42;17.78;361.13;24;80;5;6;2;0;0;0;0;0;1;0;0;0;0;0;1;0;1;0;1;-5.4;4.2;1.5;5;9;5;1;0;0;0;0;0;1;0;1;0;0;0;0;0;0;0;0;0;0;0;0;0;0;0;0;0;0;0;1;0;0;0;0;0;1;0;0;0;0;0;0;0;0;1;0;0;0;0;1;0;0;0;0;0;0;0;0;0;0;0;0;0;0;0;0;0;0;1;0;0;0;0;0;1
Dodonaea_viscosa;Sapindaceae;Alien;Non-Established;6.7;35.7;7.3;8;10;5;6;2;0;0;0;0;0;0;0;0;0;1;0;1;0;1;0;1;-7.7;2.5;4.5;7;10;4;1;0;0;0;0;0;1;0;1;0;0;0;0;0;0;0;0;0;0;0;0;0;0;0;0;0;0;0;0;0;0;0;1;0;1;0;0;0;0;1;0;0;0;0;0;0;0;1;0;0;0;0;0;0;0;0;0;0;0;0;0;0;1;0;1;0;0;0;0;0;0;0;0;2
Dolichandra_unguis-cati;Bignoniaceae;Alien;Non-Established;30;22.03;35.96;15;110;6;9;4;1;0;0;0;0;0;0;0;0;0;0;1;0;1;0;1;-8;1;4;6;9;4;1;0;0;0;0;0;1;0;0;0;1;0;0;0;0;0;0;0;0;0;0;0;0;0;0;0;0;0;0;0;0;0;1;0;1;0;0;0;0;1;0;0;0;0;0;0;0;0;1;0;0;1;0;0;0;0;0;0;0;0;0;0;0;0;0;0;0;0;0;0;0;0;0;1
Dracaena_draco;Asparagaceae;Alien;Non-Established;9.81;19.95;344.83;20;300;5;10;6;0;0;0;0;0;1;0;0;0;0;0;1;0;1;0;1;5;2;1;5;9;5;1;1;0;0;0;0;2;0;0;0;0;0;1;0;0;0;0;0;0;0;0;0;0;0;0;0;0;0;0;0;0;0;1;0;1;0;0;0;0;0;0;0;0;1;0;0;0;1;0;0;0;0;0;0;0;0;0;0;0;0;0;0;1;0;0;0;0;0;0;0;0;0;0;1
Elaeagnus_angustifolia;Elaeagnaceae;Alien;Invasive;10.19;39.8;135.65;15;100;5;7;3;0;0;0;0;0;1;0;0;0;0;0;1;0;1;0;1;-23;1.4;4.5;2;7;6;0;0;0;0;0;1;1;0;1;0;0;0;0;0;0;0;0;0;0;0;0;0;0;0;0;0;0;0;1;0;0;0;0;0;1;0;0;0;0;0;1;0;0;0;0;0;0;0;1;0;0;0;0;0;0;0;0;0;0;0;0;1;0;0;0;0;0;0;0;0;0;0;0;1
Elaeagnus_pungens;Elaeagnaceae;Alien;Non-Established;13.54;31.57;16;4;50;11;1;3;0;0;0;0;0;1;0;0;0;0;0;1;0;1;0;1;-15;3;3;6;10;5;1;0;0;0;0;0;1;0;0;1;0;0;0;0;0;0;0;0;0;0;0;0;0;1;0;0;0;0;0;0;0;0;0;0;1;0;0;0;0;0;1;0;0;0;0;0;0;1;0;0;0;0;0;0;0;0;0;0;0;0;0;0;1;0;0;0;0;0;0;0;0;0;0;1
Erythrina_caffra;Fabaceae;Alien;Non-Established;16.65;59.55;153.83;18;135;10;4;7;0;1;0;0;0;0;0;0;0;1;0;2;0;1;0;1;-11.2;1;2;6;9;4;0;0;0;0;0;1;1;0;1;0;0;0;0;0;0;0;0;0;0;0;0;0;0;0;0;0;0;0;0;0;1;0;0;0;1;0;1;0;0;0;0;0;0;0;0;0;0;0;1;0;0;0;0;0;0;0;0;0;0;0;0;0;0;0;0;0;0;0;0;0;0;0;1;1
Erythrina_crista-galli;Fabaceae;Alien;Non-Established;14.77;33.58;358.67;10;83;6;9;4;0;1;0;0;0;1;0;0;0;0;0;2;0;1;0;1;0;1;2;7;10;4;1;0;0;0;0;0;1;0;1;0;0;0;0;0;0;0;0;0;0;0;0;0;0;0;0;0;0;0;0;0;1;0;0;0;1;0;1;0;0;0;0;0;0;0;0;0;0;0;1;0;0;0;0;0;0;0;0;0;0;0;0;0;0;0;0;0;0;0;0;0;0;0;1;1
Erythrostemon_gilliesii;Fabaceae;Alien;Naturalised;13.51;21.52;104.96;11;37;3;7;5;1;0;0;0;0;0;0;1;0;0;0;2;0;1;0;1;-9.5;1;5;7;10;4;0;1;0;0;0;0;1;0;0;1;0;0;0;0;0;0;0;0;0;0;0;0;0;0;0;0;0;0;0;0;1;0;0;0;1;0;1;0;0;0;0;0;0;0;0;0;0;1;0;0;0;0;0;0;0;0;0;1;0;0;0;0;0;0;0;0;0;0;0;0;0;0;0;1
Escallonia_paniculata;Escalloniaceae;Alien;Non-Established;7.98;10.31;165.34;15;198;7;8;2;0;0;0;0;0;1;0;0;0;0;0;1;0;1;0;1;-8.1;2;2.8;7;10;4;0;0;0;0;1;0;1;0;1;0;0;0;0;0;0;0;0;0;0;0;0;0;0;0;0;0;0;0;0;0;0;0;1;0;1;0;0;0;0;1;0;0;0;0;0;0;0;1;0;0;0;0;0;0;0;0;0;0;0;0;0;1;0;0;0;0;0;0;0;0;0;0;0;1
Escallonia_polifolia;Escalloniaceae;Alien;Non-Established;9.39;18.44;35.88;5.77;78;4;6;3;0;0;0;0;0;1;0;0;0;0;0;1;0;1;0;1;-8.1;2.6;2.8;6;9;4;0;1;0;0;0;0;1;0;0;1;0;0;0;0;0;0;0;0;0;0;0;0;0;0;0;0;0;0;0;0;0;0;1;0;1;0;0;0;0;1;0;0;0;0;0;0;0;1;0;0;0;0;0;0;0;0;0;0;0;0;0;1;0;0;0;0;0;0;0;0;0;0;0;1
Escallonia_rubra;Escalloniaceae;Alien;Non-Established;17.33;27.49;0.07;4;35;6;9;4;0;0;0;0;0;1;0;0;0;0;0;1;0;1;0;1;0;1;3;8;11;4;0;1;0;0;0;0;1;0;0;1;0;0;0;0;0;0;0;0;0;0;0;0;0;0;0;0;0;0;0;0;0;0;1;0;1;0;0;0;0;1;0;0;0;0;0;0;0;1;0;0;0;0;0;0;0;0;0;1;0;0;0;0;0;0;0;1;0;1;0;0;0;0;0;3
Eucalyptus_camaldulensis;Myrtaceae;Alien;Invasive;5.16;12.83;1.09;60;1000;2;12;11;1;0;0;0;0;0;0;0;0;0;0;1;0;1;0;1;-4;3;3;8;12;5;0;0;0;0;1;0;1;0;0;0;0;0;0;1;0;0;0;0;0;0;0;0;0;0;0;0;0;0;1;0;0;0;0;0;1;0;0;0;0;1;0;0;0;0;0;0;0;1;0;0;0;0;0;0;0;0;0;0;1;0;0;0;0;0;1;0;0;1;0;0;0;0;0;3
Eucalyptus_diversicolor;Myrtaceae;Alien;Non-Established;4.76;12.05;1.84;90;200;1;12;12;1;0;0;0;0;0;0;0;0;0;0;1;0;1;0;1;-8.2;3;1;8;10;3;0;0;0;0;1;0;1;0;0;0;0;0;0;1;0;0;0;0;0;0;0;0;0;0;0;0;0;0;1;0;0;0;0;0;1;0;0;0;0;1;0;0;0;0;0;0;0;1;0;0;0;0;0;0;0;0;0;0;0;0;0;1;0;0;1;0;0;1;0;0;0;0;0;3
Eucalyptus_globulus;Myrtaceae;Alien;Invasive;13.98;15.69;5.42;90;400;10;1;4;1;0;0;0;0;0;0;0;0;0;0;1;0;1;0;1;-4;1;1;9;11;3;0;0;0;0;1;0;1;0;0;0;0;0;0;1;0;0;0;0;0;0;0;0;0;0;0;0;0;0;0;0;0;0;1;0;1;0;0;0;0;1;0;0;0;0;0;0;0;1;0;0;0;0;0;0;0;0;0;1;1;0;0;1;0;0;1;0;0;1;0;0;0;0;0;3
Eucalyptus_gunnii;Myrtaceae;Alien;Naturalised;10.39;17.67;2.4;40;200;5;9;5;1;0;0;0;0;0;0;0;0;0;0;1;0;1;0;1;-18;1;3;7;10;4;0;0;0;0;1;0;1;0;0;0;0;0;0;1;0;0;0;0;0;0;0;0;0;0;0;0;0;0;0;0;0;0;1;0;1;0;0;0;0;1;0;0;0;0;0;0;0;1;0;0;0;0;1;0;0;0;0;1;0;0;0;1;0;0;0;0;1;1;0;0;0;0;0;2
Eucalyptus_pauciflora;Myrtaceae;Alien;Non-Established;4.01;11.57;9.41;25;400;6;7;2;1;0;0;0;0;0;0;0;0;0;0;1;0;1;0;1;-9.5;1;3;6;9;4;0;0;0;0;1;0;1;0;0;0;0;0;0;1;0;0;0;0;0;0;0;0;0;0;0;0;0;0;1;0;0;0;0;0;1;0;0;0;0;1;0;0;0;0;0;0;0;1;0;0;0;0;0;0;0;0;0;1;1;0;0;1;0;0;0;0;0;1;0;0;0;0;0;2
Euonymus_alatus;Celastraceae;Alien;Non-Established;24.95;20.48;17.41;3;40;9;11;3;0;0;0;0;1;1;0;0;0;0;0;2;0;1;0;1;-19.1;4.3;2;5;8;4;1;0;0;0;0;0;1;0;0;1;0;0;0;0;0;0;0;0;0;0;0;0;0;0;0;0;0;0;0;0;0;0;0;1;1;0;0;0;0;1;0;0;0;0;0;0;0;0;1;0;0;0;0;0;0;0;0;0;0;0;0;0;0;0;0;1;0;1;0;0;0;0;0;3
Euonymus_europaeus;Celastraceae;Alien;Non-Established;16.03;23.51;34.51;6;100;5;7;3;0;0;0;0;1;1;0;0;0;0;0;2;0;1;0;1;-37;3;3;3;7;5;0;1;0;0;0;0;1;0;1;0;0;0;0;0;0;0;0;0;0;0;0;0;0;0;0;0;0;0;0;0;0;0;1;0;1;0;0;0;0;1;0;0;0;0;0;0;0;0;1;0;0;0;0;0;0;0;0;0;0;0;0;0;0;0;0;1;0;1;0;0;0;0;0;2
Euonymus_fortunei;Celastraceae;Alien;Non-Established;8.02;10.94;13.12;10;98;4;7;4;0;0;0;0;1;1;0;0;0;0;0;2;0;1;0;1;-26;5;1;5;9;5;0;1;0;0;0;0;1;0;0;0;0;0;0;0;0;1;0;0;0;1;0;0;0;0;0;0;0;0;0;0;0;0;0;0;1;0;0;0;0;1;0;0;0;0;0;0;0;0;0;0;0;0;0;0;0;0;0;1;0;0;0;0;0;0;0;0;0;0;0;0;0;0;0;1
Euonymus_japonicus;Celastraceae;Alien;Non-Established;8.53;15.91;33.49;8;200;5;8;4;0;0;0;0;1;1;0;0;0;0;0;2;0;1;0;1;-4;2;3;6;9;4;0;1;0;0;0;0;1;0;0;1;0;0;0;0;0;0;0;0;0;1;0;0;0;0;0;0;0;0;0;0;0;0;0;0;1;0;0;0;0;1;0;0;0;0;0;0;0;1;0;0;0;0;0;0;0;0;0;1;0;0;0;0;0;0;0;0;0;0;0;0;0;0;0;1
Fagus_sylvatica;Fagaceae;Native;Native;12.09;22.32;201.74;45;300;4;5;2;0;0;0;0;1;0;1;1;1;0;0;4;1;0;0;1;-4;4.6;2.4;4;7;4;0;1;0;0;0;0;1;0;1;0;0;0;0;0;0;0;0;0;0;0;0;1;0;0;0;0;0;0;0;0;0;0;0;0;1;0;0;0;0;0;1;0;0;0;0;0;0;0;1;0;0;0;0;0;0;0;0;0;0;0;0;0;0;0;0;0;0;1;0;0;0;0;0;1
Fatsia_japonica;Araliaceae;Alien;Non-Established;24.03;27.12;7.1;6;15;9;11;3;0;0;0;0;1;1;0;1;0;0;0;3;0;1;0;1;0;4;3;7;10;4;0;1;0;0;0;0;1;0;0;1;0;0;0;0;0;0;0;0;0;0;0;0;0;0;0;0;0;0;1;0;0;0;0;0;1;0;0;0;0;0;0;0;0;1;0;0;0;1;0;0;0;0;0;0;0;0;0;0;0;0;0;0;0;0;0;0;0;0;1;0;0;0;0;1
Feijoa_sellowiana;Myrtaceae;Alien;Non-Established;10.69;19.28;1.74;12.9;50;6;8;3;0;0;0;0;0;1;0;0;0;0;0;1;0;1;0;1;-11;2;5;8;11;4;1;0;0;0;0;0;1;0;1;0;0;0;0;0;0;0;0;0;0;0;0;0;0;0;0;0;0;0;0;0;0;0;1;0;1;0;0;0;0;1;0;0;0;0;0;0;0;1;0;0;0;0;0;0;0;0;0;1;0;0;0;0;0;0;0;0;0;0;0;0;0;0;0;1
Ficus_benjamina;Moraceae;Alien;Non-Established;12.73;14.8;25;20;50;3;5;3;0;0;0;0;0;1;0;0;0;0;0;1;0;1;0;1;5;2;2;7;10;4;0;1;0;0;0;0;1;0;1;0;0;0;0;0;0;0;0;0;1;0;0;0;0;0;0;0;0;0;0;0;0;0;0;0;1;0;0;0;0;0;0;1;0;0;0;0;0;1;0;0;0;0;0;0;0;0;0;0;0;0;0;1;0;0;0;0;0;0;0;0;0;0;0;1
Ficus_carica;Moraceae;Alien;Naturalised;16.34;28.52;251.63;12;100;5;10;6;0;0;0;0;0;1;0;0;0;0;0;1;0;1;0;1;-9.5;2;4;6;11;6;0;1;0;0;0;0;1;0;1;0;0;0;0;0;0;0;0;0;0;1;0;0;0;0;0;0;0;0;0;0;0;0;0;0;1;0;0;0;0;0;0;0;0;1;0;0;0;0;1;0;0;0;0;0;0;0;0;0;0;0;0;0;0;0;0;0;0;0;1;0;0;0;0;1
Ficus_elastica;Moraceae;Alien;Non-Established;7.38;16.89;98.04;30;50;4;6;3;0;0;0;0;0;1;0;0;0;0;0;1;0;1;0;1;5;2;3;7;10;4;0;1;0;0;0;0;1;0;1;0;0;0;0;0;0;0;0;0;0;1;0;0;0;0;0;0;0;0;0;0;0;0;0;0;1;0;0;0;0;0;0;0;0;1;0;0;0;1;0;0;0;0;0;0;0;0;0;1;0;0;0;0;0;0;0;0;0;0;0;0;0;0;0;1
Ficus_macrophylla;Moraceae;Alien;Non-Established;7.64;16.9;1.88;50;100;3;4;2;0;0;0;0;0;1;0;0;0;0;0;1;0;1;0;1;0;3;4;9;11;3;0;1;0;0;0;0;1;0;1;0;0;0;0;0;0;0;0;0;0;1;0;0;0;0;0;0;0;0;0;0;0;0;0;0;1;0;0;0;0;0;0;0;0;1;0;0;0;1;0;0;0;0;0;0;0;0;0;0;0;0;0;0;0;0;0;0;0;1;0;0;0;0;0;1
Firmiana_simplex;Malvaceae;Alien;Non-Established;29.38;22;95.88;20;172;5;6;2;0;0;0;0;0;1;0;0;0;0;0;1;0;1;0;1;0;3;1;7;10;4;0;1;1;0;0;0;2;0;1;0;0;0;0;0;0;0;0;0;0;0;0;0;0;0;0;0;0;0;0;0;0;0;1;0;1;0;0;0;0;1;0;0;0;0;0;0;0;0;1;0;0;0;0;0;0;0;0;0;0;0;0;0;0;0;0;0;0;0;1;0;0;0;0;1
Fraxinus_americana;Oleaceae;Alien;Non-Established;23.72;22.77;38.01;40;300;3;5;3;1;0;0;0;0;0;0;0;0;0;0;1;1;0;0;1;-15;2.5;2.4;4;9;6;1;0;0;0;0;0;1;0;1;0;0;0;0;0;0;0;0;0;0;0;0;0;0;0;0;0;0;0;0;0;0;0;1;0;1;0;0;1;0;0;0;0;0;0;0;0;0;0;1;0;0;0;0;0;0;0;0;0;0;0;0;1;0;0;0;0;0;0;0;0;0;0;0;1
Fraxinus_angustifolia;Oleaceae;Native;Native;17.48;26.5;63.66;30;200;12;5;6;1;0;0;0;0;0;0;0;0;0;0;1;1;0;0;1;-20.5;2;1;5;9;5;1;0;0;0;0;0;1;0;1;0;0;0;0;0;0;0;0;0;0;0;0;0;0;0;0;0;0;0;0;0;0;0;1;0;1;0;0;1;0;0;0;0;0;0;0;0;0;0;1;0;0;0;0;0;0;0;0;0;0;0;0;1;0;0;0;0;0;0;0;0;0;0;0;1
Fraxinus_excelsior;Oleaceae;Native;Native;14.9;22.03;64.71;43;250;4;5;2;1;0;0;0;1;0;1;1;1;0;0;5;1;0;0;1;-17;2.7;2.5;5;8;4;1;0;0;0;0;0;1;0;1;0;0;0;0;0;0;0;0;0;0;0;0;1;0;0;0;0;0;0;0;0;0;0;0;0;1;0;0;0;0;0;1;0;0;0;0;0;0;0;1;0;0;0;0;0;0;0;0;0;0;0;0;0;0;0;0;0;0;1;0;0;0;0;0;1
Fraxinus_nigra;Oleaceae;Alien;Non-Established;21.89;23.54;52.87;27;320;3;5;3;1;0;0;0;0;0;0;0;0;0;0;1;1;0;0;1;-39;3;2;4;9;6;1;0;0;0;0;0;1;0;1;0;0;0;0;0;0;0;0;0;1;0;0;0;0;0;0;0;0;0;0;0;0;0;0;0;1;0;0;1;0;0;0;0;0;0;0;0;0;0;1;0;0;0;0;0;0;0;0;0;0;0;0;1;0;0;0;0;0;0;0;0;0;0;0;1
Fraxinus_ornus;Oleaceae;Native;Native;19.32;18.88;36.8;20;200;4;6;3;1;0;0;0;0;0;0;0;0;0;0;1;1;1;0;2;-20.5;3;4.3;5;6;2;0;1;0;0;0;0;1;0;1;0;0;0;0;0;0;0;0;0;0;0;0;1;0;0;0;0;0;0;0;0;0;0;0;0;1;0;0;0;0;0;1;0;0;0;0;0;0;0;1;0;0;0;0;0;0;0;0;0;0;0;0;0;0;0;0;0;0;1;0;0;0;0;0;1
Fraxinus_pennsylvanica;Oleaceae;Alien;Non-Established;17.25;17.13;31.56;48;120;4;5;2;1;0;0;0;0;0;0;0;0;0;0;1;1;0;0;1;-21.4;3.1;3.9;3;9;7;1;0;0;0;0;0;1;0;1;0;0;0;0;0;0;0;0;0;0;0;0;1;0;0;0;0;0;0;0;0;0;0;0;0;1;0;0;0;0;0;1;0;0;0;0;0;0;0;1;0;0;0;0;0;0;0;0;0;0;0;0;0;0;0;0;0;0;1;0;0;0;0;0;1
Gardenia_jasminoides;Rubiaceae;Alien;Non-Established;16.83;13.66;3.6;12;59;5;10;6;0;0;0;0;0;1;0;0;0;0;0;1;0;1;0;1;-5.4;2.5;2;8;10;3;0;1;0;0;0;0;1;0;0;1;0;0;0;0;0;0;0;0;0;0;0;0;0;0;0;0;0;0;1;0;0;0;0;0;1;0;0;0;0;0;0;0;1;0;0;0;0;1;0;0;0;0;0;0;0;0;0;0;0;0;0;0;0;0;0;1;0;1;0;0;0;0;0;2
Ginkgo_biloba;Ginkgoaceae;Alien;Non-Established;16.59;19.38;1495;64;1000;3;4;2;0;0;0;0;0;1;0;0;0;0;0;1;1;0;0;1;-31.5;1.3;4;3;8;6;1;0;0;0;0;0;1;1;0;0;0;0;0;0;0;0;0;0;0;0;0;1;0;0;0;0;0;0;0;0;0;0;0;0;1;1;0;0;0;0;0;0;0;0;0;0;0;0;1;0;0;0;0;0;0;0;0;0;0;0;1;0;0;0;0;0;0;0;0;0;0;0;0;1
Gleditsia_triacanthos;Fabaceae;Alien;Invasive;3.11;24.43;175.18;50;125;6;7;2;0;0;0;0;0;1;0;0;0;0;0;1;0;1;0;1;-10.7;1.6;5;4;8;5;1;1;0;0;0;0;2;0;1;0;0;0;0;0;0;0;0;0;0;0;0;0;0;0;0;0;0;0;0;0;1;0;0;0;1;0;1;0;0;0;0;0;0;0;0;0;0;0;1;0;0;0;0;0;0;0;0;0;0;0;0;1;0;0;0;0;0;0;0;0;0;0;0;1
Grevillea_robusta;Proteaceae;Alien;Naturalised;14.59;21.2;12.95;40;100;4;6;3;0;0;0;0;0;1;0;0;0;0;0;1;0;1;0;1;5;1;3;9;11;3;1;0;0;0;0;0;1;1;0;0;0;0;0;0;0;0;0;0;0;0;0;0;0;0;0;0;0;0;0;0;1;0;0;0;1;0;0;0;0;1;0;0;0;0;0;0;0;1;0;0;0;0;0;0;0;0;0;0;0;0;0;1;0;0;0;0;0;0;0;0;0;0;0;1
Gymnosporia_buxifolia;Celastraceae;Alien;Non-Established;10.64;16.79;10.04;9;100;5;8;4;0;0;0;0;1;1;0;0;0;0;0;2;0;1;0;1;-6.4;2;2.9;6;9;4;0;1;0;0;0;0;1;0;0;1;0;0;0;0;0;0;0;0;0;0;0;0;0;0;0;0;0;0;0;0;0;0;1;0;1;0;0;0;0;1;0;0;0;0;0;0;0;1;0;0;0;0;0;0;0;0;0;1;0;0;0;0;0;0;0;0;0;0;0;0;0;0;0;1
Hamamelis_mollis;Hamamelidaceae;Alien;Non-Established;17.78;20.47;119.18;10;300;9;4;8;0;0;0;0;0;1;0;0;0;0;0;1;0;1;0;1;-20.5;3;2;5;8;4;1;0;0;0;0;0;1;0;0;1;0;0;0;0;0;0;0;0;0;0;0;0;0;0;0;0;0;0;0;0;0;0;1;0;1;0;0;0;0;1;0;0;0;0;0;0;0;0;1;0;0;0;0;0;0;0;0;0;0;0;0;0;0;0;0;1;0;1;0;0;0;0;0;2
Handroanthus_impetiginosum;Bignoniaceae;Alien;Non-Established;9.81;22.71;122.36;5.3;42;7;9;3;1;0;0;0;0;0;0;0;0;0;0;1;0;1;0;1;-9.3;2.1;2.9;6;9;4;0;1;0;0;0;0;1;0;0;0;1;0;0;0;0;0;0;0;0;0;0;0;0;0;0;0;0;0;0;0;0;0;1;0;1;0;0;0;0;1;0;0;0;0;0;0;0;0;1;0;0;0;0;0;0;0;0;0;0;0;0;0;0;0;0;0;0;0;1;0;0;0;0;1
Harpephyllum_afrum;Anacardiaceae;Alien;Non-Established;7.21;12.73;98.67;15;157;5;7;3;0;0;0;0;0;1;0;0;0;0;0;1;0;1;0;1;-4;1;3;8;10;3;1;0;0;0;0;0;1;0;1;0;0;0;0;0;0;0;0;0;0;0;0;0;0;0;0;0;0;0;0;0;0;0;1;0;1;0;0;0;0;1;0;0;0;0;0;0;0;1;0;0;0;0;0;0;0;0;0;0;1;0;0;0;0;0;0;0;0;0;0;0;0;0;0;1
Hedera_canariensis;Araliaceae;Native;Native;5.65;19.29;92.48;10;72;4;6;3;0;0;0;0;1;1;0;1;0;0;0;3;0;1;0;1;-12.9;2.8;2.4;6;9;4;0;1;0;0;0;0;1;0;0;1;0;0;0;0;0;0;0;0;0;0;0;0;0;0;0;0;0;0;0;0;0;0;1;0;1;0;0;0;0;1;0;0;0;0;0;0;0;0;1;0;0;0;0;0;0;0;0;0;0;0;0;0;0;0;1;0;0;0;0;0;0;0;0;1
Hedera_helix;Araliaceae;Native;Native;12.19;16.28;22.24;30;450;9;3;7;0;0;0;0;1;1;0;1;0;0;0;3;0;1;0;1;-26;4;2.5;5;11;7;1;0;0;0;0;0;1;0;0;0;0;0;0;0;0;1;0;0;0;0;0;0;0;0;0;0;0;0;1;0;0;0;0;0;1;0;0;0;0;0;0;0;1;0;0;0;0;1;0;0;0;0;0;0;0;0;0;0;0;0;0;0;0;0;0;0;0;0;1;0;0;0;0;1
Heptapleurum_actinophyllum;Araliaceae;Alien;Non-Established;12.17;15.2;133.7;12;10;6;6;1;0;0;0;0;1;1;0;1;0;0;0;3;0;1;0;1;-7.1;2;3;7;10;4;0;1;0;0;0;0;1;0;0;0;0;0;0;0;0;0;1;0;0;0;0;0;0;0;0;0;0;0;0;0;0;0;1;0;1;0;0;0;0;1;0;0;0;0;0;0;0;1;0;0;0;0;0;0;0;0;0;0;0;0;0;0;0;0;0;0;0;0;1;0;0;0;0;1
Hesperocyparis_arizonica;Cupressaceae;Alien;Naturalised;11.92;51.4;149.11;27;700;12;3;4;1;0;0;0;0;0;0;0;0;0;0;1;1;0;0;1;-15;1.4;4.5;6;9;4;0;0;0;0;1;0;1;1;0;0;0;0;0;0;0;0;0;0;0;0;0;1;0;0;0;0;0;0;0;0;0;0;0;0;1;0;0;0;0;0;0;0;0;0;1;0;0;1;0;0;0;0;0;0;0;0;0;0;0;0;0;0;0;0;0;0;0;0;0;0;0;1;0;1
Hesperocyparis_glabra;Cupressaceae;Alien;Naturalised;12.37;49.77;173.5;24;777;12;3;4;0;0;0;0;1;1;0;0;0;0;0;2;1;0;0;1;-13.5;1.7;3.9;7;10;4;0;0;0;0;1;0;1;1;0;0;0;0;0;0;0;0;0;0;0;0;0;1;0;0;0;0;0;0;0;0;0;0;0;0;1;0;0;0;0;0;0;0;0;0;1;0;0;1;0;0;0;0;0;0;0;0;0;0;0;0;0;0;0;0;0;0;0;0;0;0;0;1;0;1
Hesperocyparis_lusitanica;Cupressaceae;Alien;Naturalised;8.08;39.56;408.13;45;300;9;10;2;0;0;0;0;1;1;0;0;0;0;0;2;1;0;0;1;-12.1;2;3;9;12;4;0;0;0;0;1;0;1;1;0;0;0;0;0;0;0;0;0;0;0;0;0;1;0;0;0;0;0;0;0;0;0;0;0;0;1;0;0;0;0;0;0;0;0;0;1;0;0;1;0;0;0;0;0;0;0;0;0;0;0;0;0;0;0;0;0;0;0;0;0;0;0;1;0;1
Hesperocyparis_macrocarpa;Cupressaceae;Alien;Naturalised;8.56;40.07;53.15;45;1000;2;5;4;1;0;0;0;0;0;0;0;0;0;0;1;1;0;0;1;-12.5;1;4;7;10;4;0;0;0;0;1;0;1;1;0;0;0;0;0;0;0;0;0;0;0;0;0;1;0;0;0;0;0;0;0;0;0;0;0;0;1;0;0;0;0;0;0;0;0;0;1;0;0;1;0;0;0;0;0;0;0;0;0;0;0;0;0;0;0;0;0;0;0;0;0;0;0;1;0;1
Hesperotropsis_leylandii;Cupressaceae;Alien;Non-Established;8.43;43.91;59.95;39.72;917;2;3;2;0;0;0;0;1;1;0;0;0;0;0;2;1;0;0;1;-14.5;2;3;7;10;4;0;0;0;0;1;0;1;1;0;0;0;0;0;0;0;0;0;0;0;0;0;1;0;0;0;0;0;0;0;0;0;0;0;0;1;0;0;0;0;0;0;0;0;0;1;0;0;1;0;0;0;0;0;0;0;0;0;0;0;0;0;0;0;0;0;0;0;0;0;0;0;1;0;1
Hibiscus_rosa-sinensis;Malvaceae;Alien;Naturalised;23.82;21.04;60.34;6;50;5;9;5;0;0;0;0;0;1;0;0;0;0;0;1;0;1;0;1;5;1;3;9;11;3;0;1;0;0;0;0;1;0;0;1;0;0;0;0;0;0;0;0;0;1;0;0;0;0;0;0;0;0;0;0;0;0;0;0;1;0;0;0;0;1;0;0;0;0;0;0;0;1;0;0;0;0;0;0;0;0;0;1;0;0;0;0;0;0;0;0;0;0;0;0;0;0;0;1
Hibiscus_syriacus;Malvaceae;Alien;Non-Established;3.36;23.25;15.6;4;10;5;10;6;0;0;0;0;0;1;0;0;0;0;0;1;0;1;0;1;-26;1;2;5;9;5;0;1;0;0;0;0;1;0;0;1;0;0;0;0;0;0;0;0;0;1;0;0;0;0;0;0;0;0;0;0;0;0;0;0;1;0;0;0;0;1;0;0;0;0;0;0;0;0;1;0;0;0;0;0;0;0;0;0;0;0;0;0;0;0;0;0;0;0;0;0;1;0;0;1
Hippophae_rhamnoides;Elaeagnaceae;Alien;Naturalised;12.97;28.98;55.17;18;209;3;5;3;0;0;0;0;0;1;0;0;0;0;0;1;1;0;0;1;-22.4;1.2;3.5;4;9;6;1;0;0;0;0;0;1;0;1;0;0;0;0;0;0;0;0;0;0;0;0;1;0;0;0;0;0;0;0;0;1;0;0;0;2;0;0;0;0;0;1;0;0;0;0;0;0;0;1;0;0;0;0;0;1;0;0;0;0;0;0;0;0;0;0;0;0;0;0;0;0;0;0;1
Howea_forsteriana;Arecaceae;Alien;Non-Established;8.08;21.24;431.43;50;40;3;5;3;0;0;0;0;0;1;0;0;0;0;0;1;1;0;0;1;-4;1;3;9;11;3;0;0;0;0;0;1;1;0;0;0;0;0;1;0;0;0;0;0;0;0;0;0;0;0;1;0;0;0;0;0;0;0;0;0;1;0;0;0;0;0;0;0;1;0;0;0;0;1;0;0;0;0;0;0;0;0;0;0;0;0;0;0;1;0;0;0;0;0;0;0;0;0;0;1
Hydrangea_macrophylla;Hydrangeaceae;Alien;Naturalised;4.85;25.8;102.51;2.5;10;5;10;6;0;0;0;0;0;1;0;0;0;0;0;1;0;1;0;1;-26;2.9;3;5;9;5;0;1;0;0;0;0;1;0;0;1;0;0;0;0;0;0;0;1;0;0;0;0;0;0;0;0;0;0;0;0;0;0;0;0;1;0;0;0;0;1;0;0;0;0;0;0;0;0;1;0;0;0;0;0;0;0;0;1;0;0;0;0;0;0;0;0;0;0;0;0;0;0;0;1
Ilex_aquifolium;Aquifoliaceae;Native;Native;6.93;15.13;87.66;24;30;5;8;4;0;0;0;0;0;1;0;0;0;0;0;1;0;1;0;1;-15;3.9;3;5;9;5;0;1;0;0;0;0;1;0;0;0;0;0;0;0;0;1;0;0;0;1;0;0;0;0;0;0;0;0;0;0;0;0;0;0;1;0;0;0;0;0;0;0;0;1;0;0;0;1;0;0;0;0;0;0;0;0;0;1;0;0;0;0;0;0;0;0;0;0;0;0;0;0;0;1
Ilex_cassine;Aquifoliaceae;Alien;Non-Established;8.15;15.33;320.38;10;85;4;7;4;0;0;0;0;0;1;0;0;0;0;0;1;0;1;0;1;-10;4;2.5;6;9;4;0;1;0;0;0;0;1;0;1;0;0;0;0;0;0;0;0;0;0;0;0;0;0;0;0;0;0;0;0;0;0;0;1;0;1;0;0;0;0;0;0;0;1;0;0;0;0;1;0;0;0;0;0;0;0;0;0;0;0;0;0;0;0;0;1;0;0;0;0;0;0;0;0;1
Ilex_cornuta;Aquifoliaceae;Alien;Non-Established;9.46;20.7;22.29;10;50;4;6;3;0;0;0;0;0;1;0;0;0;0;0;1;0;1;0;1;-20.5;3;3;7;9;3;1;0;1;0;0;0;2;0;1;0;0;0;0;0;0;0;0;0;0;0;0;0;0;0;0;0;0;0;1;0;0;0;0;0;1;0;0;0;0;0;0;0;0;1;0;0;0;1;0;0;0;0;0;0;0;0;0;0;0;0;0;0;0;0;1;0;0;0;0;0;0;0;0;1
Iochroma_cyaneum;Solanaceae;Alien;Non-Established;15.15;22.97;29.25;3;30;4;11;8;0;1;0;0;1;1;0;0;0;0;0;3;0;1;0;1;5;3;3;7;9;3;0;1;0;0;0;0;1;0;0;1;0;0;0;0;0;0;0;0;0;0;0;0;0;0;0;0;0;0;1;0;0;0;0;0;1;0;0;0;0;1;0;0;0;0;0;0;0;1;0;0;0;0;0;0;0;0;0;0;0;0;0;1;0;0;0;0;0;0;0;0;0;0;0;1
Jacaranda_mimosifolia;Bignoniaceae;Alien;Naturalised;14.08;20.45;11.96;6;200;3;6;4;0;0;0;0;0;1;0;0;0;0;0;1;0;1;0;1;-2.5;3;3;6;9;4;1;0;0;0;0;0;1;0;1;0;0;0;0;0;0;0;0;0;0;0;0;0;0;0;0;0;0;0;0;0;0;0;1;0;1;0;0;0;0;1;0;0;0;0;0;0;0;1;0;0;0;0;0;0;0;0;0;0;0;0;0;0;0;0;0;1;0;1;0;0;0;0;0;2
Jasminum_azoricum;Oleaceae;Alien;Non-Established;12.95;28.64;673.95;6;10;6;7;2;0;0;0;0;0;1;0;0;0;0;0;1;0;1;0;1;-6;1;2;7;10;4;0;1;0;0;0;0;1;0;0;0;1;0;0;0;0;0;0;0;0;0;0;0;0;0;0;0;0;0;0;0;0;0;1;0;1;0;0;0;0;1;0;0;0;0;0;0;0;1;0;0;0;0;0;0;0;0;0;0;0;0;0;0;0;0;0;0;0;0;0;0;0;0;1;1
Jasminum_grandiflorum;Oleaceae;Alien;Non-Established;10.92;19.57;592.67;4;30;6;7;2;0;0;0;0;0;1;0;0;0;0;0;1;0;1;0;1;-9.5;1;2;10;12;3;0;1;0;0;0;0;1;0;0;0;1;0;0;0;0;0;0;0;0;0;0;0;0;0;0;0;0;0;0;0;0;0;1;0;1;0;0;0;0;1;0;0;0;0;0;0;0;1;0;0;0;0;0;0;0;0;0;0;0;0;0;0;0;0;0;0;0;1;0;0;0;0;0;1
Jasminum_nudiflorum;Oleaceae;Alien;Naturalised;7.57;21.86;176.21;5;40;11;3;5;0;0;0;0;0;1;0;0;0;0;0;1;0;1;0;1;-9.5;1;2;6;11;6;0;1;0;0;0;0;1;0;0;0;1;0;0;0;0;0;0;0;0;0;0;0;0;0;0;0;0;0;0;0;0;0;1;0;1;0;0;0;0;1;0;0;0;0;0;0;0;0;1;0;0;0;0;0;0;0;0;0;0;0;0;0;0;0;1;0;0;0;0;0;0;0;0;1
Jasminum_officinale;Oleaceae;Alien;Naturalised;17.2;19.62;37.73;10;30;4;9;6;0;0;0;0;0;1;0;0;0;0;0;1;0;1;0;1;-15;2;3;6;9;4;0;1;0;0;0;0;1;0;0;0;1;0;0;0;0;0;0;0;0;0;0;0;0;0;0;0;0;0;1;0;0;0;0;0;1;0;0;0;0;1;0;0;0;0;0;0;0;0;0;0;0;0;0;0;0;0;0;0;0;0;0;0;0;0;0;0;0;1;0;0;0;0;0;1
Jubaea_chilensis;Arecaceae;Alien;Non-Established;9.86;21.56;7934;35;1000;11;12;2;0;0;0;0;0;1;0;0;0;0;0;1;1;0;0;1;-20;1;4;7;10;4;0;1;0;0;1;0;2;0;0;0;0;0;1;0;0;0;0;0;0;0;0;0;0;0;1;0;0;0;0;0;0;0;0;0;1;0;0;0;0;0;0;0;1;0;0;0;0;1;0;0;0;0;0;0;0;0;0;0;0;0;0;0;1;0;0;0;0;0;0;0;0;0;0;1
Juglans_nigra;Juglandaceae;Alien;Naturalised;11.54;22.99;10769.18;50;200;4;5;2;0;0;0;0;1;1;0;0;0;0;0;2;1;0;0;1;-33;1.9;2.4;4;9;6;1;0;0;0;0;0;1;0;1;0;0;0;0;0;0;0;0;0;0;0;0;1;0;0;0;0;0;0;0;0;0;0;0;0;1;0;0;0;0;0;1;0;0;0;0;0;0;0;1;0;0;0;0;0;0;0;0;0;0;0;0;1;0;0;0;0;0;0;0;0;0;0;0;1
Juglans_regia;Juglandaceae;Alien;Naturalised;15.42;22.24;8968.24;50;250;4;5;2;0;0;0;0;1;1;0;0;0;0;0;2;1;0;0;1;0;2.3;3;7;9;3;1;0;0;0;0;0;1;0;1;0;0;0;0;0;0;0;0;0;0;0;0;1;0;0;0;0;0;0;0;0;1;0;0;0;2;0;0;0;0;0;0;0;0;1;0;0;0;0;1;0;0;0;0;0;0;0;0;1;0;0;0;0;0;0;0;0;0;0;0;0;0;0;0;1
Juniperus_communis;Cupressaceae;Native;Native;9.81;12.1;15;22;700;4;8;5;0;0;0;0;1;1;0;0;0;0;0;2;1;0;0;1;-37.2;1.7;4.4;4;10;7;0;0;0;0;1;0;1;1;0;0;0;0;0;0;0;0;0;0;0;0;0;1;0;0;0;0;0;0;0;0;0;0;0;0;1;0;0;0;0;0;0;0;0;0;1;0;0;1;0;1;0;0;0;0;0;0;0;0;0;0;0;0;0;0;0;0;0;0;0;0;0;0;0;1
Juniperus_horizontalis;Cupressaceae;Alien;Non-Established;10.2;39.2;319.83;1.2;400;2;2;1;0;0;0;0;0;1;0;0;0;0;0;1;1;0;0;1;-41;1;1;4;9;6;0;0;0;0;1;0;1;0;0;0;0;0;0;0;0;1;0;0;0;0;0;1;0;0;0;0;0;0;0;0;0;0;0;0;1;0;0;0;0;0;0;0;0;0;1;0;0;1;0;1;0;0;0;0;0;0;0;0;0;0;0;0;0;0;0;0;0;0;0;0;0;0;0;1
Juniperus_oxycedrus;Cupressaceae;Native;Native;6.74;12.98;22.16;15;120;10;5;8;0;0;0;0;0;1;0;0;0;0;0;1;1;0;0;1;-20.8;2.1;3.2;7;10;4;1;0;0;0;0;0;1;1;0;0;0;0;0;0;0;0;0;0;0;0;0;1;0;0;0;0;0;0;0;0;0;0;0;0;1;0;0;0;0;0;0;0;0;0;1;0;0;1;0;1;0;0;0;0;0;0;0;0;0;0;0;0;0;0;0;0;0;0;0;0;0;0;0;1
Juniperus_phoenicea;Cupressaceae;Native;Native;6.82;9.86;37.04;8;1000;9;2;6;0;0;0;0;0;1;0;0;0;0;0;1;1;0;0;1;-9.5;1;4;6;10;5;0;0;0;0;1;0;1;1;0;0;0;0;0;0;0;0;0;0;0;0;0;1;0;0;0;0;0;0;0;0;0;0;0;0;1;0;0;0;0;0;0;0;0;0;1;0;0;1;0;0;0;0;0;0;0;0;0;0;0;0;0;0;0;0;0;0;0;0;0;0;0;1;0;1
Juniperus_thurifera;Cupressaceae;Native;Native;7.19;15.18;30.5;20;120;1;5;5;0;0;0;0;0;1;0;0;0;0;0;1;1;0;0;1;-25;1;3;5;8;4;1;0;0;0;1;0;2;1;0;0;0;0;0;0;0;0;0;0;0;0;0;1;0;0;0;0;0;0;0;0;0;0;0;0;1;0;0;0;0;0;0;0;0;0;1;0;0;1;0;0;0;0;0;0;0;0;0;0;0;0;0;0;0;0;0;0;0;0;0;0;0;1;0;1
Juniperus_virginiana;Cupressaceae;Alien;Non-Established;2.79;14.76;5.97;40;450;1;3;3;0;0;0;0;0;1;0;0;0;0;0;1;1;0;0;1;-31.5;1.3;4.5;3;9;7;0;0;0;0;1;0;1;1;0;0;0;0;0;0;0;0;0;0;0;0;0;1;0;0;0;0;0;0;0;0;0;0;0;0;1;0;0;0;0;0;0;0;0;0;1;0;0;1;0;0;0;0;0;0;0;0;0;0;0;0;0;0;0;0;0;0;0;0;0;0;0;1;0;1
Justicia_adhatoda;Acanthaceae;Alien;Non-Established;12.05;18.55;37.76;2.5;20;7;9;3;0;0;0;0;0;1;0;0;0;0;0;1;0;1;0;1;-8.9;2;2.7;7;9;3;0;1;0;0;0;0;1;0;0;1;0;0;0;0;0;0;0;0;0;0;0;0;0;0;0;0;0;0;0;0;0;0;1;0;1;0;0;0;0;1;0;0;0;0;0;0;0;1;0;0;0;0;0;0;0;0;0;0;0;0;0;0;0;0;0;0;0;1;0;0;0;0;0;1
Justicia_brandegeeana;Acanthaceae;Alien;Non-Established;12.37;18.65;104.93;1.5;10;1;12;12;0;0;0;0;0;1;0;0;0;0;0;1;0;1;0;1;-10.9;2;3;6;8;3;0;1;0;0;0;0;1;0;0;1;0;0;0;0;0;0;0;0;0;0;0;0;0;0;0;0;0;0;1;0;0;0;0;0;1;0;0;0;0;1;0;0;0;0;0;0;0;1;0;0;0;0;0;0;0;0;0;0;0;0;0;0;0;0;0;0;0;1;0;0;0;0;0;1
Justicia_carnea;Acanthaceae;Alien;Non-Established;11.12;18.05;96.37;1.5;32;1;12;12;0;0;0;0;0;1;0;0;0;0;0;1;0;1;0;1;-7.5;2;2;7;9;3;0;1;0;0;0;0;1;0;0;1;0;0;0;0;0;0;0;0;0;0;0;0;0;0;0;0;0;0;0;1;0;0;0;0;1;0;0;0;0;1;0;0;0;0;0;0;0;1;0;0;0;0;0;0;0;0;0;1;0;0;0;0;0;0;0;0;0;0;0;0;0;0;0;1
Justicia_floribunda;Acanthaceae;Alien;Non-Established;17.65;29.23;73.39;0.8;34;10;6;9;0;0;0;0;0;1;0;0;0;0;0;1;0;1;0;1;-12;1;2;7;9;3;0;1;0;0;0;0;1;0;0;1;0;0;0;0;0;0;0;0;0;0;0;0;0;0;0;0;0;0;0;0;0;0;1;0;1;0;0;0;0;1;0;0;0;0;0;0;0;1;0;0;0;0;0;0;0;0;0;0;0;0;0;0;0;0;1;0;0;0;0;0;0;0;0;1
Kennedia_rubicunda;Fabaceae;Alien;Non-Established;10.57;23.7;24.43;1;58;4;6;3;0;0;0;0;0;1;0;0;0;1;0;2;0;1;0;1;5;3;2;7;9;3;0;1;0;0;0;0;1;0;0;0;1;0;0;0;0;0;0;0;0;0;0;0;0;0;0;0;0;0;0;0;1;0;0;0;1;0;1;0;0;0;0;0;0;0;0;0;0;1;0;0;0;0;0;0;0;0;0;0;0;0;0;0;0;0;1;0;0;1;0;0;0;0;0;2
Kerria_japonica;Rosaceae;Alien;Non-Established;12.15;17.91;13.8;5;40;3;4;2;0;1;0;0;0;1;0;0;0;0;0;2;0;1;0;1;-20;3;3;7;10;4;0;0;0;1;0;0;1;0;0;1;0;0;0;0;0;0;0;0;1;0;0;0;0;0;0;0;0;0;0;0;0;0;0;0;1;0;0;0;0;0;0;1;0;0;0;0;0;1;0;0;0;0;0;0;0;0;0;0;0;0;0;1;0;0;0;0;0;0;0;0;0;0;0;1
Koelreuteria_paniculata;Sapindaceae;Alien;Naturalised;13;24.8;118.29;20;50;7;8;2;0;1;0;0;0;0;0;0;0;0;0;1;0;1;0;1;-10;2.1;4.5;5;8;4;0;0;0;0;0;1;1;0;1;0;0;0;0;0;0;0;0;1;0;0;0;0;0;0;0;0;0;0;0;0;0;0;0;0;1;0;0;0;0;0;0;0;0;1;0;0;0;0;1;0;0;0;0;0;0;0;0;0;0;0;0;0;0;0;1;0;0;0;0;0;0;0;0;1
Kolkwitzia_amabilis;Caprifoliaceae;Alien;Non-Established;16.78;20.71;51.13;4;34;4;5;2;0;0;0;0;1;1;0;0;0;0;0;2;0;1;0;1;-34;3;2;4;8;5;1;0;0;0;0;0;1;0;0;1;0;0;0;0;0;0;0;0;0;0;0;0;0;1;0;0;0;0;0;0;0;0;0;0;1;0;0;0;0;0;0;0;1;0;0;0;0;0;1;0;0;0;0;0;0;0;0;0;0;0;0;0;0;0;0;0;0;1;0;0;0;0;0;1
Laburnum_anagyroides;Fabaceae;Alien;Naturalised;21.85;32.33;32.05;9;40;5;6;2;1;1;0;0;0;0;0;0;0;0;0;2;0;1;0;1;-15;1;3;4;8;5;0;0;1;0;0;0;1;0;1;0;0;0;0;0;0;0;0;0;0;0;0;0;0;0;0;0;0;0;0;0;1;0;0;0;1;0;1;0;0;0;0;0;0;0;0;0;0;0;1;0;0;0;0;0;0;0;0;0;0;0;0;0;0;0;0;0;0;0;1;0;0;0;0;1
Lagerstroemia_indica;Lythraceae;Alien;Non-Established;15.88;21.7;2.08;15;200;3;5;3;0;1;0;0;0;0;0;0;0;0;0;1;0;1;0;1;-15;2.5;2.9;7;9;3;0;1;0;0;0;0;1;0;1;0;0;0;0;0;0;0;0;0;0;1;0;0;0;0;0;0;0;0;0;0;0;0;0;0;1;0;0;0;0;1;0;0;0;0;0;0;0;0;1;0;0;0;0;0;0;0;0;1;0;0;0;0;0;0;0;0;0;0;0;0;0;0;0;1
Lagunaria_patersonia;Malvaceae;Alien;Naturalised;20.62;21.67;48.2;15;50;4;6;3;0;0;0;0;0;1;0;0;0;0;0;1;0;1;0;1;0;1;3;8;10;3;1;0;0;0;0;0;1;1;0;0;0;0;0;0;0;0;0;0;0;0;0;0;0;0;0;0;0;0;0;0;1;0;0;0;1;0;0;0;0;1;0;0;0;0;0;0;0;1;0;0;0;0;0;0;0;0;0;0;0;0;0;1;0;0;0;0;0;0;0;0;0;0;0;1
Lantana_camara;Verbenaceae;Alien;Invasive;18.14;25.23;10.38;4.5;44;6;10;5;0;0;0;0;0;1;0;0;0;0;0;1;0;1;0;1;-12.3;1.9;3.1;6;9;4;0;1;0;0;0;0;1;0;0;1;0;0;0;0;0;0;0;0;0;0;0;0;0;0;0;0;0;0;0;0;0;0;0;1;1;0;0;0;0;0;0;0;0;1;0;0;0;1;0;0;0;0;0;0;0;0;0;0;0;0;0;0;1;0;1;0;0;0;0;0;0;0;0;2
Lantana_montevidensis;Verbenaceae;Alien;Naturalised;11.24;19.45;84.06;3;5;3;10;8;0;0;0;0;0;0;0;0;0;0;0;0;0;1;0;1;0;3;2;7;10;4;0;1;0;0;0;0;1;0;0;0;0;0;0;0;0;1;0;0;0;0;0;0;0;0;0;0;0;0;0;0;0;0;1;0;1;0;0;0;0;1;0;0;0;0;0;0;0;1;0;0;0;0;0;0;0;0;0;0;0;0;0;0;0;0;0;0;0;1;0;0;0;0;0;1
Laurus_nobilis;Lauraceae;Native;Native;8.64;16.63;322.06;20;30;2;4;3;0;0;0;0;0;1;0;0;0;0;0;1;0;1;0;1;-10;3;3;8;10;3;0;1;0;0;0;0;1;0;0;0;0;1;0;0;0;0;0;1;0;0;0;0;0;0;0;0;0;0;0;0;0;0;0;0;1;0;0;0;0;0;0;0;0;1;0;0;0;1;0;0;0;0;0;0;0;0;0;0;0;0;0;0;0;0;0;0;0;1;0;0;0;0;0;1
Lavandula_angustifolia;Lamiaceae;Native;Native;26.6;28.45;1.08;2;35;7;10;4;1;0;0;0;0;0;0;0;0;0;0;1;0;1;0;1;-26;1;4;5;8;4;1;0;0;0;0;0;1;0;0;1;0;0;0;0;0;0;0;0;0;0;0;0;0;0;0;0;0;0;0;0;0;0;1;0;1;0;0;0;1;0;0;0;0;0;0;0;0;1;0;0;0;0;0;0;0;0;0;0;0;0;0;1;0;0;0;0;0;0;0;0;0;0;0;1
Lavandula_dentata;Lamiaceae;Native;Native;12.6;24.6;0.27;1;10;5;6;2;0;0;1;0;1;1;0;0;0;0;0;3;0;1;0;1;-11.7;1.8;3.6;6;9;4;1;0;0;0;0;0;1;0;0;1;0;0;0;0;0;0;0;0;0;0;0;0;0;0;0;0;0;0;0;0;0;0;1;0;1;0;1;0;0;0;0;0;0;0;0;0;0;1;0;1;0;0;0;0;0;0;0;0;0;0;0;0;0;0;0;0;0;0;0;0;0;0;0;1
Lavandula_latifolia;Lamiaceae;Native;Native;15.35;28.12;0.9;1.4;30;6;10;5;1;0;1;0;0;0;0;0;0;0;0;2;0;1;0;1;-11;1.6;3.6;6;9;4;1;0;0;0;0;0;1;0;0;1;0;0;0;0;0;0;0;0;0;0;0;0;0;0;0;0;0;0;0;0;0;0;0;1;1;0;1;0;0;0;0;0;0;0;0;0;0;1;0;0;0;0;0;0;0;0;0;0;0;0;0;0;1;0;0;0;0;0;0;0;0;0;0;1
Lavandula_stoechas;Lamiaceae;Native;Native;10.41;14.75;0.46;0.81;10;3;5;3;1;0;0;0;0;0;0;0;0;0;0;1;0;1;0;1;-11.8;1.9;3.5;6;9;4;0;1;0;0;0;0;1;0;0;1;0;0;0;0;0;0;0;0;0;0;0;0;0;0;0;0;0;0;0;0;0;0;1;0;1;0;1;0;0;0;0;0;0;0;0;0;0;1;0;1;0;0;0;0;0;0;0;0;0;0;0;0;0;0;0;0;0;0;0;0;0;0;0;1
Leonotis_leonurus;Lamiaceae;Alien;Non-Established;14.96;22.23;2.8;1.3;59;7;10;4;1;0;0;0;0;0;0;0;0;0;0;1;0;1;0;1;-11.1;2.2;3.2;6;9;4;0;1;0;0;0;0;1;0;0;1;0;0;0;0;0;0;0;0;0;0;0;0;0;0;0;0;0;0;0;0;0;0;1;0;1;0;0;0;0;0;1;0;0;0;0;0;0;0;0;0;0;0;0;0;0;0;0;0;0;0;0;1;0;0;0;0;0;1;0;0;0;0;0;2
Ligustrum_japonicum;Oleaceae;Alien;Non-Established;5.95;18.35;21.07;12;30;5;7;3;0;0;0;0;0;1;0;0;0;0;0;1;0;1;0;1;-15;5;3;7;10;4;0;1;0;0;0;0;1;0;1;0;0;0;0;0;0;0;0;0;0;0;0;0;0;0;0;0;0;0;0;0;0;0;1;0;1;0;0;0;0;1;0;0;0;0;0;0;0;1;0;0;0;0;0;0;0;0;0;0;0;0;0;0;0;0;1;0;0;0;0;0;0;0;0;1
Ligustrum_lucidum;Oleaceae;Alien;Naturalised;9.75;16.75;30.46;25;25;4;8;5;0;0;0;0;0;1;0;0;0;0;0;1;0;1;0;1;-15;3.5;2.5;8;11;4;0;0;1;0;0;0;1;0;1;0;0;0;0;0;0;0;0;0;0;0;0;0;0;0;0;0;0;0;0;0;0;0;1;0;1;0;0;0;0;1;0;0;0;0;0;0;0;1;0;0;0;0;0;0;0;0;0;1;0;0;0;1;0;0;0;0;0;0;0;0;0;0;0;2
Ligustrum_ovalifolium;Oleaceae;Alien;Naturalised;13.4;17.25;18.5;5;50;5;7;3;0;0;0;0;0;1;0;0;0;0;0;1;0;1;0;1;-26;1.9;3;4;8;5;0;1;0;0;0;0;1;0;0;1;0;0;0;0;0;0;0;0;0;0;0;0;0;0;0;0;0;0;0;1;0;0;0;0;1;0;0;0;0;1;0;0;0;0;0;0;0;0;1;0;0;0;0;0;0;0;0;1;0;0;0;0;0;0;0;0;0;0;0;0;0;0;0;1
Ligustrum_vulgare;Oleaceae;Alien;Non-Established;14.8;16.92;45.43;15;25;6;7;2;0;0;0;0;0;1;0;0;0;0;0;1;0;1;0;1;-31.5;2.3;3.5;4;7;4;0;1;0;0;0;0;1;0;0;1;0;0;0;0;0;0;0;0;0;0;0;0;0;0;0;0;0;0;1;0;0;0;0;0;1;0;0;0;0;0;0;0;0;1;0;0;0;0;1;0;0;0;0;0;0;0;0;0;0;0;0;1;0;0;0;0;0;0;0;0;0;0;0;1
Lilium_candidum;Liliaceae;Alien;Naturalised;8.89;20.29;1.88;1.5;188;6;7;2;0;0;0;0;0;1;0;0;0;0;0;1;1;0;0;1;-3.7;2.1;2.6;7;10;4;0;0;0;0;0;1;1;0;0;0;0;0;1;0;0;0;0;0;0;0;0;0;0;0;0;1;0;0;0;0;0;0;0;0;1;0;0;0;0;0;0;0;1;0;0;0;0;1;0;0;0;0;0;0;0;0;0;0;0;0;0;0;1;0;0;0;0;0;0;0;0;0;0;1
Liquidambar_styraciflua;Altingiaceae;Alien;Non-Established;18.1;15.54;5.18;50;300;3;5;3;1;0;0;0;0;0;0;0;0;0;0;1;1;0;0;1;-15;1.6;2.9;5;9;5;1;0;0;0;0;0;1;0;1;0;0;0;0;0;0;0;0;0;0;0;0;1;0;0;0;0;0;0;0;0;0;0;0;0;1;0;0;0;0;0;0;0;1;0;0;0;0;0;1;0;0;0;0;0;0;0;0;0;0;0;0;0;0;0;0;0;0;0;1;0;0;0;0;1
Liriodendron_tulipifera;Magnoliaceae;Alien;Non-Established;13.16;22.63;31.52;61;250;5;7;3;1;0;0;0;0;1;0;0;0;0;0;2;0;1;0;1;-15;2.1;2.6;4;9;6;1;0;0;0;0;0;1;1;0;0;0;0;0;0;0;0;0;0;0;0;1;0;0;0;0;0;0;0;0;0;0;0;0;0;1;0;0;0;0;0;0;0;1;0;0;0;0;0;1;0;0;0;0;0;0;0;0;0;0;0;0;0;0;0;0;0;1;0;0;0;0;0;0;1
Livistona_australis;Arecaceae;Alien;Non-Established;9.6;19.94;1082.15;22;200;4;6;3;0;0;0;0;0;1;0;0;0;0;0;1;1;0;0;1;-4;1;2;9;11;3;0;0;0;0;0;1;1;0;0;0;0;0;1;0;0;0;0;0;0;0;0;0;0;0;1;0;0;0;0;0;0;0;0;0;1;0;0;0;0;0;0;0;1;0;0;0;0;1;0;0;0;0;0;0;0;0;0;0;0;0;0;0;0;0;0;0;0;0;1;0;0;0;0;1
Livistona_chinensis;Arecaceae;Alien;Non-Established;10.39;19.9;749.81;20;200;4;6;3;0;0;0;0;0;1;0;0;0;0;0;1;1;0;0;1;-8;1;3;9;11;3;0;0;0;0;0;1;1;0;0;0;0;0;1;0;0;0;0;0;0;0;0;0;0;0;1;0;0;0;0;0;0;0;0;0;1;0;0;0;0;0;0;0;1;0;0;0;0;1;0;0;0;0;0;0;0;0;0;0;0;0;0;0;0;0;0;0;0;0;1;0;0;0;0;1
Livistona_decora;Arecaceae;Alien;Non-Established;11.29;19.78;921.01;15;200;4;6;3;0;0;0;0;0;1;0;0;0;0;0;1;1;0;0;1;-6;1;3;4;7;4;0;0;0;0;0;1;1;0;0;0;0;0;1;0;0;0;0;0;0;0;0;0;0;0;1;0;0;0;0;0;0;0;0;0;1;0;0;0;0;0;0;0;1;0;0;0;0;1;0;0;0;0;0;0;0;0;0;0;0;0;0;0;0;0;0;0;0;0;1;0;0;0;0;1
Lonicera_caprifolium;Caprifoliaceae;Native;Native;19.55;14.8;10.52;10;20;5;6;2;0;0;0;0;1;1;0;0;0;0;0;2;0;1;0;1;-28.2;3;2;4;8;5;1;0;0;0;0;0;1;0;0;0;1;0;0;0;0;0;0;0;0;0;0;0;0;0;0;0;0;0;1;0;0;0;0;0;1;0;0;0;0;0;0;0;1;0;0;0;0;0;1;0;0;0;0;0;0;0;0;0;0;0;0;0;0;0;0;0;0;1;0;0;0;0;0;1
Lonicera_fragrantissima;Caprifoliaceae;Alien;Non-Established;16.23;19.58;53.03;2.5;20;2;5;4;0;0;0;0;1;1;0;0;0;0;0;2;0;1;0;1;-27.1;4;2;4;8;5;1;0;0;0;0;0;1;0;0;0;1;0;0;0;0;0;0;0;0;0;0;0;0;0;0;0;1;0;0;0;0;0;0;0;1;0;0;0;0;0;0;0;1;0;0;0;0;0;0;0;0;0;0;0;0;0;0;1;0;0;0;0;0;0;0;0;0;0;0;0;0;0;0;1
Lonicera_japonica;Caprifoliaceae;Alien;Invasive;16.82;18.35;2.79;10;20;5;9;5;0;0;0;0;1;1;0;0;0;0;0;2;0;1;0;1;-31.5;5;3;4;10;7;1;0;0;0;0;0;1;0;0;0;1;0;0;0;0;0;0;0;0;0;0;0;0;0;0;0;0;0;1;0;0;0;0;0;1;0;0;0;0;0;0;0;0;1;0;0;0;0;0;0;0;0;0;0;0;0;0;1;0;0;0;0;0;0;0;0;0;0;0;0;0;0;0;1
Lonicera_pileata;Caprifoliaceae;Alien;Non-Established;14.87;21.3;100.47;5;20;5;8;4;0;0;0;0;1;1;0;0;0;0;0;2;0;1;0;1;-16.2;3.1;2.2;5;9;5;1;0;0;0;0;0;1;0;0;0;1;0;0;0;0;0;0;0;0;0;0;0;0;0;0;0;0;0;0;0;0;0;1;0;1;0;0;0;0;0;0;0;1;0;0;0;0;0;0;0;0;0;0;0;0;0;0;0;0;0;0;0;0;0;0;0;1;0;0;0;0;0;0;1
Lonicera_sempervirens;Caprifoliaceae;Alien;Non-Established;16.74;20.67;61.07;5;20;6;8;3;0;0;0;0;1;1;0;0;0;0;0;2;0;1;0;1;-37;5;1;4;9;6;1;0;0;0;0;0;1;0;0;0;1;0;0;0;0;0;0;0;0;0;0;0;0;0;0;0;1;0;0;0;0;0;0;0;1;0;0;0;0;0;0;0;1;0;0;0;0;1;0;0;0;0;0;0;0;0;0;0;0;0;0;0;0;0;1;0;0;0;0;0;0;0;0;1
Loropetalum_chinense;Hamamelidaceae;Alien;Non-Established;16.51;13.82;19.19;20;100;10;4;7;0;0;0;0;0;1;0;0;0;0;0;1;0;1;0;1;0;3;4;7;10;4;1;0;0;0;0;0;1;0;0;1;0;0;0;0;0;0;0;1;0;0;0;0;0;0;0;0;0;0;0;0;0;0;0;0;1;0;0;0;0;0;0;0;1;0;0;0;0;1;0;0;0;0;0;0;0;0;0;0;0;0;0;0;0;0;0;0;0;1;0;0;0;0;0;1
Maclura_pomifera;Moraceae;Alien;Naturalised;12.81;24.24;32.82;21;100;4;5;2;0;0;0;0;0;1;0;0;0;0;0;1;0;1;0;1;-26;1.5;4.2;4;9;6;0;0;0;0;1;0;1;0;1;0;0;0;0;0;0;0;0;0;0;0;1;0;0;0;0;0;0;0;0;0;1;0;0;0;2;0;0;0;0;0;1;0;0;0;0;0;0;0;1;0;0;0;0;0;0;0;0;0;0;0;0;1;0;0;0;0;0;0;0;0;0;0;0;1
Magnolia_grandiflora;Magnoliaceae;Alien;Non-Established;10.06;19.36;72.22;38;120;6;9;4;0;0;0;0;0;1;0;0;0;0;0;1;0;1;0;1;5.4;4.5;2.9;6;10;5;0;1;0;0;0;0;1;0;1;0;0;0;0;0;0;0;0;1;0;0;0;0;0;0;0;0;0;0;0;0;0;0;0;0;1;0;0;0;0;0;0;0;1;0;0;0;0;1;0;0;0;0;0;0;0;0;0;1;0;0;0;0;0;0;0;0;0;0;0;0;0;0;0;1
Magnolia_virginiana;Magnoliaceae;Alien;Non-Established;13.87;24.84;59.82;30;50;7;9;3;0;0;0;0;0;1;0;0;0;0;0;1;0;1;0;1;-2.9;3;1.5;4;8;5;0;1;0;0;0;0;1;0;1;0;0;0;0;0;0;0;0;0;0;0;0;0;0;0;0;0;0;0;0;0;1;0;0;0;1;0;0;0;0;0;0;0;1;0;0;0;0;1;0;0;0;0;0;0;0;0;0;1;0;0;0;0;0;0;0;0;0;0;0;0;0;0;0;1
Mahonia_aquifolium;Berberidaceae;Alien;Naturalised;8.65;17.89;11.78;2;10;4;6;3;0;0;0;0;0;1;0;0;0;0;0;1;0;1;0;1;-29;3.2;3.9;4;8;5;1;0;0;0;0;0;1;0;0;1;0;0;0;0;0;0;0;0;0;0;0;0;0;0;0;0;0;0;0;0;1;0;0;0;1;0;0;0;0;0;0;0;1;0;0;0;0;1;0;0;0;0;0;0;0;0;0;0;0;0;0;0;0;0;0;0;0;1;0;0;0;0;0;1
Mahonia_bealei;Berberidaceae;Alien;Non-Established;11.06;18.14;21.8;3;5;3;4;2;0;0;0;0;0;1;0;0;0;0;0;1;0;1;0;1;-20.5;4;2;7;8;2;1;0;0;0;0;0;1;0;0;1;0;0;0;0;0;0;0;0;0;0;0;0;0;0;0;0;0;0;0;0;1;0;0;0;1;0;0;0;0;0;0;0;1;0;0;0;0;1;0;0;0;0;0;0;0;0;0;0;0;0;0;0;0;0;0;0;0;1;0;0;0;0;0;1
Malus_domestica;Rosaceae;Alien;Naturalised;16.96;20.66;183.83;15;50;3;7;5;0;0;0;0;0;1;0;0;0;0;0;1;0;1;0;1;-12.5;1.9;3;3;8;6;0;0;1;0;0;0;1;0;1;0;0;0;0;0;0;0;0;0;1;0;0;0;0;0;0;0;0;0;0;0;0;0;0;0;1;0;0;0;0;0;0;1;0;0;0;0;0;0;1;0;0;0;0;0;0;0;0;1;0;0;0;0;0;0;0;0;0;0;0;0;0;0;0;1
Malus_sylvestris;Rosaceae;Alien;Non-Established;11.78;21.87;23.88;19;100;4;5;2;0;0;0;0;0;1;0;0;0;0;0;1;0;1;0;1;-31.5;2.3;3.2;4;8;5;0;0;1;0;0;0;1;0;1;0;0;0;0;0;0;0;0;0;1;0;0;0;0;0;0;0;0;0;0;0;0;0;0;0;1;0;0;0;0;0;0;1;0;0;0;0;0;0;1;0;0;0;0;0;0;0;0;0;0;0;0;0;0;0;0;0;0;1;0;0;0;0;0;1
Malvaviscus_arboreus;Malvaceae;Alien;Non-Established;30.6;26.53;154;3;30;3;11;9;0;0;0;0;0;1;0;0;0;0;0;1;0;1;0;1;5;1;2;5;9;5;0;1;0;0;0;0;1;0;0;1;0;0;0;0;0;0;0;0;0;1;0;0;0;0;0;0;0;0;0;0;0;0;0;0;1;0;0;0;0;1;0;0;0;0;0;0;0;1;0;0;0;0;0;0;0;0;0;0;0;0;0;0;1;0;0;0;0;1;0;0;0;0;0;2
Malvaviscus_penduliflorus;Malvaceae;Alien;Non-Established;20;24.9;120.43;3;30;1;12;12;0;0;0;0;0;1;0;0;0;0;0;1;0;1;0;1;-17.4;2;3;4;8;5;0;1;0;0;0;0;1;0;0;1;0;0;0;0;0;0;0;0;0;1;0;0;0;0;0;0;0;0;0;0;0;0;0;0;1;0;0;0;0;1;0;0;0;0;0;0;0;1;0;0;0;0;0;0;0;0;0;0;0;0;0;0;0;0;0;0;0;1;0;0;0;0;0;1
Melaleuca_citrina;Myrtaceae;Alien;Naturalised;21.82;24.32;0.07;2;60;4;8;5;0;0;0;0;0;1;0;0;0;0;0;1;0;1;0;1;0;1;3;8;11;4;1;0;0;0;0;0;1;0;0;1;0;0;0;0;0;0;0;0;0;0;0;0;0;0;0;1;0;0;0;0;0;0;0;0;1;0;0;0;0;1;0;0;0;0;0;0;0;1;0;0;0;0;0;0;0;0;0;0;0;0;0;0;1;0;1;0;0;0;0;0;0;0;0;2
Melaleuca_glauca;Myrtaceae;Alien;Non-Established;11.45;18.68;133.26;8;40;4;8;5;0;0;0;0;0;1;0;0;0;0;0;1;0;1;0;1;0;1;2;7;10;4;1;0;0;0;0;0;1;0;0;0;0;0;0;0;1;0;0;0;0;0;0;0;0;0;0;0;0;0;0;0;0;0;1;0;1;0;0;0;0;1;0;0;0;0;0;0;0;1;0;0;0;0;0;0;0;0;0;0;0;0;0;1;0;0;0;0;0;0;0;0;0;0;0;1
Melia_azedarach;Meliaceae;Alien;Naturalised;14.01;33.26;398.5;20;100;5;6;2;0;0;0;0;0;1;0;0;0;0;0;1;0;1;0;1;-10;3;2.9;7;12;6;1;0;0;0;0;0;1;0;0;0;0;1;0;0;0;0;0;1;0;0;0;0;0;0;0;0;0;0;0;0;0;0;0;0;1;0;0;0;0;0;0;0;0;1;0;0;0;0;1;0;0;0;0;0;0;0;0;0;0;0;0;0;0;0;0;0;0;1;0;0;0;0;0;1
Melissa_officinalis;Lamiaceae;Alien;Naturalised;19.61;26.81;0.6;0.9;35;6;8;3;0;0;1;0;1;1;0;0;0;0;0;3;0;1;0;1;-12.7;1.6;3.4;6;9;4;1;0;0;0;0;0;1;0;0;1;0;0;0;0;0;0;0;0;0;0;0;0;0;0;0;0;0;0;0;0;0;0;1;0;1;0;1;0;0;0;0;0;0;0;0;0;0;1;0;0;0;0;0;0;0;0;0;0;0;0;0;0;0;1;0;0;0;0;0;0;0;0;0;1
Mespilus_germanica;Rosaceae;Alien;Non-Established;24.73;15.14;101.09;10;35;5;6;2;0;0;0;0;0;1;0;0;0;0;0;1;0;1;1;2;-20;2.7;3.9;5;8;4;1;0;0;0;0;0;1;0;1;0;0;0;0;0;0;0;0;0;1;0;0;0;0;0;0;0;0;0;0;0;0;0;0;0;1;0;0;0;0;0;0;1;0;0;0;0;0;0;1;0;0;0;0;0;0;0;0;1;0;0;0;0;0;0;0;0;0;0;0;0;0;0;0;1
Metasequoia_glyptostroboides;Cupressaceae;Alien;Non-Established;10.99;25.04;2.25;65;450;3;5;3;0;0;0;0;1;1;0;0;0;0;0;2;1;0;0;1;-26;3;2.4;5;8;4;1;0;0;0;1;0;2;1;0;0;0;0;0;0;0;0;0;0;0;0;0;1;0;0;0;0;0;0;0;0;0;0;0;0;1;0;0;0;0;0;0;0;0;0;1;0;0;0;1;1;0;0;0;0;0;0;0;0;0;0;0;0;0;0;0;0;0;0;0;0;0;0;0;1
Metrosideros_excelsa;Myrtaceae;Alien;Non-Established;11.18;20.64;0.37;20;600;4;8;5;0;0;0;0;0;1;0;0;0;0;0;1;0;1;0;1;0;1;2;7;10;4;0;0;0;1;0;0;1;0;1;0;0;0;0;0;0;0;0;0;0;0;0;0;0;0;0;0;0;0;0;0;0;0;1;0;1;0;0;0;0;1;0;0;0;0;0;0;0;1;0;0;0;0;0;0;0;0;0;0;0;0;0;1;0;0;0;0;0;0;0;0;0;0;0;1
Montanoa_bipinnatifida;Asteraceae;Alien;Naturalised;33.77;28.8;269.55;12;103;12;1;2;0;1;0;0;0;0;0;0;0;0;0;1;0;1;0;1;-8.7;1;2.7;7;10;4;1;0;0;0;0;0;1;0;0;1;0;0;0;0;0;0;0;0;0;0;0;0;0;0;0;0;0;0;0;0;0;0;1;0;1;0;0;0;0;1;0;0;0;0;0;0;0;1;0;0;0;0;0;0;0;0;0;0;0;0;0;0;0;1;0;0;0;0;0;0;0;0;0;1
Morus_alba;Moraceae;Alien;Naturalised;14.67;22.74;12.09;15;250;4;5;2;0;0;0;0;0;1;0;0;0;0;0;1;0;1;0;1;-7;1.4;2.9;4;9;6;1;0;0;0;0;0;1;0;1;0;0;0;0;0;0;0;0;0;0;1;0;0;0;0;0;0;0;0;0;0;0;0;0;0;1;0;0;0;0;0;0;0;1;0;0;0;0;0;1;0;0;0;0;0;0;0;0;0;0;0;0;0;0;0;0;0;0;1;0;0;0;0;0;1
Morus_indica;Moraceae;Alien;Non-Established;18.49;33.3;1.28;8;250;4;4;1;0;0;0;0;0;1;0;0;0;0;0;1;0;1;0;1;-21.7;2.5;3;5;8;4;0;0;1;0;0;0;1;0;1;0;0;0;0;0;0;0;0;0;0;1;0;0;0;0;0;0;0;0;0;0;0;0;0;0;1;0;0;0;0;0;0;0;0;1;0;0;0;0;1;0;0;0;0;0;0;0;0;0;0;0;0;0;0;0;0;0;0;1;0;0;0;0;0;1
Morus_nigra;Moraceae;Alien;Naturalised;11.16;25.29;3.06;15;1000;3;4;2;0;0;0;0;0;1;0;0;0;0;0;1;0;1;0;1;-18;2;2;5;9;5;1;0;0;0;0;0;1;0;1;0;0;0;0;0;0;0;0;0;0;1;0;0;0;0;0;0;0;0;0;0;0;0;0;0;1;0;0;0;0;0;0;0;1;0;0;0;0;0;1;0;0;0;0;0;0;0;0;0;0;0;0;0;0;0;0;0;0;1;0;0;0;0;0;1
Muehlenbeckia_complexa;Polygonaceae;Alien;Naturalised;38.85;24.16;118.25;10;58;6;9;4;0;0;0;0;1;1;0;0;0;0;0;2;0;1;0;1;-9.5;3;2;7;10;4;1;0;0;0;0;0;1;0;0;0;1;0;0;0;0;0;0;0;0;0;0;0;0;0;0;0;1;0;0;0;0;0;0;0;1;0;0;0;0;0;0;0;1;0;0;0;0;0;1;0;0;0;0;0;0;0;0;0;0;0;0;0;0;0;0;0;0;1;0;0;0;0;0;1
Myoporum_acuminatum;Scrophulariaceae;Alien;Non-Established;17.26;20.63;18.81;4.4;47;9;10;2;0;0;0;0;0;1;0;0;0;0;0;1;0;1;0;1;-12.3;2.3;3;6;9;4;0;1;0;0;0;0;1;0;0;1;0;0;0;0;0;0;0;0;0;0;0;0;0;0;0;0;0;0;0;1;0;0;0;0;1;0;0;0;0;1;0;0;0;0;0;0;0;1;0;0;0;0;0;0;0;0;0;1;0;0;0;0;0;0;0;0;0;0;0;0;0;0;0;1
Myoporum_tenuifolium;Scrophulariaceae;Alien;Invasive;6.01;14.34;6.34;13;80;2;9;8;0;0;0;0;0;1;0;0;0;0;0;1;0;1;0;1;-4;2;3;6;9;4;0;1;0;0;0;0;1;0;1;0;0;0;0;0;0;0;0;0;0;0;0;0;0;0;0;0;0;0;0;0;0;0;1;0;1;0;0;0;0;1;0;0;0;0;0;0;0;1;0;0;0;0;0;0;0;0;0;1;0;0;0;0;0;0;0;0;0;0;0;0;0;0;0;1
Myrsine_africana;Primulaceae;Alien;Non-Established;19.76;12.9;12.16;1.7;10;3;5;3;0;0;0;0;0;1;0;0;0;0;0;1;0;1;0;1;-11.4;2.6;2.8;8;11;4;1;0;0;0;0;0;1;0;0;1;0;0;0;0;0;0;0;0;0;0;0;0;0;0;0;1;0;0;0;0;0;0;0;0;1;0;0;0;0;0;0;0;1;0;0;0;0;1;0;0;0;0;0;0;0;0;0;0;0;0;0;1;0;0;0;0;0;1;0;0;0;0;0;2
Myrtus_communis;Myrtaceae;Native;Native;11.52;14.43;14.02;5;30;5;8;4;0;0;0;0;0;1;0;0;0;0;0;1;0;1;0;1;-9.5;1;1;9;11;3;1;0;0;0;0;0;1;0;0;1;0;0;0;0;0;0;0;0;0;0;0;0;0;0;0;0;0;0;0;0;0;0;1;0;1;0;0;0;0;1;0;0;0;0;0;0;0;1;0;0;0;0;0;0;0;0;0;0;0;0;0;1;0;0;0;0;0;0;0;0;0;0;0;1
Nandina_domestica;Berberidaceae;Alien;Non-Established;10.89;18.34;4.6;2.4;10;7;8;2;0;0;0;0;0;1;0;0;0;0;0;1;0;1;0;1;-16.7;5;1;6;9;4;1;0;0;0;0;0;1;0;0;1;0;0;0;0;0;0;0;0;0;0;0;0;0;0;0;0;0;0;0;0;1;0;0;0;1;0;0;0;0;0;0;0;1;0;0;0;0;1;0;0;0;0;0;0;0;0;0;0;0;0;0;1;0;0;0;0;0;0;0;0;0;0;0;1
Nannorrhops_ritchiana;Arecaceae;Alien;Non-Established;9.94;20.33;2915.81;50;162;4;6;3;0;0;0;0;0;1;0;0;0;0;0;1;1;0;0;1;-9.5;1;4;7;11;5;0;0;0;0;0;1;1;0;0;0;0;0;1;0;0;0;0;0;0;0;0;0;0;0;0;1;0;0;0;0;0;0;0;0;1;0;0;0;0;0;0;0;1;0;0;0;0;1;0;0;0;0;0;0;0;0;0;0;0;1;0;0;0;0;0;0;0;0;0;0;0;0;0;1
Nerium_oleander;Apocynaceae;Native;Native;9.88;16.31;4.74;6;20;4;10;7;0;1;0;0;0;0;0;0;0;0;0;1;0;1;0;1;-9.5;1;5;9;11;3;0;1;0;0;0;0;1;0;0;1;0;0;0;0;0;0;0;0;0;0;0;0;0;0;0;0;0;0;1;0;0;0;0;0;1;0;0;0;0;0;0;0;0;0;0;0;1;1;0;0;0;0;0;0;0;0;0;0;0;0;0;0;1;0;0;0;0;0;0;0;0;0;0;1
Nyssa_sylvatica;Nyssaceae;Alien;Non-Established;16.01;16.51;156.83;40;300;5;6;2;0;0;0;0;0;1;0;0;0;0;0;1;0;1;0;1;-15;2.8;1.5;4;9;6;1;0;0;0;0;0;1;1;0;0;0;0;0;0;0;0;0;1;0;0;0;0;0;0;0;0;0;0;0;0;0;0;0;0;1;0;0;0;0;0;0;0;0;1;0;0;0;0;1;0;0;0;0;0;0;0;0;1;0;0;0;0;0;0;0;0;0;0;0;0;0;0;0;1
Olea_europaea;Oleaceae;Native;Native;4.61;16.84;237.58;20;1000;4;6;3;0;0;0;0;0;1;0;0;0;0;0;1;1;1;0;2;-10;1;5;8;10;3;1;0;0;0;0;0;1;0;1;0;0;0;0;0;0;0;0;0;0;0;0;0;0;0;0;0;0;0;0;0;0;0;1;0;1;0;0;0;0;1;0;0;0;0;0;0;0;1;0;0;0;0;0;0;0;0;0;0;0;0;0;1;0;0;0;0;0;0;0;0;0;0;0;1
Opuntia_ficus-indica;Cactaceae;Alien;Invasive;11.76;19.76;248.07;7;80;4;6;3;0;0;0;0;0;1;0;0;0;0;0;1;0;1;0;1;-19.4;1;5;8;11;4;1;0;0;0;0;0;1;0;0;0;0;1;0;0;0;0;0;0;0;0;0;0;0;0;0;0;1;0;0;0;0;0;0;0;1;0;0;0;0;0;0;0;1;0;0;0;0;1;0;1;0;0;0;0;0;0;0;0;0;0;0;0;0;0;0;0;0;0;0;0;0;0;0;1
Osmanthus_fragrans;Oleaceae;Alien;Non-Established;7.95;14.09;174.95;18;150;6;10;5;0;0;0;0;0;1;0;0;0;0;0;1;0;1;0;1;-15;3;2;8;11;4;0;1;0;0;0;0;1;0;0;1;0;0;0;0;0;0;0;0;0;0;0;0;0;0;0;0;0;0;0;0;0;0;1;0;1;0;0;0;0;1;0;0;0;0;0;0;0;1;0;0;0;0;0;0;0;0;0;0;0;0;0;0;0;0;0;0;0;1;0;0;0;0;0;1
Osmanthus_heterophyllus;Oleaceae;Alien;Non-Established;4.99;16.94;77.98;8;150;9;10;2;0;0;0;0;0;1;0;0;0;0;0;1;0;1;0;1;-19.4;3;1;6;9;4;0;1;0;0;0;0;1;0;0;1;0;0;0;0;0;0;0;0;0;0;0;0;0;0;0;0;0;0;0;0;0;0;1;0;1;0;0;0;0;1;0;0;0;0;0;0;0;1;0;0;0;0;0;0;0;0;0;1;0;0;0;0;0;0;0;0;0;0;0;0;0;0;0;1
Ostrya_carpinifolia;Betulaceae;Alien;Non-Established;10.14;21.85;10.65;20;100;3;6;4;1;0;0;0;0;0;0;0;0;0;0;1;1;0;0;1;-15;3.9;3.1;5;9;5;1;1;0;0;0;0;2;0;1;0;0;0;0;0;0;0;0;0;0;0;0;1;0;0;0;0;0;0;0;0;0;0;0;0;1;0;0;1;0;0;0;0;0;0;0;0;0;0;1;0;0;0;0;0;0;0;0;0;0;0;0;0;0;0;0;0;0;1;0;0;0;0;0;1
Ostrya_virginiana;Betulaceae;Alien;Non-Established;43.6;25;16.04;22;200;4;5;2;1;0;0;0;0;0;0;0;0;0;0;1;1;0;0;1;-38.9;4.6;3.3;3;9;7;0;0;0;1;0;0;1;0;1;0;0;0;0;0;0;0;0;0;0;0;0;1;0;0;0;0;0;0;0;0;0;0;0;0;1;0;0;0;0;0;1;0;0;0;0;0;0;0;1;0;0;0;0;0;0;0;0;0;0;0;0;0;0;0;1;0;0;0;0;0;0;0;0;1
Osyris_alba;Santalaceae;Native;Native;8.36;8.82;107.18;1.5;6;8;10;3;0;0;0;0;0;1;0;0;0;0;0;1;1;1;0;2;-13.1;2.6;3;6;9;4;0;1;0;0;0;0;1;0;0;1;0;0;0;0;0;0;0;0;0;0;0;0;0;0;0;0;0;0;0;0;1;0;0;0;1;0;0;0;0;0;0;0;1;0;0;0;0;1;0;0;0;0;0;0;0;0;0;0;0;0;0;1;0;0;0;0;0;1;0;0;0;0;0;2
Pachygone_laurifolia;Menispermaceae;Alien;Non-Established;1.02;16.97;542.53;9;271;5;6;2;0;0;0;0;0;1;0;0;0;0;0;1;0;1;0;1;-10;1;2;8;11;4;1;0;0;0;0;0;1;0;1;0;0;0;0;0;0;0;0;0;0;0;0;0;0;0;0;0;0;0;0;0;0;0;1;0;1;0;0;0;0;1;0;0;0;0;0;0;0;1;0;0;0;0;0;0;0;0;0;0;0;0;0;0;0;0;0;0;0;1;0;0;0;0;0;1
Pachysandra_terminalis;Buxaceae;Alien;Non-Established;13.16;20.7;67.29;0.5;20;3;6;4;0;0;0;0;0;1;0;0;0;0;0;1;0;1;0;1;-33.3;3.9;2;4;8;5;1;0;0;0;0;0;1;0;0;1;0;0;0;0;0;0;0;0;0;0;0;0;0;0;0;0;0;0;0;0;1;0;0;0;1;0;0;0;0;0;0;0;1;0;0;0;0;1;0;0;0;0;0;0;0;0;0;0;0;0;0;0;0;0;1;0;0;0;0;0;0;0;0;1
Pandanus_utilis;Pandanaceae;Alien;Non-Established;7.81;17.21;5040.87;6;353;5;6;2;0;0;0;0;0;1;0;0;0;0;0;1;1;0;0;1;-3.9;2.3;2.3;10;11;2;0;0;0;0;0;1;1;0;0;0;0;0;1;0;0;0;0;0;0;0;0;0;0;0;0;1;0;0;0;0;0;0;0;0;1;0;0;0;0;0;0;0;1;0;0;0;0;1;0;0;0;0;0;0;0;0;0;0;0;0;0;0;1;0;0;0;0;0;0;0;0;0;0;1
Parajubaea_cocoides;Arecaceae;Alien;Non-Established;8.57;20.76;1895.14;50;105;3;9;7;0;0;0;0;0;1;0;0;0;0;0;1;1;0;0;1;0;1;5;7;9;3;0;0;0;0;0;1;1;0;0;0;0;0;1;0;0;0;0;0;0;0;0;0;0;0;1;0;0;0;0;0;0;0;0;0;1;0;0;0;0;0;0;0;1;0;0;0;0;1;0;0;0;0;0;0;0;0;0;0;0;0;0;0;1;0;0;0;0;0;0;0;0;0;0;1
Parajubaea_torallyi;Arecaceae;Alien;Non-Established;8.36;20.88;1807.81;50;122;3;9;7;0;0;0;0;0;1;0;0;0;0;0;1;1;0;0;1;-7;1;5;7;10;4;0;0;0;0;0;1;1;0;0;0;0;0;1;0;0;0;0;0;0;0;0;0;0;0;1;0;0;0;0;0;0;0;0;0;1;0;0;0;0;0;0;0;1;0;0;0;0;1;0;0;0;0;0;0;0;0;0;0;0;0;0;0;1;0;0;0;0;0;0;0;0;0;0;1
Parkinsonia_aculeata;Fabaceae;Alien;Invasive;15.61;16.38;119.42;12.2;30;4;8;5;1;0;0;0;0;0;0;1;0;0;0;2;0;1;0;1;6.1;1;3;7;10;4;1;0;0;0;0;0;1;0;1;0;0;0;0;0;0;0;0;0;0;0;0;0;0;0;0;0;0;0;0;0;0;0;1;0;1;0;1;0;0;0;0;0;0;0;0;0;0;0;1;0;0;0;0;0;0;0;0;0;0;0;0;0;1;0;0;0;0;1;0;0;0;0;0;2
Parrotia_persica;Hamamelidaceae;Alien;Non-Established;15.56;19.99;759.29;30;80;2;3;2;0;0;0;0;0;1;0;0;0;0;0;1;0;1;0;1;-9.5;2;3;4;8;5;0;0;0;1;0;0;1;1;0;0;0;0;0;0;0;0;0;0;0;0;0;0;0;0;0;0;0;0;0;0;0;0;1;0;1;0;0;0;0;1;0;0;0;0;0;0;0;0;1;0;0;0;0;0;0;0;0;0;0;0;0;0;0;0;1;0;0;0;0;0;0;0;0;1
Parthenocissus_quinquefolia;Vitaceae;Alien;Naturalised;26.79;26;26.09;10;20;7;9;3;0;0;0;0;0;1;0;0;0;0;0;1;0;1;0;1;-33.3;3;5;3;10;8;1;0;0;0;0;0;1;0;0;0;0;0;0;0;0;1;0;0;0;0;0;0;0;0;0;0;0;0;0;0;1;0;0;0;1;0;0;0;0;0;0;0;1;0;0;0;0;0;1;0;0;0;0;0;0;0;0;0;0;0;0;0;0;0;0;0;0;0;1;0;0;0;0;1
Parthenocissus_tricuspidata;Vitaceae;Alien;Naturalised;21.5;16.97;27.93;10;50;7;8;2;0;0;0;0;0;1;0;0;0;0;0;1;0;1;0;1;-38;5;2;4;8;5;1;0;0;0;0;0;1;0;0;0;0;0;0;0;0;1;0;0;0;0;0;0;0;0;0;0;0;0;0;0;1;0;0;0;1;0;0;0;0;0;0;0;1;0;0;0;0;0;1;0;0;0;1;0;0;0;0;0;0;0;0;0;0;0;0;1;0;1;0;0;0;0;0;3
Paulownia_tomentosa;Paulowniaceae;Alien;Naturalised;24.52;21.48;0.2;21;125;4;5;2;1;0;0;0;0;0;0;0;0;0;0;1;0;1;0;1;-4;2;3;6;9;4;1;0;0;0;0;0;1;0;1;0;0;0;0;0;0;0;0;0;0;0;0;0;0;0;0;0;0;0;0;0;0;0;1;0;1;0;0;0;0;1;0;0;0;0;0;0;0;0;1;0;0;0;1;0;0;0;0;0;0;0;0;0;0;0;0;0;0;0;0;0;0;0;0;1
Peltophorum_dubium;Fabaceae;Alien;Non-Established;12.98;22.29;197.35;30;111;7;9;3;1;0;0;0;0;0;0;0;0;0;0;1;0;1;0;1;0;1;3;7;10;4;0;1;0;0;0;0;1;0;1;0;0;0;0;0;0;0;0;0;0;0;0;0;0;0;0;0;0;0;0;0;1;0;0;0;1;0;1;0;0;0;0;0;0;0;0;0;0;0;0;0;0;0;0;0;0;0;0;0;0;0;0;0;0;0;1;0;0;0;0;0;0;0;0;1
Persea_americana;Lauraceae;Alien;Non-Established;14.89;19.39;15307.6;40;212;5;6;2;0;0;0;0;0;1;0;0;0;0;0;1;0;1;0;1;-8.7;2.4;2.7;7;10;4;1;0;0;0;0;0;1;0;1;0;0;0;0;0;0;0;0;0;0;0;0;0;0;0;0;0;0;0;0;0;0;0;1;0;1;0;0;0;0;0;0;0;1;0;0;0;0;1;0;0;0;0;0;0;0;0;0;1;0;0;0;0;0;0;0;0;0;1;0;0;0;0;0;2
Persea_indica;Lauraceae;Alien;Non-Established;9.93;19.51;1004.18;20;50;7;8;2;0;0;0;0;0;1;0;0;0;0;0;1;0;1;0;1;4;3;2;7;10;4;0;0;1;0;0;0;1;0;1;0;0;0;0;0;0;0;0;0;0;0;0;0;0;0;0;0;0;0;0;0;0;0;1;0;1;0;0;0;0;0;0;0;1;0;0;0;0;1;0;0;0;0;0;0;0;0;0;0;0;0;0;0;0;0;1;0;0;0;0;0;0;0;0;1
Philadelphus_coronarius;Hydrangeaceae;Alien;Naturalised;15.06;25.69;0.15;4;10;5;7;3;0;1;0;0;0;0;1;0;0;0;0;2;0;1;0;1;-27;2;1;4;8;5;1;0;0;0;0;0;1;0;0;1;0;0;0;0;0;0;0;0;0;0;0;0;0;0;0;0;0;0;1;0;0;0;0;0;1;0;0;0;0;1;0;0;0;0;0;0;0;0;1;0;0;0;0;0;0;0;0;0;0;0;0;0;0;0;0;0;0;1;0;0;0;0;0;1
Phillyrea_angustifolia;Oleaceae;Native;Native;9.57;16.68;42.56;85;150;4;6;3;0;0;0;0;0;1;0;0;0;0;0;1;0;1;0;1;-12.7;2.4;2.6;6;9;4;1;0;0;0;0;0;1;0;1;0;0;0;0;0;0;0;0;0;0;0;0;0;0;0;0;0;0;0;0;0;0;0;1;0;1;0;0;0;0;1;0;0;0;0;0;0;0;1;0;0;0;0;0;0;0;0;0;0;0;0;0;0;0;0;0;0;0;1;0;0;0;0;0;1
Phillyrea_latifolia;Oleaceae;Native;Native;8.54;15.47;13.58;15;10;4;6;3;0;0;0;0;0;1;0;0;0;0;0;1;0;1;0;1;-15;1;2;6;9;4;0;1;0;0;0;0;1;0;1;0;0;0;0;0;0;0;0;0;0;0;0;0;0;0;0;0;0;0;0;0;0;0;1;0;1;0;0;0;0;1;0;0;0;0;0;0;0;1;0;0;0;0;0;0;0;0;0;0;0;0;0;0;0;0;0;0;0;1;0;0;0;0;0;1
Phoenix_canariensis;Arecaceae;Alien;Non-Established;5.19;20.33;1056;20;100;4;6;3;0;0;0;0;0;1;0;0;0;0;0;1;1;0;0;1;-8;1;3;4;6;3;0;0;0;0;0;1;1;0;0;0;0;0;1;0;0;0;0;0;0;0;0;0;0;0;1;0;0;0;0;0;0;0;0;0;1;0;0;0;0;0;0;0;1;0;0;0;0;1;0;0;0;0;0;0;0;0;0;0;0;0;0;0;1;0;0;0;0;0;0;0;0;0;0;1
Phoenix_dactylifera;Arecaceae;Alien;Naturalised;11.12;20.77;1204.58;30;150;4;6;3;0;0;0;0;0;1;0;0;0;0;0;1;1;0;0;1;-7;1;4;4;7;4;0;0;0;0;0;1;1;0;0;0;0;0;1;0;0;0;0;0;0;0;0;0;0;0;0;1;0;0;0;0;0;0;0;0;1;0;0;0;0;0;0;0;1;0;0;0;0;1;0;0;0;0;0;0;0;0;0;0;0;0;0;0;1;0;1;0;0;0;0;0;0;0;0;2
Phoenix_reclinata;Arecaceae;Alien;Non-Established;10.64;21.18;474.43;50;195;4;6;3;0;0;0;0;0;1;0;0;0;0;0;1;1;0;0;1;-7;3;4;9;11;3;0;0;0;0;0;1;1;0;0;0;0;0;1;0;0;0;0;0;0;0;0;0;0;0;0;1;0;0;0;0;0;0;0;0;1;0;0;0;0;0;0;0;1;0;0;0;0;1;0;0;0;0;0;0;0;0;0;0;0;0;0;0;1;0;1;0;0;0;0;0;0;0;0;2
Phoenix_roebelenii;Arecaceae;Alien;Non-Established;10.87;22.6;140;50;130;6;8;3;0;0;0;0;0;1;0;0;0;0;0;1;1;0;0;1;-3;2;2;5;8;4;0;0;0;0;0;1;1;0;0;0;0;0;1;0;0;0;0;0;0;0;0;0;0;0;1;0;0;0;0;0;0;0;0;0;1;0;0;0;0;0;0;0;1;0;0;0;0;0;1;0;0;0;0;0;0;0;0;0;0;0;0;0;1;0;0;0;0;0;0;0;0;0;0;1
Phoenix_sylvestris;Arecaceae;Alien;Non-Established;8.82;21.59;83.33;16;200;6;8;3;0;0;0;0;0;1;0;0;0;0;0;1;1;0;0;1;-7;3;2;9;11;3;0;0;0;0;0;1;1;0;0;0;0;0;1;0;0;0;0;0;0;0;0;0;0;0;1;0;0;0;0;0;0;0;0;0;1;0;0;0;0;0;0;0;1;0;0;0;0;1;0;0;0;0;0;0;0;0;0;0;0;0;0;0;1;0;0;0;0;0;0;0;0;0;0;1
Photinia_glabra;Rosaceae;Alien;Non-Established;10.43;12;2.9;10;50;4;5;2;0;0;0;0;0;1;0;0;0;0;0;1;0;1;0;1;-15;1;2;7;10;4;0;0;1;0;0;0;1;0;1;0;0;0;0;0;0;0;0;0;1;0;0;0;0;0;0;0;0;0;0;0;0;0;0;0;1;0;0;0;0;0;0;1;0;0;0;0;0;1;0;0;0;0;0;0;0;0;0;1;0;0;0;0;0;0;0;0;0;0;0;0;0;0;0;1
Photinia_serratifolia;Rosaceae;Alien;Non-Established;10.84;8.87;198.53;10;50;3;5;3;0;0;0;0;0;1;0;0;0;0;0;1;0;1;0;1;-15;1;2.7;6;9;4;0;1;0;0;0;0;1;0;1;0;0;0;0;0;0;0;0;0;1;0;0;0;0;0;0;0;0;0;0;0;0;0;0;0;1;0;0;0;0;0;0;1;0;0;0;0;0;1;0;0;0;0;0;0;0;0;0;1;0;0;0;0;0;0;0;0;0;0;0;0;0;0;0;1
Phymosia_umbellata;Malvaceae;Alien;Non-Established;20.64;26.01;4.09;6;34;3;12;10;0;0;0;0;0;1;0;0;0;0;0;1;0;1;0;1;-1.9;2;2.7;7;10;4;0;1;0;0;0;0;1;0;0;1;0;0;0;0;0;0;0;0;0;1;0;0;0;0;0;0;0;0;0;0;0;0;0;0;1;0;0;0;0;1;0;0;0;0;0;0;0;1;0;0;0;0;0;0;0;0;0;0;0;0;0;0;0;0;0;0;0;0;1;0;0;0;0;1
Phytolacca_americana;Phytolaccaceae;Alien;Naturalised;50.1;37.76;6.63;3;50;6;1;8;0;0;0;0;1;1;0;0;0;0;0;2;0;1;0;1;-36.1;4;3;4;8;5;1;0;0;0;0;0;1;0;1;0;0;0;0;0;0;0;0;0;0;0;0;0;0;0;0;0;1;0;0;0;0;0;0;0;1;0;0;0;0;0;0;0;1;0;0;0;0;0;1;0;0;0;0;0;0;0;0;1;0;0;0;0;0;0;0;0;0;0;0;0;0;0;0;1
Phytolacca_dioica;Phytolaccaceae;Alien;Naturalised;25.27;20.12;6.72;20;171;3;4;2;0;0;0;0;1;1;0;0;0;0;0;2;0;1;0;1;-5;2.5;3;8;11;4;1;0;0;0;0;0;1;0;1;0;0;0;0;0;0;0;0;0;0;0;0;0;0;0;0;0;1;0;0;0;0;0;0;0;1;0;0;0;0;0;0;0;1;0;0;0;0;0;1;0;0;0;0;0;0;0;0;0;0;0;0;0;0;0;0;0;0;1;0;0;0;0;0;1
Picea_abies;Pinaceae;Alien;Naturalised;4.71;14.19;6.63;70;1100;10;6;9;1;0;0;0;1;1;0;1;0;0;0;4;1;0;0;1;-40;4.5;1.8;2;7;6;1;0;0;0;0;0;1;1;0;0;0;0;0;0;0;0;0;0;0;0;0;1;0;0;0;0;0;0;0;0;0;0;0;0;1;1;0;0;0;0;0;0;0;0;0;0;0;1;0;1;0;0;0;0;0;0;0;0;0;0;0;0;0;0;0;0;0;0;0;0;0;0;0;1
Picea_glauca;Pinaceae;Alien;Non-Established;17.36;13.03;2.19;60;1000;3;6;4;1;0;0;0;1;1;0;0;0;0;0;3;1;0;0;1;-40;4.2;2.9;2;6;5;1;0;0;0;0;0;1;1;0;0;0;0;0;0;0;0;0;0;0;0;0;1;0;0;0;0;0;0;0;0;0;0;0;0;1;1;0;0;0;0;0;0;0;0;0;0;0;1;0;1;0;0;0;0;0;0;0;0;0;0;0;0;0;0;0;0;0;0;0;0;0;0;0;1
Picea_pungens;Pinaceae;Alien;Non-Established;8.52;13.55;4.39;50;600;4;7;4;1;0;0;0;0;0;0;0;0;0;0;1;1;0;0;1;-37;3.5;2.9;3;7;5;1;0;0;0;0;0;1;1;0;0;0;0;0;0;0;0;0;0;0;0;0;1;0;0;0;0;0;0;0;0;0;0;0;0;1;1;0;0;0;0;0;0;0;0;0;0;0;1;0;1;0;0;0;0;0;0;0;0;0;0;0;0;0;0;0;0;0;0;0;0;0;0;0;1
Pinus_canariensis;Pinaceae;Alien;Naturalised;7.85;12.23;103.17;60;600;3;5;3;1;0;0;0;0;0;0;0;0;0;0;1;1;0;0;1;0;1;1;6;9;4;1;0;0;0;0;0;1;1;0;0;0;0;0;0;0;0;0;0;0;0;0;1;0;0;0;0;0;0;0;0;0;0;0;0;1;1;0;0;0;0;0;0;0;0;0;0;0;1;0;1;0;0;0;0;0;0;0;0;0;0;0;0;0;0;0;0;0;0;0;0;0;0;0;1
Pinus_halepensis;Pinaceae;Native;Native;5.9;12.09;21.71;35;200;3;5;3;1;0;0;0;0;0;0;0;0;0;0;1;1;0;0;1;-9.5;1.4;5;8;11;4;1;0;0;0;0;0;1;0;1;0;0;0;0;0;0;0;0;0;0;0;0;1;0;0;0;0;0;0;0;0;0;0;0;0;1;0;0;0;0;0;0;0;1;0;0;0;0;1;0;1;0;0;0;0;0;0;0;0;0;0;0;0;0;0;0;0;0;0;0;0;0;0;0;1
Pinus_nigra;Pinaceae;Native;Native;4.56;11.94;20.12;50;600;5;6;2;1;0;0;0;0;0;0;0;0;0;0;1;1;0;0;1;-15;2.1;4.4;3;7;5;1;0;0;0;0;0;1;0;1;0;0;0;0;0;0;0;0;0;0;0;0;1;0;0;0;0;0;0;0;0;0;0;0;0;1;1;0;0;0;0;0;0;0;0;0;0;0;1;0;1;0;0;0;0;0;0;0;0;0;0;0;0;0;0;0;0;0;0;0;0;0;0;0;1
Pinus_pinaster;Pinaceae;Native;Native;1.88;11.9;53.19;40;300;5;6;2;1;0;0;0;0;0;0;0;0;0;0;1;1;0;0;1;-9.5;2;4;7;10;4;1;0;0;0;0;0;1;1;0;0;0;0;0;0;0;0;0;0;0;0;0;1;0;0;0;0;0;0;0;0;0;0;0;0;1;1;0;0;0;0;0;0;0;0;0;0;0;1;0;1;0;0;0;0;0;0;0;0;0;0;0;0;0;0;0;0;0;0;0;0;0;0;0;1
Pinus_pinea;Pinaceae;Native;Native;4.35;11.59;735.8;30;250;3;6;4;1;0;0;0;1;0;0;0;0;0;0;2;1;0;0;1;-9.5;1;4;7;11;5;1;0;0;0;0;0;1;0;1;0;0;0;0;0;0;0;0;0;0;0;0;1;0;0;0;0;0;0;0;0;0;0;0;0;1;1;0;0;0;0;0;0;0;0;0;0;0;1;0;1;0;0;0;0;0;0;0;0;0;0;0;0;0;0;0;0;0;0;0;0;0;0;0;1
Pinus_ponderosa;Pinaceae;Alien;Naturalised;15.43;12.21;38.42;75;725;5;6;2;1;0;0;0;0;1;0;0;0;0;0;2;1;0;0;1;-31.5;1.6;4.3;4;8;5;1;0;0;0;0;0;1;0;1;0;0;0;0;0;0;0;0;0;0;0;0;1;0;0;0;0;0;0;0;0;0;0;0;0;1;1;0;0;0;0;0;0;0;0;0;0;0;1;0;1;0;0;0;0;0;0;0;0;0;0;0;0;0;0;0;0;0;0;0;0;0;0;0;1
Pinus_pumila;Pinaceae;Alien;Non-Established;5.6;12.97;45.23;5;566;5;6;2;1;0;0;0;0;0;0;0;0;0;0;1;1;0;0;1;-46;3;3;4;7;4;1;0;0;0;0;0;1;0;1;0;0;0;0;0;0;0;0;0;0;0;0;1;0;0;0;0;0;0;0;0;0;0;0;0;1;1;0;0;0;0;0;0;0;0;0;0;0;1;0;1;0;0;0;0;0;0;0;0;0;0;0;0;0;0;0;0;0;0;0;0;0;0;0;1
Pinus_radiata;Pinaceae;Alien;Naturalised;7.89;15.98;35.48;45;150;3;4;2;1;0;0;0;0;0;0;0;0;0;0;1;1;0;0;1;-12;3;3;3;11;9;1;0;0;0;0;0;1;0;1;0;0;0;0;0;0;0;0;0;0;0;0;1;0;0;0;0;0;0;0;0;0;0;0;0;1;0;0;0;0;0;0;0;1;0;0;0;0;1;0;1;0;0;0;0;0;0;0;0;0;0;0;0;0;0;0;0;0;0;0;0;0;0;0;1
Pinus_roxburghii;Pinaceae;Alien;Non-Established;7.06;18.06;85.24;45;374;2;4;3;1;0;0;0;0;0;0;0;0;0;0;1;1;0;0;1;-4;1;3;8;11;4;1;0;0;0;0;0;1;1;0;0;0;0;0;0;0;0;0;0;0;0;0;1;0;0;0;0;0;0;0;0;0;0;0;0;1;1;0;0;0;0;0;0;0;0;0;0;0;1;0;1;0;0;0;0;0;0;0;0;0;0;0;0;0;0;0;0;0;0;0;0;0;0;0;1
Pinus_strobus;Pinaceae;Alien;Naturalised;10.54;17.09;16.89;80;450;4;5;2;1;0;0;0;0;0;0;0;0;0;0;1;1;0;0;1;-36.1;3.2;2.3;3;7;5;1;0;0;0;0;0;1;1;0;0;0;0;0;0;0;0;0;0;0;0;0;1;0;0;0;0;0;0;0;0;0;0;0;0;1;1;0;0;0;0;0;0;0;0;0;0;0;1;0;1;0;0;0;0;0;0;0;0;0;0;0;0;0;0;0;0;0;0;0;0;0;0;0;1
Pinus_sylvestris;Pinaceae;Native;Native;7.15;14.21;6.31;50;600;5;6;2;1;0;0;0;1;1;0;0;0;0;0;3;1;0;0;1;-45;1.7;4.3;3;7;5;1;0;0;0;0;0;1;1;0;0;0;0;0;0;0;0;0;0;0;0;0;1;0;0;0;0;0;0;0;0;0;0;0;0;1;1;0;0;0;0;0;0;0;0;0;0;0;1;0;1;0;0;0;0;0;0;0;0;0;0;0;0;0;0;0;0;0;0;0;0;0;0;0;1
Pinus_uncinata;Pinaceae;Native;Native;3.87;11.05;8.85;25;551;6;7;2;1;0;0;0;0;0;0;0;0;0;0;1;1;0;0;1;-27.5;1.2;3.9;4;8;5;1;0;0;0;0;0;1;1;0;0;0;0;0;0;0;0;0;0;0;0;0;1;0;0;0;0;0;0;0;0;0;0;0;0;1;1;0;0;0;0;0;0;0;0;0;0;0;1;0;0;0;0;0;0;0;0;0;0;0;0;0;0;0;0;0;0;0;0;0;0;0;1;0;1
Pistacia_lentiscus;Anacardiaceae;Native;Native;12.72;20.87;48.54;8;15;2;5;4;0;0;0;0;0;1;0;0;0;0;0;1;0;1;0;1;-9.5;2;3;8;9;2;1;0;0;0;0;0;1;0;0;1;0;0;0;0;0;0;0;0;0;0;0;0;0;0;0;0;0;0;0;0;0;0;1;0;1;0;0;0;0;1;0;0;0;0;0;0;0;1;0;0;0;0;0;0;0;0;0;0;0;0;0;1;0;0;0;0;0;0;0;0;0;0;0;1
Pistacia_terebinthus;Anacardiaceae;Native;Native;4.86;22.63;128.85;10;20;4;6;3;0;0;0;0;0;1;0;0;0;0;0;1;0;1;0;1;-15;1.2;5;8;11;4;1;0;0;0;0;0;1;0;1;0;0;0;0;0;0;0;0;0;0;0;0;0;0;0;0;0;0;0;0;0;0;0;1;0;1;0;0;0;0;1;0;0;0;0;0;0;0;0;1;0;0;0;0;0;0;0;0;0;0;0;0;0;0;0;1;0;0;0;0;0;0;0;0;1
Pittosporum_coriaceum;Pittosporaceae;Alien;Non-Established;9.88;17.57;46.62;8;100;5;6;2;0;0;0;0;1;1;0;0;0;0;0;2;0;1;0;1;-6.4;2.3;2.6;7;9;3;0;1;0;0;0;0;1;0;0;1;0;0;0;0;0;0;0;0;0;0;0;0;0;0;0;0;0;0;0;0;0;0;1;0;1;0;0;0;0;1;0;0;0;0;0;0;0;1;0;0;0;0;0;0;0;0;0;0;0;0;0;1;0;0;0;0;0;0;0;0;0;0;0;1
Pittosporum_crassifolium;Pittosporaceae;Alien;Non-Established;8.7;16.38;25.35;10;100;5;8;4;0;0;0;0;1;1;0;0;0;0;0;2;0;1;0;1;-4;1;2;7;9;3;0;1;0;0;0;0;1;0;1;0;0;0;0;0;0;0;0;0;0;0;0;0;0;0;0;0;0;0;1;0;0;0;0;0;1;0;0;0;0;0;0;0;0;1;0;0;0;1;0;0;0;0;0;0;0;0;0;0;0;0;0;0;0;0;1;0;0;0;0;0;0;0;0;1
Pittosporum_tenuifolium;Pittosporaceae;Alien;Non-Established;12.03;15.68;10.42;8;100;4;8;5;0;0;0;0;0;1;0;0;0;0;0;1;0;1;0;1;0;3;3;7;10;4;0;1;0;0;0;0;1;0;1;0;0;0;0;0;0;0;0;0;0;0;0;0;0;0;0;0;0;0;0;0;0;0;1;0;1;0;0;0;0;1;0;0;0;0;0;0;0;1;0;0;0;0;0;0;0;0;0;0;0;0;0;0;0;0;0;1;0;1;0;0;0;0;0;2
Pittosporum_tobira;Pittosporaceae;Alien;Naturalised;11.57;18.07;36.71;6.1;30;4;6;3;0;0;0;0;0;1;0;0;0;0;0;1;0;1;0;1;-14;2.8;4;8;11;4;0;1;0;0;0;0;1;0;1;0;0;0;0;0;0;0;0;0;0;0;0;0;0;0;0;0;0;0;0;0;0;0;1;0;1;0;0;0;0;0;0;0;0;1;0;0;0;1;0;0;0;0;0;0;0;0;0;0;0;0;0;0;0;0;0;1;0;1;0;0;0;0;0;2
Pittosporum_truncatum;Pittosporaceae;Alien;Non-Established;9;17.24;41.4;3;100;4;6;3;0;0;0;0;1;1;0;0;0;0;0;2;0;1;0;1;-4;3;3;6;9;4;0;1;0;0;0;0;1;0;0;1;0;0;0;0;0;0;0;0;0;0;0;0;0;0;0;0;0;0;0;0;0;0;1;0;1;0;0;0;0;0;0;0;1;0;0;0;0;1;0;0;0;0;0;0;0;0;0;0;0;0;0;0;0;0;1;0;0;0;0;0;0;0;0;1
Platanus_orientalis;Platanaceae;Alien;Non-Established;7.58;20.1;3.87;30;150;4;5;2;1;0;0;0;0;0;0;0;0;0;0;1;1;0;0;1;-15;3;3.5;6;9;4;0;0;0;1;0;0;1;0;1;0;0;0;0;0;0;0;0;0;0;0;1;0;0;0;0;0;0;0;0;0;0;0;0;0;1;0;0;0;0;0;0;0;1;0;0;0;0;0;1;0;0;0;0;0;0;0;0;0;0;0;0;0;0;0;0;0;0;1;0;0;0;0;0;1
Platycladus_orientalis;Cupressaceae;Alien;Naturalised;6.01;14.02;18.58;20;1000;4;6;3;1;0;0;0;0;0;0;0;0;0;0;1;1;0;0;1;-33.3;2.1;2.9;4;8;5;1;0;0;1;0;0;2;0;1;0;0;0;0;0;0;0;0;0;0;0;0;1;0;0;0;0;0;0;0;0;0;0;0;0;1;0;0;0;0;0;0;0;0;0;1;0;0;1;0;0;0;0;0;0;0;0;0;0;0;0;0;0;0;0;0;0;0;0;0;0;0;1;0;1
Plumbago_auriculata;Plumbaginaceae;Alien;Non-Established;19.23;24.13;184.18;2;51;5;11;7;0;0;0;0;1;1;0;0;0;0;0;2;0;1;0;1;-8.8;2.4;2.1;7;10;4;1;0;0;0;0;0;1;0;0;0;0;0;0;0;0;1;0;0;0;0;0;0;0;0;0;0;1;0;0;0;0;0;0;0;1;0;0;0;0;0;0;0;1;0;0;0;0;1;0;0;0;0;0;0;0;0;0;0;0;0;0;0;0;0;1;0;0;0;0;0;0;0;0;1
Podocarpus_macrophyllus;Podocarpaceae;Alien;Non-Established;7.78;13.89;481.72;20;563;4;5;2;0;0;0;0;0;1;0;0;0;0;0;1;1;0;0;1;-14;3;1;8;11;4;0;0;0;0;1;0;1;1;0;0;0;0;0;0;0;0;0;0;0;0;0;1;0;0;0;0;0;0;0;0;0;0;0;0;1;1;0;0;0;0;0;0;0;0;0;0;0;1;0;0;0;0;0;0;0;0;0;0;0;0;0;0;1;0;0;0;0;0;0;0;0;0;0;1
Podocarpus_neriifolius;Podocarpaceae;Alien;Non-Established;6.84;11.92;1299;30;471;5;6;2;0;0;0;0;0;1;0;0;0;0;0;1;1;0;0;1;-13.9;2;2;9;12;4;0;0;0;0;1;0;1;0;1;0;0;0;0;0;0;0;0;0;0;0;0;1;0;0;0;0;0;0;0;0;0;0;0;0;1;0;0;0;0;0;0;0;1;0;0;0;0;1;0;0;0;0;0;0;0;0;0;0;0;0;0;1;0;0;0;0;0;0;0;0;0;0;0;1
Podranea_ricasoliana;Bignoniaceae;Alien;Non-Established;11.45;18.39;34.89;6;52;5;6;2;0;0;0;0;0;1;0;0;0;0;0;1;0;1;0;1;-2.5;2;1;7;10;4;0;1;0;0;0;0;1;0;0;0;1;0;0;0;0;0;0;0;0;0;0;0;0;0;0;0;0;0;0;0;0;0;1;0;1;0;0;0;0;1;0;0;0;0;0;0;0;1;0;0;0;0;0;0;0;0;0;1;0;0;0;0;0;0;0;0;0;0;0;0;0;0;0;1
Polygala_myrtifolia;Polygalaceae;Alien;Non-Established;19.39;24.03;5.43;0.39;10;7;2;8;0;0;0;0;0;1;0;0;0;0;0;1;1;0;0;1;-20.2;2.5;2.9;3;9;7;0;1;0;0;0;0;1;0;0;1;0;0;0;0;0;0;0;0;0;0;0;0;0;0;0;0;0;0;0;0;1;0;0;0;1;0;0;0;0;1;0;0;0;0;0;0;0;1;0;0;0;0;0;0;0;0;0;1;0;0;0;0;0;0;0;0;0;0;0;0;0;0;0;1
Populus_alba;Salicaceae;Native;Native;11.94;23.74;0.12;40;400;3;6;4;1;0;0;0;0;0;1;0;0;0;0;2;1;0;0;1;-15;2.3;2.7;3;9;7;0;1;1;0;0;0;2;0;0;0;0;0;0;1;0;0;0;0;0;0;0;1;0;0;0;0;0;0;0;0;0;0;0;0;1;0;0;0;0;1;0;0;0;0;0;0;0;0;1;0;0;0;0;0;0;0;0;0;0;0;0;0;0;0;0;0;0;0;1;0;0;0;0;1
Populus_deltoides;Salicaceae;Alien;Naturalised;12.93;26.48;1.25;58;100;3;4;2;1;0;0;0;0;0;0;1;0;0;0;2;1;0;0;1;-18;1.8;1.6;3;9;7;1;0;0;0;0;0;1;0;0;0;0;0;0;1;0;0;0;0;0;0;0;1;0;0;0;0;0;0;0;0;0;0;0;0;1;0;0;0;0;1;0;0;0;0;0;0;0;0;1;0;0;0;0;0;0;1;0;0;0;0;0;0;0;0;0;0;0;0;0;0;0;0;0;1
Populus_nigra;Salicaceae;Native;Native;13.49;21.63;0.74;57.9;300;2;4;3;1;1;0;0;0;0;1;1;0;0;0;4;1;0;0;1;-50;2.5;2.2;3;9;7;1;0;0;0;0;0;1;0;0;0;0;0;0;1;0;0;0;0;0;0;0;1;0;0;0;0;0;0;0;0;0;0;0;0;1;0;0;0;0;1;0;0;0;0;0;0;0;0;1;0;0;0;0;0;0;1;0;0;0;0;0;0;0;0;0;0;0;0;0;0;0;0;0;1
Populus_simonii;Salicaceae;Alien;Naturalised;10.48;17.66;235.79;20;188;3;5;3;1;0;0;0;0;0;0;0;0;0;0;1;1;0;0;1;-15;2;2;2;5;4;1;1;0;0;0;0;2;1;0;0;0;0;0;0;0;0;0;0;0;0;0;1;0;0;0;0;0;0;0;0;0;0;0;0;1;0;0;0;0;1;0;0;0;0;0;0;0;0;1;0;0;0;0;0;0;0;0;0;0;0;0;0;0;0;0;0;0;0;0;0;1;0;0;1
Populus_tremula;Salicaceae;Native;Native;15.33;27.66;0.12;40;150;3;5;3;1;0;0;0;0;0;0;0;0;0;0;1;1;0;0;1;-50;1.6;2.8;2;5;4;0;0;1;0;0;0;1;0;0;0;0;0;0;1;0;0;0;0;0;0;0;1;0;0;0;0;0;0;0;0;0;0;0;0;1;0;0;0;0;1;0;0;0;0;0;0;0;0;1;0;0;0;1;0;0;0;0;0;0;0;0;0;0;0;0;0;0;0;0;0;0;0;0;1
Prunus_americana;Rosaceae;Alien;Non-Established;30.74;24.62;734.36;10;146;4;5;2;0;0;0;0;1;1;0;0;0;0;0;2;0;1;0;1;-39;1.4;2.8;4;8;5;1;1;0;0;0;0;2;0;1;0;0;0;0;0;0;0;0;0;0;1;0;0;0;0;0;0;0;0;0;0;0;0;0;0;1;0;0;0;0;0;0;0;0;1;0;0;0;0;1;0;0;0;0;0;0;0;0;1;0;0;0;0;0;0;0;0;0;0;0;0;0;0;0;1
Prunus_amygdalus;Rosaceae;Alien;Naturalised;9.64;21.39;2842.96;12;200;1;3;3;0;0;0;0;1;1;0;0;0;0;0;2;0;1;0;1;-9.5;1;3;4;8;5;0;0;1;0;0;0;1;0;1;0;0;0;0;0;0;0;0;0;0;1;0;0;0;0;0;0;0;0;0;0;0;0;0;0;1;0;0;0;0;0;0;0;0;1;0;0;0;0;1;0;0;0;0;0;0;0;0;0;0;0;0;0;0;0;0;0;0;1;0;0;0;0;0;1
Prunus_armeniaca;Rosaceae;Alien;Non-Established;10.34;21.24;1239.79;15;300;3;4;2;0;0;0;0;1;1;0;0;0;0;0;2;0;1;0;1;-30;1.4;2.8;3;8;6;1;0;0;0;0;0;1;0;1;0;0;0;0;0;0;0;0;0;1;0;0;0;0;0;0;0;0;0;0;0;0;0;0;0;1;0;0;0;0;0;0;1;0;0;0;0;0;0;1;0;0;0;0;0;0;0;0;0;0;0;0;0;0;0;0;0;0;1;0;0;0;0;0;1
Prunus_avium;Rosaceae;Native;Native;16.44;19.34;253.27;40;185;4;8;5;0;0;0;0;1;1;0;0;0;0;0;2;0;1;0;1;-15;3.3;2.7;3;7;5;0;0;1;0;0;0;1;0;1;0;0;0;0;0;0;0;0;0;0;1;0;0;0;0;0;0;0;0;0;0;0;0;0;0;1;0;0;0;0;0;0;0;0;1;0;0;0;0;1;0;0;0;0;0;0;0;0;1;0;0;0;0;0;0;0;0;0;0;0;0;0;0;0;1
Prunus_cerasifera;Rosaceae;Alien;Naturalised;20.59;18.25;438.52;12;150;2;5;4;0;0;0;0;0;1;0;0;0;0;0;1;0;1;0;1;-19.2;2.5;2.9;5;8;4;1;0;0;0;0;0;1;0;1;0;0;0;0;0;0;0;0;0;0;1;0;0;0;0;0;0;0;0;0;0;0;0;0;0;1;0;0;0;0;0;0;0;0;1;0;0;0;0;1;0;0;0;0;0;0;0;0;1;0;0;0;0;0;0;0;0;0;0;0;0;0;0;0;1
Prunus_cerasus;Rosaceae;Alien;Naturalised;18.76;28.3;348.04;8;90;4;5;2;0;0;0;0;1;1;0;0;0;0;0;2;0;1;0;1;-15;2.7;3.1;3;7;5;0;0;1;0;0;0;1;0;1;0;0;0;0;0;0;0;0;0;0;1;0;0;0;0;0;0;0;0;0;0;0;0;0;0;1;0;0;0;0;0;0;0;0;1;0;0;0;0;1;0;0;0;0;0;0;0;0;0;0;0;0;0;0;0;0;0;0;1;0;0;0;0;0;1
Prunus_domestica;Rosaceae;Alien;Naturalised;11.06;17.11;793.02;12;150;4;5;2;0;0;0;0;0;1;0;0;0;0;0;1;0;1;0;1;-9.5;1.9;2.9;4;9;6;0;1;0;0;0;0;1;0;1;0;0;0;0;0;0;0;0;0;0;1;0;0;0;0;0;0;0;0;0;0;0;0;0;0;1;0;0;0;0;0;0;0;0;1;0;0;0;0;1;0;0;0;0;0;0;0;0;1;0;0;0;0;0;0;0;0;0;0;0;0;0;0;0;1
Prunus_fruticosa;Rosaceae;Alien;Non-Established;19.8;26.74;364.02;6;100;4;5;2;0;0;0;0;0;1;0;0;0;0;0;1;0;1;0;1;-39;1.5;4.3;4;7;4;0;0;1;0;0;0;1;0;0;1;0;0;0;0;0;0;0;0;0;1;0;0;0;0;0;0;0;0;0;0;0;0;0;0;1;0;0;0;0;0;0;0;0;1;0;0;0;0;1;0;0;0;0;0;0;0;0;1;0;0;0;0;0;0;0;0;0;0;0;0;0;0;0;1
Prunus_glandulifolia;Rosaceae;Alien;Non-Established;16.83;26.01;431.9;16;30;4;6;3;0;0;0;0;0;1;0;0;0;0;0;1;0;1;0;1;-20.5;1.5;2;4;7;4;0;0;1;0;0;0;1;0;1;0;0;0;0;0;0;0;0;0;0;1;0;0;0;0;0;0;0;0;0;0;0;0;0;0;1;0;0;0;0;0;0;0;0;1;0;0;0;0;1;0;0;0;0;0;0;0;0;0;0;0;0;0;0;0;0;0;0;1;0;0;0;0;0;1
Prunus_laurocerasus;Rosaceae;Alien;Naturalised;7.24;15.17;265.21;10;150;4;6;3;0;0;0;0;0;1;0;0;0;0;0;1;0;1;0;1;-15;4.1;2.2;6;8;3;0;1;0;0;0;0;1;0;1;0;0;0;0;0;0;0;0;0;0;1;0;0;0;0;0;0;0;0;0;0;0;0;0;0;1;0;0;0;0;0;0;0;0;1;0;0;0;1;0;0;0;0;0;0;0;0;0;1;0;0;0;0;0;0;0;0;0;0;0;0;0;0;0;1
Prunus_lusitanica;Rosaceae;Native;Native;6.48;12.4;756.42;20;120;4;7;4;0;0;0;0;0;1;0;0;0;0;0;1;0;1;0;1;-9.5;2.5;3.5;6;9;4;0;1;0;0;0;0;1;0;1;0;0;0;0;0;0;0;0;0;0;1;0;0;0;0;0;0;0;0;0;0;0;0;0;0;1;0;0;0;0;0;0;0;0;1;0;0;0;1;0;0;0;0;0;0;0;0;0;1;0;0;0;0;0;0;0;0;0;0;0;0;0;0;0;1
Prunus_mahaleb;Rosaceae;Native;Native;18.49;21.14;85.13;7.5;200;4;8;5;0;0;0;0;1;1;0;0;0;0;0;2;0;1;0;1;-24.4;2.3;4.3;4;8;5;0;0;1;0;0;0;1;0;1;0;0;0;0;0;0;0;0;0;0;1;0;0;0;0;0;0;0;0;0;0;0;0;0;0;1;0;0;0;0;0;0;0;0;1;0;0;0;0;1;0;0;0;0;0;0;0;0;0;0;0;0;0;0;0;0;0;0;1;0;0;0;0;0;1
Prunus_padus;Rosaceae;Native;Native;22.18;21.26;83.02;15;80;4;7;4;0;0;0;0;1;1;0;0;0;0;0;2;0;1;0;1;-37;3.3;1.9;3;6;4;0;0;1;0;0;0;1;1;0;0;0;0;0;0;0;0;0;0;1;0;0;0;0;0;0;0;0;0;0;0;0;0;0;0;1;0;0;0;0;0;0;0;0;1;0;0;0;0;1;0;0;0;0;0;0;0;0;0;0;0;0;0;0;0;0;1;0;1;0;0;0;0;0;2
Prunus_persica;Rosaceae;Alien;Naturalised;17.82;40.79;2714.99;8;200;4;5;2;0;0;0;0;1;1;0;0;0;0;0;2;0;1;0;1;-9.5;1.7;2.4;5;9;5;0;1;0;0;0;0;1;0;1;0;0;0;0;0;0;0;0;0;0;1;0;0;0;0;0;0;0;0;0;0;0;0;0;0;1;0;0;0;0;0;0;0;0;1;0;0;0;0;1;0;0;0;0;0;0;0;0;1;0;0;0;0;0;0;0;0;0;0;0;0;0;0;0;1
Prunus_serrulata;Rosaceae;Alien;Non-Established;14.74;24;52.91;25;20;3;5;3;0;0;0;0;1;1;0;0;0;0;0;2;0;1;0;1;-15;2.3;2.8;5;8;4;0;0;1;0;0;0;1;0;1;0;0;0;0;0;0;0;0;0;0;0;0;0;0;0;0;0;0;0;1;0;0;0;0;0;1;0;0;0;0;0;0;0;0;1;0;0;0;0;1;0;0;0;0;0;0;0;0;0;0;0;0;1;0;0;0;0;0;0;0;0;0;0;0;1
Prunus_triloba;Rosaceae;Alien;Naturalised;17.33;27.76;459.28;5;10;2;5;4;0;0;0;0;1;1;0;0;0;0;0;2;0;1;0;1;-15;2;2;4;8;5;0;0;1;0;0;0;1;0;1;0;0;0;0;0;0;0;0;0;0;1;0;0;0;0;0;0;0;0;0;0;0;0;0;0;1;0;0;0;0;0;0;0;0;1;0;0;0;0;1;0;0;0;0;0;0;0;0;1;0;0;0;0;0;0;0;0;0;0;0;0;0;0;0;1
Pseudotsuga_menziesii;Pinaceae;Alien;Naturalised;9.55;13.05;12.26;120;1400;4;5;2;1;0;0;0;0;1;0;0;0;0;0;2;1;0;0;1;-36;2.8;2.6;3;6;4;1;0;0;0;0;0;1;1;0;0;0;0;0;0;0;0;0;0;0;0;0;1;0;0;0;0;0;0;0;0;0;0;0;0;1;1;0;0;0;0;0;0;0;0;0;0;0;1;0;1;0;0;0;0;0;0;0;0;0;0;0;0;0;0;0;0;0;0;0;0;0;0;0;1
Pterocarya_fraxinifolia;Juglandaceae;Alien;Non-Established;14.95;22.57;5136.99;50;250;9;10;2;1;0;0;0;0;0;0;0;0;0;0;1;1;0;0;1;-15;1;2;6;9;4;1;0;0;0;0;0;1;0;1;0;0;0;0;0;0;0;0;0;0;0;0;1;0;0;0;0;0;0;0;0;0;0;0;0;1;0;0;0;0;0;1;0;0;0;0;0;0;0;1;0;0;0;0;0;0;0;0;0;0;0;0;0;0;0;0;0;0;1;0;0;0;0;0;1
Punica_granatum;Lythraceae;Alien;Naturalised;7.2;11;45.36;25;300;4;6;3;0;0;0;0;0;1;0;0;0;0;0;1;0;1;0;1;-25;3;1;8;10;3;0;0;0;0;1;0;1;0;1;0;0;0;0;0;0;0;0;0;0;0;0;0;0;0;0;0;0;0;0;0;1;0;0;0;1;0;0;0;0;1;0;0;0;0;0;0;0;0;1;0;0;0;0;0;0;0;0;0;0;0;0;1;0;0;0;0;0;0;0;0;0;0;0;1
Pyracantha_angustifolia;Rosaceae;Alien;Naturalised;18.65;30.5;44.33;4;40;4;6;3;0;0;0;0;1;1;0;1;0;0;0;3;0;1;0;1;-15;3;2;5;9;5;0;0;0;0;0;1;1;0;0;1;0;0;0;0;0;0;0;0;0;0;0;0;0;0;0;0;0;0;0;0;0;0;0;1;1;0;0;0;0;0;0;0;1;0;0;0;0;1;0;0;0;0;0;0;0;0;0;0;0;0;0;0;0;0;1;0;0;0;0;0;0;0;0;1
Pyracantha_coccinea;Rosaceae;Alien;Non-Established;12.86;17.88;21.8;6;150;4;5;2;0;0;0;0;1;1;0;1;0;0;0;3;0;1;0;1;-11;2;3;5;9;5;0;0;0;0;0;1;1;0;0;0;0;1;0;0;0;0;0;0;1;0;0;0;0;0;0;0;0;0;0;0;0;0;0;0;1;0;0;0;0;0;0;1;0;0;0;0;0;1;0;0;0;0;0;0;0;0;0;1;0;0;0;0;0;0;0;0;0;0;0;0;0;0;0;1
Pyracantha_fortuneana;Rosaceae;Alien;Non-Established;12.98;18.38;3.69;3;116;4;5;2;0;0;0;0;1;1;0;1;0;0;0;3;0;1;0;1;-14;2.2;3;5;9;5;0;0;0;0;0;1;1;0;0;0;0;1;0;0;0;0;0;0;1;0;0;0;0;0;0;0;0;0;0;0;0;0;0;0;1;0;0;0;0;0;0;1;0;0;0;0;0;1;0;0;0;0;0;0;0;0;0;1;0;0;0;0;0;0;0;0;0;0;0;0;0;0;0;1
Pyrus_calleryana;Rosaceae;Alien;Non-Established;15.12;16;12.9;20;25;3;3;1;0;0;0;0;0;1;0;0;0;0;0;1;0;1;0;1;-33;1.4;3;5;9;5;0;0;0;0;0;1;1;1;0;0;0;0;0;0;0;0;0;0;0;0;0;0;0;0;0;0;0;0;1;0;0;0;0;0;1;0;0;0;0;0;0;1;0;0;0;0;0;0;1;0;0;0;0;0;0;0;0;0;0;0;0;0;0;0;0;0;0;1;0;0;0;0;0;1
Pyrus_communis;Rosaceae;Alien;Naturalised;13.62;15.83;31.2;35;150;4;5;2;0;0;0;0;0;1;0;0;0;0;0;1;0;1;0;1;-20;2.7;2.7;4;9;6;0;1;0;0;0;0;1;1;0;0;0;0;0;0;0;0;0;0;1;0;0;0;0;0;0;0;0;0;0;0;0;0;0;0;1;0;0;0;0;0;0;1;0;0;0;0;0;0;1;0;0;0;0;0;0;0;0;0;0;0;0;0;0;0;1;0;0;0;0;0;0;0;0;1
Quercus_cerris;Fagaceae;Alien;Naturalised;14.03;21.99;1735.94;40;200;4;5;2;0;0;0;0;0;1;0;0;0;0;0;1;1;0;0;1;-15;2.7;4.3;5;9;5;1;0;0;0;0;0;1;0;1;0;0;0;0;0;0;0;0;0;0;0;0;1;0;0;0;0;0;0;0;0;0;0;0;0;1;0;0;0;0;0;1;0;0;0;0;0;0;0;1;0;0;0;0;0;0;0;0;0;0;0;0;0;0;0;0;0;0;1;0;0;0;0;0;1
Quercus_coccifera;Fagaceae;Native;Native;4.97;12.9;2079.01;19.9;300;3;5;3;0;0;0;0;0;1;0;0;0;0;0;1;1;0;0;1;-15;1;4;5;9;5;0;1;0;0;0;0;1;0;1;0;0;0;0;0;0;0;0;0;0;0;0;1;0;0;0;0;0;0;0;0;0;0;0;0;1;0;0;0;0;0;1;0;0;0;0;0;0;1;0;0;0;0;0;0;0;0;0;0;0;0;0;0;0;0;0;0;0;1;0;0;0;0;0;1
Quercus_faginea;Fagaceae;Native;Native;17.07;23.66;1850.7;20;300;4;5;2;0;0;0;0;0;1;0;0;0;0;0;1;1;0;0;1;-15;1;4;4;8;5;1;0;0;0;0;0;1;0;1;0;0;0;0;0;0;0;0;0;0;0;0;1;0;0;0;0;0;0;0;0;0;0;0;0;1;0;0;0;0;0;1;0;0;0;0;0;0;0;1;0;0;0;0;0;0;0;0;0;0;0;0;0;0;0;1;0;0;0;0;0;0;0;0;1
Quercus_ilex;Fagaceae;Native;Native;7.53;15.32;2604.78;20;500;4;6;3;0;0;0;0;1;1;0;0;0;0;0;2;1;1;0;2;-15;3;4.7;6;10;5;1;1;0;0;0;0;2;0;1;0;0;0;0;0;0;0;0;0;0;0;0;1;0;0;0;0;0;0;0;0;0;0;0;0;1;0;0;0;0;0;1;0;0;0;0;0;0;1;0;0;0;0;0;0;0;0;0;0;0;0;0;0;0;0;0;0;0;1;0;0;0;0;0;1
Quercus_palustris;Fagaceae;Alien;Non-Established;8.89;5.8;1055.55;45;140;4;5;2;0;0;0;0;0;1;0;0;0;0;0;1;1;0;0;1;-31.5;2.5;2.4;4;8;5;1;0;0;0;0;0;1;1;0;0;0;0;0;0;0;0;0;0;0;0;0;1;0;0;0;0;0;0;0;0;0;0;0;0;1;0;0;0;0;0;1;0;0;0;0;0;0;0;1;0;0;0;0;0;0;0;0;1;0;0;0;0;0;0;0;0;0;0;0;0;0;0;0;1
Quercus_petraea;Fagaceae;Native;Native;13.34;27.51;1521.34;45;800;4;6;3;0;0;0;0;0;1;0;0;0;0;0;1;1;0;0;1;-5;2.7;3;5;8;4;1;0;0;0;0;0;1;0;1;0;0;0;0;0;0;0;0;0;0;0;0;1;0;0;0;0;0;0;0;0;0;0;0;0;1;0;0;0;0;0;1;0;0;0;0;0;0;0;1;0;0;0;1;0;0;0;0;0;0;0;0;0;0;0;0;1;0;1;0;0;0;0;0;3
Quercus_phellos;Fagaceae;Alien;Non-Established;15.87;18.57;1662.54;37;250;4;5;2;0;0;0;0;0;1;0;0;0;0;0;1;1;0;0;1;-30.5;2;1;4;8;5;1;1;0;0;0;0;2;0;1;0;0;0;0;0;0;0;0;0;0;0;0;1;0;0;0;0;0;0;0;0;0;1;0;0;2;0;0;0;0;0;1;0;0;0;0;0;0;0;1;0;0;0;0;0;0;0;0;0;0;0;0;1;0;0;0;0;0;0;0;0;0;0;0;1
Quercus_polymorpha;Fagaceae;Alien;Non-Established;15.28;21.12;1934.47;20;300;4;5;2;0;0;0;0;0;1;0;0;0;0;0;1;1;0;0;1;-15;2;2;4;8;5;1;0;0;0;0;0;1;0;1;0;0;0;0;0;0;0;0;0;0;0;0;1;0;0;0;0;0;0;0;0;0;0;0;0;1;0;0;0;0;0;1;0;0;0;0;0;0;0;1;0;0;0;0;0;0;0;0;1;0;0;0;0;0;0;0;0;0;0;0;0;0;0;0;1
Quercus_pubescens;Fagaceae;Native;Native;12.39;18.95;665.3;25;500;4;5;2;0;0;0;0;1;1;0;0;0;0;0;2;1;0;0;1;-50;2.3;4.1;4;8;5;1;0;0;0;0;0;1;0;1;0;0;0;0;0;0;0;0;0;0;0;0;1;0;0;0;0;0;0;0;0;0;0;0;0;1;0;0;0;0;0;1;0;0;0;0;0;0;0;1;0;0;0;0;0;0;0;0;0;0;0;0;0;0;0;0;0;0;1;0;0;0;0;0;1
Quercus_pyrenaica;Fagaceae;Native;Native;8.24;17.91;1379.34;30;300;4;6;3;0;0;0;0;0;1;0;0;0;0;0;1;1;0;0;1;-23;4;3;4;8;5;1;0;0;0;0;0;1;0;1;0;0;0;0;0;0;0;0;0;0;0;0;1;0;0;0;0;0;0;0;0;0;0;0;0;1;0;0;0;0;0;1;0;0;0;0;0;0;0;1;0;0;0;0;0;0;0;0;0;0;0;0;0;0;1;0;0;0;0;0;0;0;0;0;1
Quercus_robur;Fagaceae;Native;Native;14.56;22.75;2852.7;50;1000;4;6;3;0;0;0;0;1;0;0;1;0;0;0;2;1;0;0;1;-17;2.5;3;4;8;5;1;0;0;0;0;0;1;0;1;0;0;0;0;0;0;0;0;0;0;0;0;1;0;0;0;0;0;0;0;0;0;0;0;0;1;0;0;0;0;0;1;0;0;0;0;0;0;0;1;0;0;0;0;0;0;0;0;0;0;0;0;0;0;0;1;0;0;0;0;0;0;0;0;1
Quercus_rotundifolia;Fagaceae;Native;Native;6.49;14.24;2577.5;25;300;4;5;2;0;0;0;0;0;1;0;0;0;0;0;1;1;0;0;1;-15;2;4;6;9;4;0;1;0;0;0;0;1;0;1;0;0;0;0;0;0;0;0;0;0;0;0;1;0;0;0;0;0;0;0;0;0;0;0;0;1;0;0;0;0;0;1;0;0;0;0;0;0;1;0;0;0;0;0;0;0;0;0;0;0;0;0;0;0;0;1;0;0;0;0;0;0;0;0;1
Quercus_rubra;Fagaceae;Alien;Naturalised;17.54;22.8;2975.03;60;500;4;5;2;0;0;0;0;0;1;0;0;0;0;0;1;1;0;0;1;-33;2.8;2.9;3;7;5;1;0;0;0;0;0;1;0;1;0;0;0;0;0;0;0;0;0;0;0;0;1;0;0;0;0;0;0;0;0;0;1;0;0;2;0;0;0;0;0;1;0;0;0;0;0;0;0;1;0;0;0;0;0;0;0;0;0;0;0;0;0;0;1;0;0;0;0;0;0;0;0;0;1
Quercus_suber;Fagaceae;Native;Native;11.04;15.69;3698.72;50;300;3;5;3;0;0;0;0;1;0;0;0;0;0;0;1;1;0;0;1;-9.5;3;3;7;10;4;1;0;0;0;0;0;1;0;1;0;0;0;0;0;0;0;0;0;0;0;0;1;0;0;0;0;0;0;0;0;0;1;0;0;2;0;0;0;0;0;1;0;0;0;0;0;0;1;0;0;0;0;0;0;0;0;0;1;0;0;0;0;0;0;0;0;0;0;0;0;0;0;0;1
Retama_sphaerocarpa;Fabaceae;Native;Native;12.22;26;92.46;4;15;4;7;4;0;1;0;0;0;0;0;0;0;0;0;1;0;1;0;1;-15;1;3;5;9;5;0;1;0;0;0;0;1;0;0;1;0;0;0;0;0;0;0;0;0;0;0;0;0;0;0;0;0;0;0;0;1;0;0;0;1;0;1;0;0;0;0;0;0;0;0;0;0;0;1;0;0;0;0;0;0;0;0;0;0;0;0;0;1;0;0;0;0;0;0;0;0;0;0;1
Rhamnus_alaternus;Rhamnaceae;Native;Native;10.62;21.12;41.48;8;20;1;4;4;0;0;0;0;0;1;0;0;0;0;0;1;1;1;0;2;-15;2;3;6;9;4;1;0;0;0;0;0;1;0;1;0;0;0;0;0;0;0;0;0;0;0;0;0;0;0;0;0;0;0;1;0;0;0;0;0;1;0;0;0;0;0;1;0;0;0;0;0;0;1;0;0;0;0;0;0;0;0;0;0;0;0;0;0;0;0;0;0;0;1;0;0;0;0;0;1
Rhaphiolepis_bibas;Rosaceae;Alien;Invasive;48.35;25.87;1505;10;100;12;1;2;0;0;0;0;0;1;0;0;0;0;0;1;0;1;0;1;-11.1;3.3;3.4;8;11;4;1;0;0;0;0;0;1;0;1;0;0;0;0;0;0;0;0;0;1;0;0;0;0;0;0;0;0;0;0;0;0;0;0;0;1;0;0;0;0;0;0;1;0;0;0;0;0;1;0;0;0;0;0;0;0;0;0;1;0;0;0;0;0;0;0;0;0;0;0;0;0;0;0;1
Rhaphiolepis_indica;Rosaceae;Alien;Non-Established;7.98;12.39;424.6;4;87;3;5;3;0;0;0;0;0;1;0;0;0;0;0;1;0;1;0;1;-6;1;3;8;11;4;0;0;0;1;0;0;1;0;0;1;0;0;0;0;0;0;0;0;0;0;0;0;0;0;0;0;0;0;1;0;0;0;0;0;1;0;0;0;0;0;0;1;0;0;0;0;0;1;0;0;0;0;0;0;0;0;0;0;0;0;0;0;0;0;0;0;0;1;0;0;0;0;0;1
Rhapis_excelsa;Arecaceae;Alien;Non-Established;12.66;21.95;370.37;3;40;6;7;2;0;0;0;0;0;1;0;0;0;0;0;1;1;0;0;1;-4;4;2;5;8;4;0;0;0;0;0;1;1;0;0;0;0;0;1;0;0;0;0;0;0;0;0;0;0;0;1;0;0;0;0;0;0;0;0;0;1;0;0;0;0;0;0;0;1;0;0;0;0;1;0;0;0;0;0;0;0;0;0;0;0;0;0;0;0;0;0;0;0;0;1;0;0;0;0;1
Rhapis_humilis;Arecaceae;Alien;Non-Established;13.39;21.58;627.57;3;40;6;7;2;0;0;0;0;0;1;0;0;0;0;0;1;1;0;0;1;-4;4;2;5;8;4;0;0;0;0;0;1;1;0;0;0;0;0;1;0;0;0;0;0;0;0;0;0;0;0;1;0;0;0;0;0;0;0;0;0;1;0;0;0;0;0;0;0;1;0;0;0;0;1;0;0;0;0;0;0;0;0;0;0;0;0;0;0;0;0;0;0;0;0;1;0;0;0;0;1
Rhododendron_indicum;Ericaceae;Alien;Non-Established;11.66;18.48;526.68;6;50;1;4;4;1;0;0;0;0;0;0;0;0;0;0;1;0;1;0;1;-20.5;4;2;5;9;5;0;1;0;0;0;0;1;0;0;1;0;0;0;0;0;0;0;0;0;0;0;0;0;0;0;0;0;0;0;0;0;0;1;0;1;0;0;0;0;1;0;0;0;0;0;0;0;1;0;0;0;0;0;0;0;0;0;0;0;0;0;1;0;0;0;0;0;0;0;0;0;0;0;1
Rhododendron_ponticum;Ericaceae;Native;Native;6.52;10.67;0.11;8;25;1;6;6;1;0;0;0;0;0;0;0;0;0;0;1;0;1;0;1;-12.3;3.4;3;6;9;4;0;0;0;0;1;0;1;0;0;1;0;0;0;0;0;0;0;0;0;0;0;0;0;0;0;0;0;0;0;0;0;0;1;0;1;0;0;0;0;1;0;0;0;0;0;0;0;1;0;0;0;0;0;0;0;0;0;0;0;0;0;1;0;0;0;0;0;0;0;0;0;0;0;1
Rhus_typhina;Anacardiaceae;Alien;Naturalised;19.21;26.32;11.35;14;50;6;7;2;0;1;0;0;0;1;1;0;0;0;0;3;0;1;0;1;-9.5;1.6;4;4;8;5;1;0;0;0;0;0;1;0;0;1;0;0;0;0;0;0;0;0;0;0;0;0;0;0;0;0;0;0;0;0;0;0;1;0;1;0;0;0;0;0;0;0;0;1;0;0;0;0;1;0;0;0;0;0;0;0;0;0;0;0;0;1;0;0;0;0;0;0;0;0;0;0;0;1
Ribes_alpinum;Grossulariaceae;Native;Native;12.09;18.8;53.61;3;115;3;5;3;0;1;0;0;1;1;0;0;0;0;1;4;0;1;0;1;-19.8;3.4;3;5;8;4;1;0;0;0;0;0;1;0;0;1;0;0;0;0;0;0;0;0;0;0;0;0;0;0;0;0;0;0;0;0;1;0;0;0;1;0;0;0;0;0;0;0;1;0;0;0;0;0;1;0;0;0;1;0;0;0;0;0;0;0;0;0;0;0;0;0;0;0;0;0;0;0;0;1
Ribes_sanguineum;Grossulariaceae;Alien;Non-Established;15;25.4;1.72;4;30;4;5;2;0;0;0;0;0;1;0;0;0;0;0;1;0;1;0;1;-14;2.7;3;5;9;5;0;0;1;0;0;0;1;0;0;1;0;0;0;0;0;0;0;0;0;0;0;0;0;0;0;0;0;0;0;0;0;0;0;1;1;0;0;0;0;0;0;0;1;0;0;0;0;0;1;0;0;0;0;0;0;0;0;0;0;0;0;0;0;1;0;0;0;0;0;0;0;0;0;1
Ricinus_communis;Euphorbiaceae;Alien;Invasive;18.67;39.21;371.7;12;30;6;9;4;1;0;0;0;0;0;0;0;0;0;0;1;0;1;0;1;0;1;4;10;11;2;0;1;0;0;0;0;1;0;1;0;0;0;0;0;0;0;0;0;0;1;0;0;0;0;0;0;0;0;0;0;0;0;0;0;1;0;0;0;0;1;0;0;0;0;0;0;0;1;0;0;0;0;0;0;0;0;0;0;0;0;0;0;0;0;0;0;0;0;1;0;0;0;0;1
Robinia_hispida;Fabaceae;Alien;Naturalised;19.13;28.34;17.33;4.5;38;5;6;2;0;1;0;0;0;0;0;0;0;0;0;1;0;1;0;1;0;1.9;3.3;7;10;4;1;0;0;0;0;0;1;0;0;1;0;0;0;0;0;0;0;0;0;0;0;0;0;0;0;0;0;0;0;0;1;0;0;0;1;0;1;0;0;0;0;0;0;0;0;0;0;0;1;0;0;0;0;0;0;0;0;0;0;0;0;0;0;0;0;0;0;0;0;0;0;0;1;1
Robinia_pseudoacacia;Fabaceae;Alien;Invasive;22.66;36.47;19.64;35;200;5;6;2;0;1;0;0;0;1;1;0;0;0;0;3;0;1;0;1;-37;1.7;4.1;4;9;6;1;0;0;0;0;0;1;0;1;0;0;0;0;0;0;0;0;0;0;0;0;0;0;0;0;0;0;1;0;0;0;0;0;0;1;0;1;0;0;0;0;0;0;0;0;0;0;0;1;0;0;0;0;0;0;0;0;1;0;0;0;0;0;0;0;0;0;0;0;0;0;0;0;1
Roldana_petasitis;Asteraceae;Alien;Non-Established;18.23;23.1;36.78;2;30;2;5;4;0;0;0;0;0;1;0;0;0;0;0;1;0;1;0;1;-5;1;3;7;10;4;0;1;0;0;0;0;1;0;0;1;0;0;0;0;0;0;0;0;0;0;0;0;0;0;0;0;0;0;0;0;0;0;1;0;1;0;0;0;0;0;0;0;1;0;0;0;0;1;0;0;0;0;0;0;0;0;0;0;0;0;0;0;0;1;0;0;0;0;0;0;0;0;0;1
Rosa_banksiae;Rosaceae;Alien;Non-Established;9.92;17.95;208.34;10;100;3;5;3;0;0;0;0;0;1;0;0;0;0;0;1;0;1;0;1;-9.4;2.3;2.9;6;9;4;0;1;0;0;0;0;1;0;1;0;0;0;0;0;0;0;0;0;0;1;0;0;0;0;0;0;0;0;0;0;0;0;0;0;1;0;0;0;0;0;0;0;0;1;0;0;0;1;0;0;0;0;0;0;0;0;0;1;0;0;0;0;0;0;0;0;0;0;0;0;0;0;0;1
Roystonea_regia;Arecaceae;Alien;Non-Established;8.24;21.16;583.33;40;56;3;9;7;0;0;0;0;0;1;0;0;0;0;0;1;1;0;0;1;-4.8;1.9;2.7;9;11;3;0;0;0;0;0;1;1;0;0;0;0;0;1;0;0;0;0;0;0;0;0;0;0;0;1;0;0;0;0;0;0;0;0;0;1;0;0;0;0;0;0;0;1;0;0;0;0;1;0;0;0;0;0;0;0;0;0;0;0;0;0;0;1;0;0;0;0;0;0;0;0;0;0;1
Rubus_idaeus;Rosaceae;Native;Native;32.92;20.18;2.18;2;8;5;10;6;0;0;0;0;0;1;0;0;0;0;0;1;0;1;0;1;-23;2.7;3;5;8;4;1;0;0;0;0;0;1;0;0;1;0;0;0;0;0;0;0;0;0;0;0;0;0;0;0;0;0;0;0;0;0;0;0;1;1;0;0;0;0;0;0;0;0;0;0;1;0;0;1;0;0;0;1;0;0;0;0;0;0;0;0;0;0;0;0;0;0;1;0;0;0;0;0;2
Rumex_lunaria;Polygonaceae;Native;Native;15.36;21.44;185.29;3;41;12;5;6;0;0;0;0;1;1;0;0;0;0;0;2;0;1;0;1;-12;2;4;7;9;3;1;0;0;0;0;0;1;0;0;1;0;0;0;0;0;0;0;0;0;0;0;0;0;0;0;0;1;0;0;0;0;0;0;0;1;0;0;0;0;0;0;0;1;0;0;0;0;1;0;0;0;0;0;0;0;0;0;0;0;0;0;0;0;0;0;0;0;1;0;0;0;0;0;1
Ruscus_aculeatus;Asparagaceae;Native;Native;11.22;20.08;174.87;1.5;25;1;12;12;0;0;0;0;0;1;0;0;0;0;0;1;0;1;0;1;-15;3;2;6;9;4;0;0;0;0;0;1;1;0;0;1;0;0;0;0;0;0;0;0;0;0;0;0;0;0;0;0;0;0;0;0;0;0;1;0;1;0;0;0;0;0;0;0;1;0;0;0;0;1;0;0;0;0;0;0;0;0;0;0;0;0;0;1;0;0;0;0;0;0;0;0;0;0;0;1
Ruscus_hypophyllum;Asparagaceae;Native;Native;12.4;20.5;3196.47;1;74;1;5;5;0;0;0;0;0;1;0;0;0;0;0;1;0;1;0;1;-10.8;4;2;6;9;4;0;0;0;0;0;1;1;0;0;1;0;0;0;0;0;0;0;0;0;0;0;0;0;0;0;1;0;0;0;0;0;0;0;0;1;0;0;0;0;0;0;0;1;0;0;0;0;1;0;0;0;0;0;0;0;0;0;0;0;0;0;1;0;0;0;0;0;0;0;0;0;0;0;1
Russelia_equisetiformis;Plantaginaceae;Alien;Non-Established;10.13;17.7;59.88;1.25;29;1;9;9;0;0;0;0;0;1;0;0;0;0;0;1;0;1;0;1;-7.8;2.2;2.7;7;9;3;0;1;0;0;0;0;1;0;0;1;0;0;0;0;0;0;0;0;0;0;0;0;0;0;0;0;0;0;0;0;0;0;1;0;1;0;0;0;0;1;0;0;0;0;0;0;0;1;0;0;0;0;0;0;0;0;0;0;0;0;0;0;0;0;0;0;0;1;0;0;0;0;0;1
Sabal_bermudana;Arecaceae;Alien;Non-Established;8.54;22.24;588.53;13;122;4;8;5;0;0;0;0;0;1;0;0;0;0;0;1;1;0;0;1;-4;1;2.8;3;5;3;0;0;0;0;0;1;1;0;0;0;0;0;1;0;0;0;0;0;0;0;0;0;0;0;1;0;0;0;0;0;0;0;0;0;1;0;0;0;0;0;0;0;1;0;0;0;0;1;0;0;0;0;0;1;0;0;0;0;0;0;0;0;0;0;0;0;0;0;1;0;0;0;0;2
Sabal_mexicana;Arecaceae;Alien;Non-Established;8.08;25.3;464.1;15;139;6;8;3;0;0;0;0;0;1;0;0;0;0;0;1;1;0;0;1;-9.5;2;3;8;11;4;0;0;0;0;0;1;1;0;0;0;0;0;1;0;0;0;0;0;0;0;0;0;0;0;1;0;0;0;0;0;0;0;0;0;1;0;0;0;0;0;0;0;1;0;0;0;0;1;0;0;0;0;0;1;0;0;0;0;0;0;0;0;0;0;0;0;0;0;1;0;0;0;0;2
Sabal_minor;Arecaceae;Alien;Non-Established;7.88;23.05;226.44;3;133;6;8;3;0;0;0;0;0;1;0;0;0;0;0;1;1;0;0;1;-14;1;2;8;11;4;0;0;0;0;0;1;1;0;0;0;0;0;1;0;0;0;0;0;0;0;0;0;0;0;1;0;0;0;0;0;0;0;0;0;1;0;0;0;0;0;0;0;1;0;0;0;0;1;0;0;0;0;0;1;0;0;0;0;0;0;0;0;0;0;0;0;0;0;1;0;0;0;0;2
Sabal_palmetto;Arecaceae;Alien;Non-Established;4.09;22.04;313.95;27;164;4;8;5;0;0;0;0;0;1;0;0;0;0;0;1;1;0;0;1;-14;2;4;8;11;4;0;0;0;0;0;1;1;0;0;0;0;0;1;0;0;0;0;0;0;0;0;0;0;0;1;0;0;0;0;0;0;0;0;0;1;0;0;0;0;0;0;0;1;0;0;0;0;1;0;0;0;0;0;1;0;0;0;0;0;0;0;0;0;0;0;0;0;0;1;0;0;0;0;2
Salix_alba;Salicaceae;Native;Native;12.62;30.18;1.81;35;200;4;5;2;1;0;0;0;0;0;0;0;1;0;0;2;1;0;0;1;-36;2;2;2;8;7;1;0;0;0;0;0;1;0;0;0;0;1;0;0;0;0;0;0;0;0;0;1;0;0;0;0;0;0;0;0;0;0;0;0;1;0;0;0;0;1;0;0;0;0;0;0;0;0;1;0;0;0;0;0;0;0;0;0;0;0;0;1;0;0;0;0;0;0;0;0;0;0;0;1
Salix_atrocinerea;Salicaceae;Native;Native;7.07;20.92;732.31;12;234;1;4;4;1;0;0;0;0;0;0;0;0;0;0;1;1;0;0;1;-43;1;1;4;8;5;1;0;0;0;0;0;1;0;0;0;0;1;0;0;0;0;0;0;0;0;0;1;0;0;0;0;0;0;0;0;0;0;0;0;1;0;0;0;0;1;0;0;0;0;0;0;0;0;1;0;0;0;0;0;0;0;0;0;0;0;0;0;0;0;0;0;0;1;0;0;0;0;0;1
Salix_babylonica;Salicaceae;Alien;Naturalised;15.71;25.17;164.06;20;200;3;5;3;1;0;0;0;0;0;0;0;0;0;0;1;1;0;0;1;-15;1.4;1.8;6;9;4;1;0;0;0;0;0;1;0;0;0;0;0;0;0;1;0;0;0;0;0;0;1;0;0;0;0;0;0;0;0;0;0;0;0;1;0;0;0;0;1;0;0;0;0;0;0;0;0;1;0;0;0;0;0;0;0;0;0;0;0;0;1;0;0;0;0;0;0;0;0;0;0;0;1
Salix_caprea;Salicaceae;Native;Native;17.64;25.87;0.12;15;95;3;4;2;1;0;0;0;0;0;0;0;0;0;0;1;1;0;0;1;-26;2.2;2.2;4;9;6;1;0;0;0;0;0;1;0;0;0;0;0;0;0;1;0;0;0;0;0;0;1;0;0;0;0;0;0;0;0;0;0;0;0;1;0;0;0;0;1;0;0;0;0;0;0;0;0;1;0;0;0;0;0;0;0;0;0;0;0;0;0;0;0;0;0;0;1;0;0;0;0;0;1
Salix_daphnoides;Salicaceae;Alien;Non-Established;10.43;25.32;0.14;15;159;3;4;2;1;0;0;0;0;0;0;0;0;0;0;1;1;0;0;1;-31.5;2.7;1.4;4;8;5;1;0;0;0;0;0;1;0;0;0;0;1;0;0;0;0;0;0;0;0;0;1;0;0;0;0;0;0;0;0;0;0;0;0;1;0;0;0;0;1;0;0;0;0;0;0;0;0;1;0;0;0;0;0;0;0;0;0;0;0;0;1;0;0;0;0;0;0;0;0;0;0;0;1
Salix_fragilis;Salicaceae;Alien;Non-Established;10.53;25.95;0.13;35;230;3;5;3;0;1;0;0;0;0;0;0;1;0;1;3;0;1;0;1;-22.5;1.4;1.2;4;8;5;1;0;0;0;0;0;1;0;0;0;0;1;0;0;0;0;0;0;0;0;0;0;0;0;0;0;0;0;0;0;1;0;0;0;1;0;0;0;0;1;0;0;0;0;0;0;0;0;1;0;0;0;0;0;1;0;0;0;0;0;0;0;0;0;0;0;0;0;0;0;0;0;0;1
Salix_matsudana;Salicaceae;Alien;Non-Established;12.69;24.7;170.58;22.91;164;3;4;2;0;0;0;0;0;1;0;0;0;0;0;1;1;0;0;1;-28.6;2.1;1.8;4;8;5;1;0;0;0;0;0;1;0;0;0;0;1;0;0;0;0;0;0;0;0;0;1;0;0;0;0;0;0;0;0;0;0;0;0;1;0;0;0;0;1;0;0;0;0;0;0;0;0;1;0;0;0;0;0;0;0;0;0;0;0;0;1;0;0;0;0;0;0;0;0;0;0;0;1
Salix_nigra;Salicaceae;Alien;Non-Established;17.94;24.83;0.15;45;85;3;4;2;1;0;0;0;0;0;0;0;0;0;0;1;1;0;0;1;-36;1.3;1.8;4;8;5;1;0;0;0;0;0;1;0;1;0;0;0;0;0;0;0;0;0;0;0;0;1;0;0;0;0;0;0;0;0;0;0;0;0;1;0;0;0;0;1;0;0;0;0;0;0;0;0;1;0;0;0;0;0;0;0;0;0;0;0;0;1;0;0;0;0;0;0;0;0;0;0;0;1
Salix_tarraconensis;Salicaceae;Native;Native;13.67;25.42;338.18;1;79;3;5;3;1;0;0;0;0;0;0;0;0;0;0;1;1;0;0;1;-13.9;4;3;5;8;4;0;1;0;0;0;0;1;0;0;1;0;0;0;0;0;0;0;0;0;0;0;0;0;0;0;0;0;0;0;0;1;0;0;0;1;0;0;0;0;1;0;0;0;0;0;0;0;0;1;0;0;0;0;0;0;0;0;0;0;0;0;0;0;0;0;0;1;0;0;0;0;0;0;1
Salix_viminalis;Salicaceae;Alien;Non-Established;14.62;28;169.23;10;50;2;4;3;1;0;0;0;0;0;0;0;0;0;0;1;1;0;0;1;-31.5;1.9;0.5;4;8;5;1;0;0;0;0;0;1;0;0;0;0;0;0;1;0;0;0;0;0;1;0;0;0;0;0;0;0;0;0;0;0;0;0;0;1;0;0;0;0;1;0;0;0;0;0;0;0;0;1;0;0;0;0;0;0;0;0;0;0;0;0;1;0;0;0;0;0;0;0;0;0;0;0;1
Salvia_microphylla;Lamiaceae;Alien;Non-Established;14.6;21.42;38.56;2.58;44;7;10;4;1;0;0;0;0;0;0;0;0;0;0;1;0;1;0;1;-10.6;2;3.3;6;9;4;1;0;0;0;0;0;1;0;0;1;0;0;0;0;0;0;0;0;0;0;0;0;0;0;0;0;0;0;0;0;0;0;1;0;1;0;1;0;0;0;0;0;0;0;0;0;0;1;0;0;0;0;0;0;0;0;0;0;0;0;0;0;0;0;0;0;0;1;0;0;0;0;0;1
Salvia_rosmarinus;Lamiaceae;Native;Native;21.83;24.61;168.27;2;20;1;12;12;1;0;0;0;0;0;0;0;0;0;0;1;0;1;0;1;-9.5;1;5;6;9;4;1;0;0;0;0;0;1;0;0;1;0;0;0;0;0;0;0;0;0;0;0;0;0;0;0;0;0;0;0;0;0;0;1;0;1;0;0;0;0;0;1;0;0;0;0;0;0;1;0;1;0;0;0;0;0;0;0;0;0;0;0;0;1;0;0;0;0;0;0;0;0;0;0;2
Sambucus_nigra;Adoxaceae;Native;Native;20.17;36.57;31.73;10;20;6;7;2;0;0;0;0;1;1;0;0;0;0;0;2;0;1;0;1;-15;2.3;3;5;7;3;1;0;0;0;0;0;1;0;1;0;0;0;0;0;0;0;0;0;0;0;0;0;0;0;0;0;0;0;1;0;0;0;0;0;1;0;0;0;0;0;0;0;0;1;0;0;0;0;1;0;0;0;0;0;0;0;0;1;0;0;0;0;0;0;0;0;0;0;0;0;0;0;0;1
Santolina_chamaecyparissus;Asteraceae;Native;Native;23.15;50.9;0.33;1;7;4;7;4;0;0;0;0;0;1;0;0;0;0;0;1;0;1;0;1;-15;1;4;6;9;4;1;0;0;0;0;0;1;0;0;1;0;0;0;0;0;0;0;0;0;0;0;0;0;0;0;0;0;0;0;0;0;0;0;1;1;0;0;0;0;0;0;0;1;0;0;0;0;1;0;0;0;0;0;0;0;0;0;0;0;0;0;0;0;0;0;0;0;0;0;0;0;1;0;1
Schinus_areira;Anacardiaceae;Alien;Non-Established;10.49;19.61;50.47;13.2;61;6;9;4;0;0;0;0;0;1;0;0;0;0;0;1;0;1;0;1;-2.7;2.1;3.3;7;10;4;0;1;0;0;0;0;1;0;1;0;0;0;0;0;0;0;0;1;0;0;0;0;0;0;0;0;0;0;0;0;0;0;0;0;1;0;0;0;0;1;0;0;0;0;0;0;0;0;1;0;0;0;0;0;0;0;0;0;0;0;0;0;0;0;1;0;0;0;0;0;0;0;0;1
Schinus_molle;Anacardiaceae;Alien;Invasive;14;21.48;27.77;25;50;5;8;4;0;0;0;0;0;1;0;0;0;0;0;1;0;1;0;1;0;2;5;8;12;5;0;0;0;0;1;0;1;0;0;0;0;0;0;0;1;0;0;0;0;0;0;0;0;0;0;0;0;0;0;0;0;0;1;0;1;0;0;0;0;0;0;0;0;1;0;0;0;1;0;0;0;0;0;0;0;0;0;0;0;0;0;1;0;0;0;0;0;0;0;0;0;0;0;1
Schinus_polygama;Anacardiaceae;Alien;Non-Established;9.96;19.39;26.82;7;63;5;9;5;0;0;0;0;0;1;0;0;0;0;0;1;0;1;0;1;-7.6;2.2;3.3;6;9;4;0;1;0;0;0;0;1;0;1;0;0;0;0;0;0;0;0;1;0;0;0;0;0;0;0;0;0;0;0;0;0;0;0;0;1;0;0;0;0;1;0;0;0;0;0;0;0;1;0;0;0;0;0;0;0;0;0;1;0;0;0;0;0;0;0;0;0;0;0;0;0;0;0;1
Schinus_terebinthifolia;Anacardiaceae;Alien;Non-Established;11.52;20;17.48;13;30;4;6;3;0;0;0;0;0;1;0;0;0;0;0;1;0;1;0;1;0;2;5;8;11;4;1;0;0;0;0;0;1;0;1;0;0;0;0;0;0;0;0;0;0;0;0;0;0;0;0;0;0;0;0;0;0;0;1;0;1;0;0;0;0;0;0;0;0;1;0;0;0;1;0;0;0;0;0;0;0;0;0;0;0;0;0;0;0;0;0;0;0;1;0;0;0;0;0;1
Sequoia_sempervirens;Cupressaceae;Alien;Non-Established;5.35;12.86;5.09;120;2200;1;12;12;1;0;0;0;0;0;0;0;0;0;0;1;1;0;0;1;-14;4.2;2;7;10;4;0;0;0;0;1;0;1;1;0;0;0;0;0;0;0;0;0;0;0;0;0;1;0;0;0;0;0;0;0;0;0;0;0;0;1;0;0;0;0;0;0;0;0;0;1;0;0;1;0;0;0;0;0;0;0;0;0;0;0;0;0;0;1;0;0;0;0;0;0;0;0;0;0;1
Sequoiadendron_giganteum;Cupressaceae;Alien;Naturalised;0.98;24.67;6.05;100;3200;1;12;12;0;0;0;0;1;1;0;0;0;0;0;2;1;0;0;1;-15;3.1;2.9;6;8;3;0;0;0;0;1;0;1;1;0;0;0;0;0;0;0;0;0;0;0;0;0;1;0;0;0;0;0;0;0;0;0;0;0;0;1;0;0;0;0;0;0;0;0;0;1;0;0;1;0;0;0;0;0;0;0;0;0;0;0;0;0;0;0;0;0;0;0;0;0;0;0;1;0;1
Serenoa_repens;Arecaceae;Alien;Non-Established;17.35;21.6;2771.3;50;500;7;9;3;0;0;0;0;0;1;0;0;0;0;0;1;1;0;0;1;-9.5;5;5;8;11;4;0;0;0;0;0;1;1;0;0;0;0;0;1;0;0;0;0;0;0;0;0;0;0;0;1;0;0;0;0;0;0;0;0;0;1;0;0;0;0;0;0;0;1;0;0;0;0;1;0;0;0;0;0;1;0;0;0;0;0;0;0;0;0;0;0;0;0;0;1;0;0;0;0;2
Sorbus_aucuparia;Rosaceae;Native;Native;35.04;20.95;111.98;25;150;5;6;2;0;0;0;0;1;1;0;1;0;0;0;3;0;1;0;1;-50;2.7;2.1;3;6;4;1;0;0;0;0;0;1;1;0;0;0;0;0;0;0;0;0;0;1;0;0;0;0;0;0;0;0;0;0;0;0;0;0;0;1;0;0;0;0;0;0;1;0;0;0;0;0;0;1;0;0;0;0;0;0;0;0;0;0;0;0;0;0;0;1;0;0;0;0;0;0;0;0;1
Sparrmannia_africana;Malvaceae;Alien;Non-Established;18.05;24.54;570.19;8;136;3;5;3;0;0;0;0;0;1;0;0;0;0;0;1;0;1;0;1;5;4;2;5;8;4;0;1;0;0;0;0;1;0;0;1;0;0;0;0;0;0;0;0;0;0;0;0;0;0;0;0;0;0;0;0;0;0;1;0;1;0;0;0;0;1;0;0;0;0;0;0;0;1;0;0;0;0;1;0;0;0;0;0;0;0;0;0;0;0;0;0;0;0;0;0;0;0;0;1
Spartium_junceum;Fabaceae;Native;Native;17.98;41.05;13.69;5;10;3;7;5;0;1;0;0;0;0;0;0;0;0;0;1;0;1;0;1;-15;1;5;8;9;2;0;1;0;0;0;0;1;0;0;1;0;0;0;0;0;0;0;0;0;0;0;0;0;0;0;0;0;0;0;0;0;0;0;1;1;0;1;0;0;0;0;0;0;0;0;0;0;0;1;0;0;0;0;0;0;0;0;0;0;0;0;0;0;0;1;0;0;0;0;0;0;0;0;1
Spiraea_cantoniensis;Rosaceae;Alien;Naturalised;14.51;22.83;177.77;2;15;3;5;3;0;0;0;0;1;1;0;0;0;0;0;2;0;1;0;1;-26;1;3;5;8;4;0;0;1;0;0;0;1;0;0;1;0;0;0;0;0;0;0;0;0;1;0;0;0;0;0;0;0;0;0;0;0;0;0;0;1;0;0;0;0;0;0;0;0;1;0;0;0;0;1;0;0;0;0;0;1;0;0;1;0;0;0;0;0;0;0;1;0;0;0;0;0;0;0;3
Spiraea_hypericifolia;Rosaceae;Native;Native;14.3;23.83;149.33;1.5;15;4;5;2;0;0;0;0;1;1;0;0;0;0;0;2;0;1;0;1;-26;1;3;5;8;4;0;0;1;0;0;0;1;0;0;1;0;0;0;0;0;0;0;0;0;0;0;0;0;0;0;0;0;0;1;0;0;0;0;0;1;0;0;0;0;0;0;0;0;1;0;0;0;0;1;0;0;0;0;0;0;0;0;0;0;0;0;0;0;0;1;0;0;0;0;0;0;0;0;1
Stranvaesia_nussia;Rosaceae;Alien;Non-Established;12.16;17.41;984.04;5;50;4;5;2;0;0;0;0;1;1;0;0;0;0;0;2;0;1;0;1;-6.5;3;2.6;7;10;4;0;0;0;1;0;0;1;0;1;0;0;0;0;0;0;0;0;0;1;0;0;0;0;0;0;0;0;0;0;0;0;0;0;0;1;0;0;0;0;0;0;1;0;0;0;0;0;1;0;0;0;0;0;0;0;0;0;0;0;0;0;1;0;0;0;0;0;0;0;0;0;0;0;1
Styphnolobium_japonicum;Fabaceae;Alien;Non-Established;11;29.67;118.16;25;60;7;9;3;0;1;0;0;0;0;0;0;0;1;0;2;0;1;0;1;-25;3;2.8;5;9;5;1;0;0;0;0;0;1;0;1;0;0;0;0;0;0;0;0;0;0;0;0;0;0;0;0;0;0;0;0;0;1;0;0;0;1;0;1;0;0;0;0;0;0;0;0;0;0;0;1;0;0;0;0;0;0;0;0;0;0;0;0;1;0;0;0;0;0;0;0;0;0;0;0;1
Syagrus_coronata;Arecaceae;Alien;Non-Established;10.66;21.72;2205.29;50;50;3;9;7;0;0;0;0;0;1;0;0;0;0;0;1;1;0;0;1;-6.6;1.8;2.8;4;7;4;0;0;0;0;0;1;1;0;0;0;0;0;1;0;0;0;0;0;0;0;0;0;0;0;1;0;0;0;0;0;0;0;0;0;1;0;0;0;0;0;0;0;1;0;0;0;0;0;1;0;0;0;0;0;0;0;0;0;0;0;0;0;1;0;0;0;0;0;0;0;0;0;0;1
Syagrus_romanzoffiana;Arecaceae;Alien;Non-Established;8.87;20.93;3450.67;50;50;3;9;7;0;0;0;0;0;1;0;0;0;0;0;1;1;0;0;1;-4;1;2;4;8;5;0;0;0;0;0;1;1;0;0;0;0;0;1;0;0;0;0;0;0;0;0;0;0;0;1;0;0;0;0;0;0;0;0;0;1;0;0;0;0;0;0;0;1;0;0;0;0;1;0;0;0;0;0;0;0;0;0;0;0;0;0;0;1;0;0;0;0;0;0;0;0;0;0;1
Symphoricarpos_orbiculatus;Caprifoliaceae;Alien;Non-Established;10.57;21.79;5.95;2;25;6;10;5;0;0;0;0;0;1;0;0;0;0;0;1;0;1;0;1;-30;3;3;4;8;5;0;1;0;0;0;0;1;0;0;1;0;0;0;0;0;0;0;0;0;0;0;0;0;0;0;0;0;0;1;0;0;0;0;0;1;0;0;0;0;0;0;0;0;1;0;0;0;0;1;0;0;0;0;0;0;0;0;1;0;0;0;0;0;0;0;0;0;0;0;0;0;0;0;1
Syringa_komarowii;Oleaceae;Alien;Non-Established;13.2;17.88;8.38;6;43;5;7;3;0;0;0;0;0;1;0;0;0;0;0;1;0;1;0;1;-23.5;2.4;2.8;4;8;5;0;1;0;0;0;0;1;0;0;1;0;0;0;0;0;0;0;0;0;0;0;0;0;0;0;0;0;0;0;1;0;0;0;0;1;0;0;0;0;0;0;0;0;1;0;0;0;0;1;0;0;0;0;0;0;0;0;1;0;0;0;0;0;0;0;0;0;0;0;0;0;0;0;1
Syringa_persica;Oleaceae;Alien;Non-Established;13.12;19.29;31.15;3;21;9;10;2;0;0;0;0;0;1;0;0;0;0;0;1;0;1;0;1;-17.2;2.4;2.7;5;8;4;0;1;0;0;0;0;1;0;0;1;0;0;0;0;0;0;0;0;0;0;0;0;0;0;0;0;0;0;0;1;0;0;0;0;1;0;0;0;0;1;0;0;0;0;0;0;0;0;1;0;0;0;0;0;0;0;0;0;0;0;0;0;0;0;0;0;0;1;0;0;0;0;0;1
Syringa_pubescens;Oleaceae;Alien;Non-Established;13.54;15.7;35.43;4;41;5;7;3;0;0;0;0;0;1;0;0;0;0;0;1;0;1;0;1;-23.5;2.3;2.8;4;8;5;0;1;0;0;0;0;1;0;0;1;0;0;0;0;0;0;0;0;0;0;0;0;0;0;0;0;0;0;0;1;0;0;0;0;1;0;0;0;0;1;0;0;0;0;0;0;0;0;1;0;0;0;0;0;0;0;0;1;0;0;0;0;0;0;0;0;0;0;0;0;0;0;0;1
Syringa_vulgaris;Oleaceae;Alien;Naturalised;13.2;19.4;5.57;10;10;4;5;2;1;0;0;0;1;0;0;0;0;0;0;2;0;1;0;1;-39;2.7;3;3;7;5;1;0;0;0;0;0;1;0;1;0;0;0;0;0;0;0;0;0;0;0;0;0;0;0;0;0;0;0;0;0;0;0;1;0;1;0;0;0;0;1;0;0;0;0;0;0;0;0;1;0;0;0;1;0;0;0;0;0;0;0;0;0;0;0;0;0;0;0;0;0;0;0;0;1
Syzygium_australe;Myrtaceae;Alien;Non-Established;65.29;21.58;273.11;35;248;12;1;2;0;0;0;0;0;1;0;0;0;0;0;1;0;1;0;1;-8.3;1.8;2.5;7;10;4;0;1;0;0;0;0;1;0;1;0;0;0;0;0;0;0;0;0;0;0;0;0;0;0;0;0;0;0;0;0;0;0;1;0;1;0;0;0;0;1;0;0;0;0;0;0;0;1;0;0;0;0;1;0;0;0;0;0;0;0;0;0;0;0;0;0;0;1;0;0;0;0;0;2
Syzygium_paniculatum;Myrtaceae;Alien;Non-Established;8.52;15.36;125.84;15;200;6;10;5;0;0;0;0;0;1;0;0;0;0;0;1;0;1;0;1;-9.1;2.2;2.7;6;9;4;1;0;0;0;0;0;1;1;0;0;0;0;0;0;0;0;0;0;0;0;0;0;0;0;0;0;0;0;0;0;0;0;1;0;1;0;0;0;0;1;0;0;0;0;0;0;0;1;0;0;0;0;0;0;0;0;0;1;0;0;0;0;0;0;0;0;0;0;0;0;0;0;0;1
Tamarindus_indica;Fabaceae;Alien;Non-Established;12.97;19.67;771.63;24;200;5;8;4;0;1;0;0;0;0;0;0;0;0;0;1;0;1;0;1;-8;1;5;10;12;3;1;0;0;0;0;0;1;0;1;0;0;0;0;0;0;0;0;0;0;0;0;0;0;0;0;0;0;0;0;0;1;0;0;0;1;0;1;0;0;0;0;0;0;0;0;0;0;1;0;0;0;0;0;0;0;0;0;0;0;0;0;0;0;0;1;0;0;0;0;0;0;0;0;1
Tamarix_africana;Tamaricaceae;Native;Native;19.88;24.86;55.35;10;20;4;6;3;0;0;1;0;0;0;0;0;0;0;0;1;0;1;0;1;-15;1;1;7;10;4;1;0;0;0;0;0;1;0;0;0;0;1;0;0;0;0;0;0;0;0;0;0;0;0;0;0;1;0;0;0;0;0;0;0;1;0;0;0;0;1;0;0;0;0;0;0;0;0;1;0;0;0;0;0;0;0;0;0;0;0;0;0;0;0;0;0;0;0;0;0;0;1;0;1
Tamarix_canariensis;Tamaricaceae;Native;Native;19.67;25.64;58.2;10;10;4;9;6;0;0;0;0;0;1;0;0;0;0;0;1;0;1;0;1;-15;1;1;7;10;4;1;0;0;0;0;0;1;0;0;0;0;1;0;0;0;0;0;0;0;0;0;0;0;0;0;0;1;0;0;0;0;0;0;0;1;0;0;0;0;1;0;0;0;0;0;0;0;0;1;0;0;0;0;0;0;0;0;0;0;0;0;0;0;0;0;0;0;0;0;0;0;1;0;1
Tamarix_gallica;Tamaricaceae;Native;Native;20.11;29.78;0.03;10;10;4;6;3;1;0;1;0;0;0;0;0;0;0;0;2;0;1;0;1;-26;1;1;4;8;5;1;0;0;0;0;0;1;0;0;0;0;1;0;0;0;0;0;0;0;0;0;0;0;0;0;0;1;0;0;0;0;0;0;0;1;0;0;0;0;1;0;0;0;0;0;0;0;0;1;0;0;0;0;0;0;0;0;0;0;0;0;0;0;0;0;0;0;0;0;0;0;1;0;1
Tamarix_parviflora;Tamaricaceae;Alien;Non-Established;19.98;24.28;30.75;10;47;4;6;3;1;0;0;0;0;0;0;0;0;0;0;1;0;1;0;1;-26;1;1;4;8;5;1;0;0;0;0;0;1;0;0;0;0;1;0;0;0;0;0;0;0;0;0;0;0;0;0;0;1;0;0;0;0;0;0;0;1;0;0;0;0;1;0;0;0;0;0;0;0;0;1;0;0;0;0;0;0;0;0;0;0;0;0;0;0;0;0;0;0;0;0;0;0;1;0;1
Tamarix_tetrandra;Tamaricaceae;Alien;Non-Established;20.26;28.91;0.29;5;60;4;6;3;0;0;0;0;0;1;0;0;0;0;0;1;0;1;0;1;-26.1;1.3;1.4;4;8;5;1;0;0;0;0;0;1;0;0;0;0;1;0;0;0;0;0;0;0;0;0;0;0;0;0;0;1;0;0;0;0;0;0;0;1;0;0;0;0;1;0;0;0;0;0;0;0;0;1;0;0;0;0;0;0;0;0;0;0;0;0;0;0;0;0;0;0;0;0;0;0;1;0;1
Taxodium_distichum;Cupressaceae;Alien;Non-Established;7.8;13.38;85.75;50;1200;5;5;1;0;0;0;0;0;0;0;1;0;0;0;1;1;0;0;1;-28;2.1;3.3;4;10;7;0;0;0;0;1;0;1;1;0;0;0;0;0;0;0;0;0;0;0;0;0;1;0;0;0;0;0;0;0;0;0;0;0;0;1;0;0;0;0;0;0;0;0;0;1;0;0;0;1;1;0;0;0;0;0;0;0;0;0;0;0;0;0;0;0;0;0;0;0;0;0;0;0;1
Taxodium_mucronatum;Cupressaceae;Alien;Non-Established;9.61;23.77;8.55;52;1000;2;3;2;0;0;0;0;1;1;0;0;0;0;0;2;1;0;0;1;-31.3;3.2;2.6;3;7;5;1;0;0;0;0;0;1;1;0;0;0;0;0;0;0;0;0;0;0;0;0;1;0;0;0;0;0;0;0;0;0;0;0;0;1;0;0;0;0;0;0;0;0;0;1;0;0;1;0;1;0;0;0;0;0;0;0;0;0;0;0;0;0;0;0;0;0;0;0;0;0;0;0;1
Taxus_baccata;Taxaceae;Native;Native;8.24;20.52;61.23;29;2000;3;5;3;0;0;0;0;1;1;0;0;0;0;0;2;1;0;0;1;-33;4.4;3;5;7;3;0;1;0;0;0;0;1;1;0;0;0;0;0;0;0;0;0;0;0;0;0;1;0;0;0;0;0;0;0;0;0;0;0;0;1;1;0;0;0;0;0;0;0;0;0;0;0;1;0;1;0;0;0;0;0;0;0;0;0;0;0;0;0;0;0;0;0;0;0;0;0;0;0;1
Tecoma_stans;Bignoniaceae;Alien;Naturalised;15.38;22.75;6.28;10;36;6;9;4;1;0;0;0;0;1;0;0;0;0;0;2;0;1;0;1;-8;1;5;6;9;4;1;0;0;0;0;0;1;0;0;0;1;0;0;0;0;0;0;0;0;0;0;0;0;0;0;0;0;0;0;0;0;0;1;0;1;0;0;0;0;1;0;0;0;0;0;0;0;1;0;0;0;0;0;0;0;0;0;0;0;0;0;1;0;0;0;0;0;0;0;0;0;0;0;1
Tecomaria_capensis;Bignoniaceae;Alien;Non-Established;15.43;22.59;164.84;8;40;9;12;4;0;0;0;0;0;1;0;0;0;0;0;1;0;1;0;1;-8;2;3;6;9;4;1;0;0;0;0;0;1;0;0;0;1;0;0;0;0;0;0;0;0;0;0;0;0;0;0;0;0;0;0;0;0;0;1;0;1;0;0;0;0;1;0;0;0;0;0;0;0;1;0;0;0;0;1;0;0;0;0;1;0;0;0;0;0;0;0;0;0;0;0;0;0;0;0;2
Tetraclinis_articulata;Cupressaceae;Native;Native;8.38;19.43;11.84;12;400;9;11;3;0;0;0;0;1;1;0;0;0;0;0;2;1;0;0;1;-13;2.2;3.2;7;10;4;0;0;0;0;1;0;1;1;0;0;0;0;0;0;0;0;0;0;0;0;0;0;0;0;0;1;0;0;0;0;0;0;0;0;1;0;0;0;0;1;0;0;0;0;0;0;0;1;0;0;0;0;0;0;0;0;0;0;0;0;0;0;0;0;0;0;0;0;0;0;0;1;0;1
Teucrium_chamaedrys;Lamiaceae;Native;Native;14.45;19.69;1.47;0.5;10;6;10;5;0;0;1;0;0;1;1;0;0;0;0;3;1;1;0;2;-11.4;1.9;3.6;6;9;4;1;0;0;0;0;0;1;0;0;1;0;0;0;0;0;0;0;0;0;0;0;0;0;0;0;0;0;0;0;0;0;0;1;0;1;0;1;0;0;0;0;0;0;0;0;0;0;1;0;0;0;0;0;0;0;0;0;0;0;0;0;0;0;1;0;0;0;0;0;0;0;0;0;1
Teucrium_fruticans;Lamiaceae;Native;Native;14.37;19.92;23.15;2.5;60;3;10;8;1;0;0;0;0;0;0;0;0;0;0;1;0;1;0;1;-9.5;1;5;6;9;4;1;0;0;0;0;0;1;0;0;1;0;0;0;0;0;0;0;0;0;0;0;0;0;0;0;0;0;0;0;0;0;0;1;0;1;0;1;0;0;0;0;0;0;0;0;0;0;1;0;0;0;0;0;0;0;0;0;0;0;0;0;1;0;0;0;0;0;0;0;0;0;0;0;1
Thuja_occidentalis;Cupressaceae;Alien;Non-Established;12.4;17.05;1.39;35;800;3;5;3;1;0;0;0;0;0;0;0;0;0;0;1;1;0;0;1;-36;3.5;2.7;3;7;5;0;0;0;0;1;0;1;1;0;0;0;0;0;0;0;0;0;0;0;0;0;1;0;0;0;0;0;0;0;0;0;0;0;0;1;0;0;0;0;0;0;0;0;0;1;0;0;1;0;0;0;0;0;0;0;0;0;0;0;0;0;0;0;0;0;0;0;0;0;0;0;1;0;1
Thuja_plicata;Cupressaceae;Alien;Non-Established;9.84;35.74;1.33;80;1000;4;4;1;1;0;0;0;0;0;0;0;0;0;0;1;1;0;0;1;-36;4.7;2.2;5;8;4;0;0;0;0;1;0;1;1;0;0;0;0;0;0;0;0;0;0;0;0;0;1;0;0;0;0;0;0;0;0;0;0;0;0;1;1;0;0;0;0;0;0;0;0;0;0;0;1;0;0;0;0;0;0;0;0;0;0;0;0;0;0;0;0;0;0;0;0;0;0;0;1;0;1
Thunbergia_grandiflora;Acanthaceae;Alien;Non-Established;19.77;23.23;144.86;10;25;1;12;12;0;0;0;0;0;1;0;0;0;0;0;1;0;1;0;1;5;2;2;7;9;3;0;1;0;0;0;0;1;0;0;0;1;0;0;0;0;0;0;0;0;0;0;0;0;0;0;0;0;0;1;0;0;0;0;0;1;0;0;0;0;1;0;0;0;0;0;0;0;1;0;0;0;0;0;0;0;0;0;1;0;0;0;0;0;0;0;0;0;1;0;0;0;0;0;2
Thymus_vulgaris;Lamiaceae;Native;Native;8.29;15.89;0.92;0.5;15;5;10;6;0;0;0;0;0;0;1;0;0;0;0;1;0;1;1;2;-11;1.9;3.5;6;9;4;0;1;0;0;0;0;1;0;0;1;0;0;0;0;0;0;0;0;0;0;0;0;0;0;0;0;0;0;1;0;0;0;0;0;1;0;1;0;0;0;0;0;0;0;0;0;0;1;0;0;0;0;0;0;0;0;0;0;0;0;0;0;0;0;0;0;0;1;0;0;0;0;0;1
Tilia_americana;Malvaceae;Alien;Non-Established;28.14;26.08;92.64;43;200;6;6;1;1;0;0;0;0;1;0;0;0;0;0;2;0;1;0;1;-39;3.8;2.3;3;9;7;1;0;0;0;0;0;1;1;0;0;0;0;0;0;0;0;0;1;0;0;0;0;0;0;0;0;0;0;0;0;0;0;0;0;1;0;0;0;0;0;0;0;0;1;0;0;0;0;1;0;0;0;0;0;0;0;0;0;0;0;0;0;0;0;0;0;0;1;0;0;0;0;0;1
Tilia_cordata;Malvaceae;Native;Native;24.69;23.72;46.01;43;750;6;7;2;0;0;0;0;0;1;0;0;0;0;0;1;0;1;0;1;-19;4.2;2.8;3;9;7;1;0;0;0;0;0;1;0;1;0;0;0;0;0;0;0;0;1;0;0;0;0;0;0;0;0;0;0;0;0;0;0;0;0;1;0;0;0;0;1;0;0;0;0;0;0;0;0;1;0;0;0;1;0;0;0;0;0;0;0;0;0;0;0;0;0;0;0;0;0;0;0;0;1
Tilia_platyphyllos;Malvaceae;Native;Native;30.61;37.93;95.73;40;1000;5;7;3;1;1;0;0;1;1;0;0;0;0;1;5;0;1;0;1;-50;4;2.5;4;6;3;1;0;0;0;0;0;1;0;1;0;0;0;0;0;0;0;0;1;0;0;0;0;0;0;0;0;0;0;0;0;0;0;0;0;1;0;0;0;1;0;0;0;0;0;0;0;0;0;1;0;0;0;1;0;0;0;0;0;0;0;0;0;0;0;0;0;0;0;0;0;0;0;0;1
Tilia_tomentosa;Malvaceae;Alien;Non-Established;23.77;25.3;101.24;30;500;7;8;2;1;0;0;0;0;1;0;0;0;0;0;2;0;1;0;1;-26;3.3;2.8;4;7;4;1;0;0;0;0;0;1;1;0;0;0;0;0;0;0;0;0;0;0;0;0;0;0;0;0;0;0;0;0;0;0;0;1;0;1;0;0;0;0;1;0;0;0;0;0;0;0;0;1;0;0;0;1;0;0;0;0;0;0;0;0;0;0;0;0;0;0;0;0;0;0;0;0;1
Tipuana_tipu;Fabaceae;Alien;Naturalised;14.75;23.12;513.83;40;50;6;8;3;0;1;0;0;0;0;0;0;0;1;0;2;0;1;0;1;0;2;4;5;9;5;1;0;0;0;0;0;1;0;1;0;0;0;0;0;0;0;0;0;0;0;0;0;0;0;0;0;0;0;0;0;1;0;0;0;1;0;1;0;0;0;0;0;0;0;0;0;0;0;0;0;0;0;0;0;0;0;0;0;0;0;0;0;0;0;0;0;0;1;0;0;0;0;0;1
Torminalis_glaberrima;Rosaceae;Alien;Non-Established;19.58;21.92;122.45;40;300;5;6;2;0;0;0;0;0;1;0;0;0;0;0;1;0;1;0;1;-20.5;3.4;3.7;5;9;5;0;0;1;0;0;0;1;1;0;0;0;0;0;0;0;0;0;0;1;0;0;0;0;0;0;0;0;0;0;0;0;0;0;0;1;0;0;0;0;0;0;1;0;0;0;0;0;0;1;0;0;0;0;0;0;0;0;0;0;0;0;0;0;0;0;0;0;0;1;0;0;0;0;1
Trachelium_caeruleum;Campanulaceae;Native;Native;16.55;28.33;0.01;1;27;6;10;5;0;0;0;0;0;1;0;0;0;0;0;1;0;1;0;1;-6.9;1.8;2.7;7;10;4;0;1;0;0;0;0;1;0;0;1;0;0;0;0;0;0;0;0;0;0;0;0;0;0;0;0;0;0;0;0;0;0;1;0;1;0;0;0;0;0;0;0;0;1;0;0;0;1;0;0;0;0;0;0;0;0;0;0;0;0;0;0;0;1;0;0;0;0;0;0;0;0;0;1
Trachelospermum_jasminoides;Apocynaceae;Alien;Non-Established;19.19;19.69;26.09;4.5;26;5;7;3;0;1;0;0;1;1;0;0;0;0;0;3;0;1;0;1;-13.9;2.5;2.7;7;10;4;0;1;0;0;0;0;1;0;0;0;1;0;0;0;0;0;0;0;0;0;0;0;0;0;0;0;0;0;0;0;0;0;1;0;1;0;0;0;0;1;0;0;0;0;0;0;0;1;0;0;0;0;0;0;0;0;0;1;0;0;0;0;0;0;0;0;0;0;0;0;0;0;0;1
Trachycarpus_fortunei;Arecaceae;Alien;Naturalised;6.4;21.66;180.3;50;30;5;6;2;0;0;0;0;0;1;0;0;0;0;0;1;1;0;0;1;-17;1;5;8;11;4;0;0;0;0;0;1;1;0;0;0;0;0;1;0;0;0;0;0;0;0;0;0;0;0;1;0;0;0;0;0;0;0;0;0;1;0;0;0;0;0;0;0;1;0;0;0;0;1;0;0;0;0;0;1;0;0;0;0;0;0;0;0;0;0;0;0;0;0;1;0;0;0;0;2
Trithrinax_campestris;Arecaceae;Alien;Non-Established;10.21;22.41;2421.69;50;199;9;11;3;0;0;0;0;0;1;0;0;0;0;0;1;1;0;0;1;-9;3;3;3;6;4;0;0;0;0;0;1;1;0;0;0;0;0;1;0;0;0;0;0;0;0;0;0;0;0;1;0;0;0;0;0;0;0;0;0;1;0;0;0;0;0;0;0;1;0;0;0;0;1;0;0;0;0;0;1;0;0;0;0;0;0;0;0;0;0;0;0;0;0;1;0;0;0;0;2
Tsuga_canadensis;Pinaceae;Alien;Non-Established;10.17;12.63;6.36;53;1000;4;5;2;1;0;0;0;0;0;0;0;0;0;0;1;1;0;0;1;-31.5;4.8;1;4;7;4;1;0;0;0;0;0;1;1;0;0;0;0;0;0;0;0;0;0;0;0;0;1;0;0;0;0;0;0;0;0;0;0;0;0;1;1;0;0;0;0;0;0;0;0;0;0;0;1;0;1;0;0;0;0;0;0;0;0;0;0;0;0;0;0;0;0;0;0;0;0;0;0;0;1
Ulex_parviflorus;Fabaceae;Native;Native;13.51;24.2;155.28;1.4;15;10;6;9;0;1;0;0;0;0;0;0;0;0;0;1;0;1;0;1;-28;2.1;3.2;7;10;4;0;1;0;0;0;0;1;0;0;1;0;0;0;0;0;0;0;0;0;0;0;0;0;0;0;0;0;0;0;0;0;0;0;1;1;0;1;0;0;0;0;0;0;0;0;0;0;1;0;0;0;0;0;0;0;0;0;0;0;0;0;0;0;0;0;0;0;0;0;1;0;0;0;1
Ulmus_americana;Ulmaceae;Alien;Non-Established;17.58;20.86;5.32;42;300;3;4;2;1;0;0;0;0;0;0;0;0;0;0;1;1;0;0;1;-42;3.1;2.9;3;9;7;1;0;0;0;0;0;1;0;1;0;0;0;0;0;0;0;0;0;0;0;0;0;0;0;0;0;0;0;1;0;0;0;0;0;1;0;0;0;0;0;1;0;0;0;0;0;0;0;1;0;0;0;0;0;0;0;0;0;0;0;0;0;0;0;1;0;0;0;0;0;0;0;0;1
Ulmus_glabra;Ulmaceae;Alien;Non-Established;13.23;22.01;11.53;48;400;3;4;2;1;1;0;0;0;0;0;0;0;0;1;3;1;0;0;1;-16;3.5;2.4;5;7;3;1;0;0;0;0;0;1;0;1;0;0;0;0;0;0;0;0;0;0;0;0;0;0;0;0;0;0;0;1;0;0;0;0;0;1;0;0;0;0;0;1;0;0;0;0;0;0;0;1;0;0;0;0;0;0;0;0;0;0;0;0;0;0;0;1;0;0;0;0;0;0;0;0;1
Ulmus_minor;Ulmaceae;Native;Native;19.79;25.41;9.26;40;100;3;4;2;1;0;0;0;0;0;0;0;0;0;0;1;1;0;0;1;-20;3.4;3.4;3;8;6;1;0;0;0;0;0;1;0;1;0;0;0;0;0;0;0;0;0;0;0;0;0;0;0;0;0;0;0;1;0;0;0;0;0;1;0;0;0;0;0;1;0;0;0;0;0;0;0;1;0;0;0;0;0;0;0;0;1;0;0;0;0;0;0;0;0;0;0;0;0;0;0;0;1
Ulmus_pumila;Ulmaceae;Alien;Naturalised;9.91;25.49;6.23;30;60;3;3;1;1;0;0;0;0;0;0;0;0;0;0;1;1;0;0;1;-31.5;2.5;3.4;4;9;6;1;0;0;0;0;0;1;0;1;0;0;0;0;0;0;0;0;0;0;0;0;0;0;0;0;0;0;0;1;0;0;0;0;0;1;0;0;0;0;0;1;0;0;0;0;0;0;0;1;0;0;0;0;0;0;0;0;1;0;0;0;0;0;0;0;0;0;0;0;0;0;0;0;1
Veronica_salicifolia;Plantaginaceae;Alien;Non-Established;27.92;24.11;0.05;2;40;7;11;5;1;0;0;0;0;0;0;0;0;0;0;1;0;1;0;1;-11.6;2;2.9;6;9;4;0;1;0;0;0;0;1;0;0;1;0;0;0;0;0;0;0;0;0;0;0;0;0;0;0;0;0;0;0;0;0;0;1;0;1;0;0;0;0;1;0;0;0;0;0;0;0;1;0;0;0;0;0;0;0;0;0;0;0;0;0;1;0;0;0;0;0;0;0;0;0;0;0;1
Vesalea_floribunda;Caprifoliaceae;Alien;Non-Established;4.81;17.9;58.17;3;74;5;10;6;1;0;0;0;0;0;0;0;0;0;0;1;0;1;0;1;-5;3;4;8;9;2;0;1;0;0;0;0;1;0;0;0;0;0;0;0;0;1;0;0;0;0;0;0;0;0;0;0;0;0;0;0;0;0;1;0;1;0;0;0;0;0;0;0;1;0;0;0;0;1;0;0;0;0;0;0;0;0;0;0;0;0;0;0;0;0;0;0;0;1;0;0;0;0;0;1
Viburnum_lantana;Adoxaceae;Native;Native;22.89;19.32;71.57;6;40;4;6;3;0;0;0;0;1;1;0;0;0;0;0;2;0;1;0;1;-36.1;1.9;3.5;4;8;5;1;0;0;0;0;0;1;0;0;1;0;0;0;0;0;0;0;0;0;0;0;0;0;0;0;0;0;0;1;0;0;0;0;0;1;0;0;0;0;0;0;0;0;1;0;0;0;0;1;0;0;0;0;0;0;0;0;1;0;0;0;0;0;0;0;0;0;0;0;0;0;0;0;1
Viburnum_odoratissimum;Adoxaceae;Native;Native;12.67;18.12;26.1;10;40;4;6;3;0;0;0;0;0;1;0;0;0;0;0;1;0;1;0;1;-4;2;1;8;10;3;0;1;0;0;0;0;1;0;0;1;0;0;0;0;0;0;0;0;0;0;0;0;0;0;0;0;0;0;1;0;0;0;0;0;1;0;0;0;0;0;0;0;0;1;0;0;0;1;0;0;0;0;0;0;0;0;0;1;0;0;0;0;0;0;0;0;0;0;0;0;0;0;0;1
Viburnum_opulus;Adoxaceae;Native;Native;16.37;21.81;75.86;5;50;5;6;2;0;1;0;0;1;1;0;0;0;0;1;4;0;1;0;1;-37;2.7;2.2;3;8;6;1;0;0;0;0;0;1;0;0;1;0;0;0;0;0;0;0;0;0;0;0;0;0;0;0;0;0;0;1;0;0;0;0;0;1;0;0;0;0;0;0;0;0;1;0;0;0;0;1;0;0;0;0;0;0;0;0;0;0;0;0;0;0;0;0;0;0;0;1;0;0;0;0;1
Viburnum_rhytidophyllum;Adoxaceae;Alien;Non-Established;16.67;20.34;27.59;7;37;5;6;2;0;0;0;0;1;1;0;0;0;0;0;2;0;1;0;1;-26;3;1;6;9;4;1;0;0;0;0;0;1;0;0;1;0;0;0;0;0;0;0;0;0;0;0;0;0;0;0;0;0;0;0;0;0;0;1;0;1;0;0;0;0;1;0;0;0;0;0;0;0;1;0;0;0;0;0;0;0;0;0;0;0;0;0;1;0;0;0;0;0;0;0;0;0;0;0;1
Viburnum_suspensum;Adoxaceae;Alien;Non-Established;13.34;18.34;61.35;3.5;58;5;6;2;0;0;0;0;0;1;0;0;0;0;0;1;0;1;0;1;-4;3;1;8;10;3;0;1;0;0;0;0;1;0;0;1;0;0;0;0;0;0;0;0;0;0;0;0;0;0;0;0;0;0;0;0;0;0;1;0;1;0;0;0;0;1;0;0;0;0;0;0;0;1;0;0;0;0;0;0;0;0;0;0;0;0;0;0;0;0;0;1;0;1;0;0;0;0;0;2
Viburnum_tinus;Adoxaceae;Native;Native;7.67;12.13;40.68;7;69;1;4;4;0;0;0;0;0;1;0;0;0;0;0;1;0;1;0;1;-15;3;1;8;9;2;0;1;0;0;0;0;1;0;0;1;0;0;0;0;0;0;0;0;0;0;0;0;0;0;0;0;0;0;1;0;0;0;0;0;1;0;0;0;0;0;0;0;0;1;0;0;0;1;0;0;0;0;0;0;0;0;0;0;0;0;0;0;0;0;1;0;0;0;0;0;0;0;0;1
Vinca_major;Apocynaceae;Alien;Naturalised;18.05;28.52;15.31;1;2;3;6;4;0;1;0;0;0;0;0;0;0;0;0;1;0;1;0;1;-10.5;2;3;8;9;2;0;1;0;0;0;0;1;0;0;1;0;0;0;0;0;0;0;0;0;1;0;0;0;0;0;0;0;0;0;0;0;0;0;0;1;0;0;0;0;0;0;0;0;0;0;0;1;1;0;0;0;0;0;0;0;0;0;0;0;0;0;1;0;0;0;0;0;1;0;0;0;0;0;2
Vinca_minor;Apocynaceae;Native;Native;23.92;33.25;8.64;1;2;3;6;4;0;1;0;0;1;1;0;0;0;0;0;3;0;1;0;1;-33;2;3.2;4;8;5;1;0;0;0;0;0;1;0;0;1;0;0;0;0;0;0;0;0;0;0;0;0;0;0;0;0;0;0;1;0;0;0;0;0;1;0;0;0;0;0;0;0;0;0;0;0;1;1;0;0;0;0;0;0;0;0;0;1;0;0;0;0;0;0;0;0;0;0;0;0;0;0;0;1
Vitex_agnus-castus;Lamiaceae;Native;Native;12.01;33.4;8.57;6;9;6;7;2;1;0;0;0;0;0;0;0;0;0;0;1;0;1;0;1;-15;1;3;7;9;3;1;0;0;0;0;0;1;0;1;0;0;0;0;0;0;0;0;0;0;0;0;0;0;0;0;0;0;0;0;0;0;0;1;0;1;0;0;0;0;1;0;0;0;0;0;0;0;0;1;0;0;0;0;0;0;0;0;0;0;0;0;1;0;0;0;0;0;0;0;0;0;0;0;1
Vitis_vinifera;Vitaceae;Native;Native;18.71;25.23;30.43;35;400;6;7;2;0;0;0;0;0;1;0;0;0;0;0;1;0;1;0;1;-18;1;2;6;10;5;1;0;0;0;1;0;2;0;0;0;1;0;0;0;0;0;0;0;0;0;0;0;0;0;0;0;1;0;0;0;0;0;0;0;1;0;0;0;0;0;0;0;1;0;0;0;0;0;1;0;0;0;0;0;0;0;0;0;0;0;0;0;0;1;0;0;0;0;0;0;0;0;0;1
Washingtonia_filifera;Arecaceae;Alien;Naturalised;9.02;21.84;76.3;18;200;5;7;3;0;0;0;0;0;1;0;0;0;0;0;1;1;0;0;1;-10;1;4;9;11;3;0;0;0;0;0;1;1;0;0;0;0;0;1;0;0;0;0;0;0;0;0;0;0;0;1;0;0;0;0;0;0;0;0;0;1;0;0;0;0;0;0;0;1;0;0;0;0;1;0;0;0;0;0;1;0;0;0;0;0;0;0;0;0;0;0;0;0;0;1;0;0;0;0;2
Weigela_florida;Caprifoliaceae;Alien;Non-Established;14.78;24.73;26.77;4;30;5;10;6;0;0;0;0;1;1;0;0;0;0;0;2;0;1;0;1;-26;3;1;4;8;5;0;1;0;0;0;0;1;0;0;1;0;0;0;0;0;0;0;0;0;1;0;0;0;0;0;0;0;0;0;0;0;0;0;0;1;0;0;0;0;0;0;0;0;1;0;0;0;0;1;0;0;0;0;0;0;0;0;1;0;0;0;0;0;0;0;0;0;0;0;0;0;0;0;1
Wisteria_floribunda;Fabaceae;Alien;Naturalised;20.9;23.99;37.8;12;50;4;7;4;0;0;0;0;0;0;0;1;0;0;0;1;0;1;0;1;-26;1;2;5;9;5;0;1;0;0;0;0;1;0;0;0;1;0;0;0;0;0;0;0;0;0;0;0;0;0;0;0;0;0;0;0;1;0;0;0;1;0;1;0;0;0;0;0;0;0;0;0;0;0;1;0;0;0;0;0;0;0;0;0;0;0;0;0;0;0;0;0;0;1;0;0;0;0;0;1
Wisteria_sinensis;Fabaceae;Alien;Naturalised;36.82;26.08;460;30;10;4;7;4;0;0;0;1;0;0;0;1;0;0;0;2;0;1;0;1;-26;3;1;5;9;5;1;0;0;0;0;0;1;0;0;0;1;0;0;0;0;0;0;0;0;0;0;0;0;0;0;0;0;0;0;0;1;0;0;0;1;0;1;0;0;0;0;0;0;0;0;0;0;0;1;0;0;0;0;0;0;0;0;0;0;0;0;0;0;0;0;0;0;1;0;0;0;0;0;1
Yucca_aloifolia;Asparagaceae;Alien;Naturalised;3.93;14.8;30.19;8;176;1;11;11;0;0;0;0;0;1;0;0;0;0;0;1;0;1;0;1;4;1;3;8;10;3;0;0;0;0;0;1;1;0;0;0;0;0;1;0;0;0;0;0;0;0;0;0;0;0;0;1;0;0;0;0;0;0;0;0;1;0;0;0;0;0;0;0;1;0;0;0;0;1;0;0;0;0;0;0;0;0;0;0;0;0;0;0;1;0;0;0;0;0;0;0;0;0;0;1
Yucca_gigantea;Asparagaceae;Alien;Non-Established;8.18;18.92;2144.07;9;50;5;6;2;0;0;0;0;0;1;0;0;0;0;0;1;0;1;0;1;0;3;3;7;9;3;0;0;0;0;0;1;1;0;0;0;0;0;1;0;0;0;0;0;0;0;0;0;0;0;0;1;0;0;0;0;0;0;0;0;1;0;0;0;0;0;0;0;1;0;0;0;0;1;0;0;0;0;0;0;0;0;0;0;0;0;0;1;0;0;0;0;0;0;0;0;0;0;0;1
Yucca_gloriosa;Asparagaceae;Alien;Naturalised;3.91;19.2;1532.47;5;50;12;12;1;0;0;0;0;0;1;0;0;0;0;0;1;0;1;0;1;-15;2;4;6;11;6;0;0;0;0;0;1;1;0;0;0;0;0;1;0;0;0;0;0;0;0;0;0;0;0;0;1;0;0;0;0;0;0;0;0;1;0;0;0;0;0;0;0;1;0;0;0;0;1;0;0;0;0;0;0;0;0;0;0;0;0;0;1;0;0;0;0;0;0;0;0;0;0;0;1
Zelkova_carpinifolia;Ulmaceae;Alien;Non-Established;15.5;23.61;13.31;35;200;4;10;7;0;0;0;0;0;1;0;0;0;0;0;1;1;0;0;1;-20;2;1;4;8;5;0;0;1;0;0;0;1;0;1;0;0;0;0;0;0;0;0;0;0;0;0;0;0;0;0;0;0;0;1;0;0;0;0;0;1;0;0;0;0;0;1;0;0;0;0;0;0;0;1;0;0;0;0;0;0;0;0;0;0;0;0;0;0;0;1;0;0;0;0;0;0;0;0;1
Zelkova_serrata;Ulmaceae;Alien;Non-Established;11.38;16.56;19.56;40;350;3;4;2;0;0;0;0;0;1;0;0;0;0;0;1;1;0;0;1;-36;2.1;3.4;5;8;4;1;0;0;0;1;0;2;0;1;0;0;0;0;0;0;0;0;0;0;0;0;0;0;0;0;0;0;0;1;0;0;0;0;0;1;0;0;0;0;0;1;0;0;0;0;0;0;0;1;0;0;0;0;0;0;0;0;0;0;0;0;0;0;0;0;0;0;1;0;0;0;0;0;1
Ziziphus_jujuba;Rhamnaceae;Alien;Naturalised;9.33;20.67;430.24;15;300;6;6;1;0;0;0;0;0;1;0;0;0;0;0;1;0;1;0;1;-20.5;1.4;5;5;9;5;1;0;0;0;0;0;1;0;1;0;0;0;0;0;0;0;0;0;0;0;0;0;0;0;0;0;0;0;1;0;0;0;0;0;1;0;0;0;0;0;1;0;0;0;0;0;0;0;1;0;0;0;0;0;0;0;0;0;0;0;0;1;0;0;0;0;0;0;0;0;0;0;0;1
