Species;Family;Origin;Inv.Status;SLA;LNitr;Dweight;Height;Longevity;Phen_Time_Start;Phen_Time_End;Anemochory;Autochory;Barochory;Ballochory;Dyszoochory;Endozoochory;Epizoochory;Hydrochory;Meteorochory;Myrmecochory;Nautochory;Anemophily;Entomophily;Autogamy;Tfrost;Tshade;Tdrought;minHardiness;maxHardiness;Ridges;Smooth;Lenticels;Peeling_zones;Peeling_fibrous;Others;Conical;Rounded;Shrub;Climbing;Irregular;Fountain;Columnar;Weeping;Prostate;Layered;Fascicle;Corymbs;Actinomorphic;Glomeroles;Catkins;Cupule;Trumpet;Spadix;Spike;Compound_dichasium;Capitulum;Cymes;Globose;Raceme;Filiform;Panicle;Umbel;Cylindrical_Cone;Pod;Samara;Schizocarp;Capsule;Nut;Pome;Berry;Drupe;Galbulus;Syncarpus;Follicle;Evergreen;Decidious;Acicular;Cladode;Claw;Cordate;Costapalmate;Cuneate;Deltoid;Digitate;Elliptic;Falcate;Fan;Flabellate;Lanceolate;Linear;Lobed;Oblong;Obovate;Orbiculate;Ovate;Palmate;Phyllode;Rhomboid;Scale;Trifoliate
Abies_alba;Pinaceae;Native;;8.79;13.09;62.36;50;500;5;6;1;0;0;0;1;0;0;0;1;0;0;1;0;0;-23.1;4.6;1.81;5;8;1;0;0;0;0;0;1;0;0;0;0;0;0;0;0;0;0;0;0;0;1;0;0;0;0;0;0;0;0;0;0;0;0;1;0;0;0;0;0;0;0;0;0;0;0;1;0;1;0;0;0;0;0;0;0;0;0;0;0;0;0;0;0;0;0;0;0;0;0;0;0
Abies_concolor;Pinaceae;Alien;Non-Established;5.05;12.63;35.97;60;300;5;8;1;0;0;0;0;0;0;0;0;0;0;1;0;0;-38;4.465;2.105;3;7;1;1;0;0;0;0;1;0;0;0;0;0;0;0;0;0;0;0;0;0;1;0;0;0;0;0;0;0;0;0;0;0;0;1;0;0;0;0;0;0;0;0;0;0;0;1;0;1;0;0;0;0;0;0;0;0;0;0;0;0;0;0;0;0;0;0;0;0;0;0;0
Abies_koreana;Pinaceae;Alien;Non-Established;8.5;18.96;10;30;30;3;5;1;0;0;0;0;0;0;0;0;0;0;1;0;0;-1;5;2;5;7;0;1;0;0;0;0;1;0;0;0;0;0;0;0;0;0;0;0;0;0;1;0;0;0;0;0;0;0;0;0;0;0;0;1;0;0;0;0;0;0;0;0;0;0;0;1;0;1;0;0;0;0;0;0;0;0;0;0;0;0;0;0;0;0;0;0;0;0;0;0;0
Abies_nordmanniana;Pinaceae;Alien;Non-Established;7.1;14.41;80.12;70;500;3;5;1;0;0;0;0;0;0;0;0;0;0;1;0;0;-30;4.5;1;4;6;1;0;0;0;0;0;1;0;0;0;0;0;0;0;0;0;0;0;0;0;1;0;0;0;0;0;0;0;0;0;0;0;0;1;0;0;0;0;0;0;0;0;0;0;0;1;0;1;0;0;0;0;0;0;0;0;0;0;0;0;0;0;0;0;0;0;0;0;0;0;0
Abies_pinsapo;Pinaceae;Native;;3.42;16.08;55.5;35;250;1;5;1;0;0;0;0;0;0;0;0;0;0;1;0;0;-30;4;4.5;4;8;0;0;1;0;0;0;1;0;0;0;0;0;0;0;0;0;0;0;0;0;1;0;0;0;0;0;0;0;0;0;0;0;0;1;0;0;0;0;0;0;0;0;0;0;0;1;0;1;0;0;0;0;0;0;0;0;0;0;0;0;0;0;0;0;0;0;0;0;0;0;0
Abies_procera;Pinaceae;Alien;Non-Established;17.26;18.12;33.55;87;750;3;7;1;0;0;0;0;0;0;0;0;0;0;1;0;0;-30.5;2.533333333;2.333333333;5;6;1;1;0;0;0;0;1;0;0;0;0;0;0;0;0;0;0;0;0;0;1;0;0;0;0;0;0;0;0;0;0;0;0;1;0;0;0;0;0;0;0;0;0;0;0;1;0;1;0;0;0;0;0;0;0;0;0;0;0;0;0;0;0;0;0;0;0;0;0;0;0
Acacia_dealbata;Fabaceae;Alien;Invasive;15.18;32.57;11.85;31.3;120;1;3;0;0;1;0;0;0;0;0;0;1;0;0;1;0;-6;2;4;7;10;0;1;0;0;0;0;0;1;0;0;0;0;0;0;0;0;0;0;0;0;0;0;0;0;0;0;0;0;0;1;0;0;0;0;1;0;0;0;0;0;0;0;0;0;0;1;0;0;0;0;0;0;0;0;0;0;0;0;0;0;1;0;0;0;0;0;0;0;0;0;0
Acer_buergerianum;Sapindaceae;Alien;Non-Established;17.42;23.81;13.65;22.5;150;4;5;1;0;0;0;0;0;0;0;0;0;0;0;1;0;-18;3;2.8;4;8;0;0;0;1;0;0;0;1;0;0;0;0;0;0;0;0;0;1;0;0;0;0;0;0;0;0;0;0;0;0;0;0;0;0;0;1;0;0;0;0;0;0;0;0;0;0;1;0;0;0;0;0;0;0;0;0;0;0;0;0;0;0;0;0;0;0;1;0;0;0;0
Acer_campestre;Sapindaceae;Alien;Naturalised;17.98;22.08;64.4;19.3;150;5;6;1;0;0;0;1;0;1;0;1;0;0;0;1;0;-50;2.94;3.1;4;8;1;0;0;0;0;0;0;1;0;0;0;0;0;0;0;0;0;1;0;0;0;0;0;0;0;0;0;0;0;0;0;0;0;0;0;1;0;0;0;0;0;0;0;0;0;0;1;0;0;0;0;0;0;0;0;0;0;0;0;0;0;0;0;0;0;0;1;0;0;0;0
Acer_cappadocicum;Sapindaceae;Alien;Non-Established;;21.98;115.6;30;;3;5;1;0;0;0;0;0;0;0;0;0;0;0;1;0;-20.55;2;2.5;4;8;1;0;0;0;0;0;0;1;0;0;0;0;0;0;0;0;0;1;0;0;0;0;0;0;0;0;0;0;0;0;0;0;0;0;0;1;0;0;0;0;0;0;0;0;0;0;1;0;0;0;0;0;0;0;0;0;0;0;0;0;0;0;0;0;0;0;1;0;0;0;0
Acer_griseum;Sapindaceae;Alien;Non-Established;20.8;;2087.73;20;20;;;1;0;0;0;0;0;0;0;0;0;0;0;1;0;;3;1.53;;;0;1;0;0;0;0;0;1;0;0;0;0;0;0;0;0;0;1;0;0;0;0;0;0;0;0;0;0;0;0;0;0;0;0;0;1;0;0;0;0;0;0;0;0;0;0;1;0;0;0;0;0;0;0;0;0;0;0;0;0;0;0;0;0;0;0;1;0;0;0;0
Acer_japonicum;Sapindaceae;Alien;Non-Established;27.87;25.39;53.8;10.03;50;4;5;1;0;0;0;0;0;0;0;0;0;0;0;1;0;-8;3.5;1;5;7;0;1;0;0;0;0;0;1;0;0;0;0;0;0;0;0;0;0;0;0;0;0;0;0;0;0;0;0;0;1;0;0;0;0;0;1;0;0;0;0;0;0;0;0;0;0;1;0;0;0;0;0;0;0;0;0;0;0;0;0;0;0;0;0;0;1;0;0;0;0;0
Acer_monspessulanum;Sapindaceae;Native;;12.71;20.93;45.71;10;;4;5;1;0;0;0;0;0;0;0;0;0;0;0;1;0;-15;2.7;4.3;4;8;1;0;0;0;0;0;0;1;0;0;0;0;0;0;0;0;0;1;0;0;0;0;0;0;0;0;0;0;0;0;0;0;0;0;0;1;0;0;0;0;0;0;0;0;0;0;1;0;0;0;0;0;0;0;0;0;0;0;0;0;0;0;0;0;0;0;1;0;0;0;0
Acer_negundo;Sapindaceae;Alien;Invasive;24.72;26.37;37.29;10.4;100;3;4;1;0;0;0;0;0;0;0;0;0;0;1;1;0;-36.655;3.735;3.365;3;8;1;0;0;0;0;0;0;1;0;0;0;0;0;0;0;0;0;1;0;0;0;0;0;0;0;0;0;0;0;0;0;0;0;0;0;0;1;0;0;0;0;0;0;0;0;0;1;0;0;0;0;0;0;0;0;1;0;0;0;1;0;0;0;0;0;1;0;0;0;0;0
Acer_palmatum;Sapindaceae;Alien;Non-Established;26.6;19.36;33.22;15;160;4;6;1;0;0;0;0;0;0;0;0;0;0;0;1;0;-14.5;4.2;1.8;6;8;1;1;0;0;0;0;0;1;0;0;0;0;0;0;0;0;0;1;0;0;0;0;0;0;0;0;0;0;0;0;0;0;0;0;0;1;0;0;0;0;0;0;0;0;0;0;1;0;0;0;0;0;0;0;1;0;0;0;0;0;0;0;0;0;0;0;0;0;0;0;0
Acer_platanoides;Sapindaceae;Alien;Naturalised;18.82;20.16;142.31;35;250;4;5;1;0;0;0;1;0;0;0;1;0;0;0;1;0;-17;4.2;2.7;3;7;1;0;0;0;0;0;0;1;0;0;0;0;0;0;0;0;0;1;0;0;0;0;0;0;0;0;0;0;0;0;0;0;0;0;0;1;0;0;0;0;0;0;0;0;0;0;1;0;0;0;0;0;0;0;0;0;0;0;0;0;0;0;0;0;0;0;1;0;0;0;0
Acer_pseudoplatanus;Sapindaceae;Alien;Naturalised;14.36;23.28;78.18;35;500;4;5;1;0;0;0;1;1;1;1;1;0;0;0;1;0;-50;3.7;2.75;4;7;1;0;0;0;0;0;0;1;0;0;0;0;0;0;0;0;0;1;0;0;0;0;0;0;0;0;0;0;0;0;0;0;0;0;0;1;0;0;0;0;0;0;0;0;0;0;1;0;0;0;0;0;0;0;0;0;0;0;0;0;0;0;0;0;0;0;1;0;0;0;0
Acer_rubrum;Sapindaceae;Alien;Non-Established;16.53;19.54;19.89;40;150;1;3;1;0;0;0;0;0;0;0;0;0;0;0;1;0;-18.4;3.44;1.84;4;10;1;0;0;0;0;0;0;1;0;0;0;0;0;0;0;0;0;1;0;0;0;0;0;0;0;0;0;0;0;0;0;0;0;0;0;1;0;0;0;0;0;0;0;0;0;0;1;0;0;0;0;0;0;0;0;0;0;0;0;0;0;0;0;0;0;0;1;0;0;0;0
Acer_saccharinum;Sapindaceae;Alien;Non-Established;32.08;18.56;64.3;40;125;5;6;1;0;0;0;0;0;0;0;1;0;0;0;1;0;-16.9;3.4;2.88;3;9;1;0;0;0;0;0;1;0;0;0;0;0;0;0;0;0;0;1;0;0;0;0;0;0;0;0;0;0;0;0;0;0;0;0;0;1;0;0;0;0;0;0;0;0;0;0;1;0;0;0;0;0;0;0;0;0;0;0;0;0;0;0;0;0;0;0;1;0;0;0;0
Acer_tataricum;Sapindaceae;Alien;Non-Established;20.41;20.83;31.42;10;60;3;6;1;0;0;0;0;0;0;0;0;0;0;0;1;0;-37.3;4.14;2;3;7;1;0;0;0;0;0;0;1;0;0;0;0;0;0;0;0;0;1;0;0;0;0;0;0;0;0;0;0;0;0;0;0;0;0;0;1;0;0;0;0;0;0;0;0;0;0;1;0;0;0;0;0;0;0;0;0;0;0;0;0;0;0;0;0;0;0;0;0;1;0;0
Aesculus_flava;Sapindaceae;Alien;Non-Established;;25.62;12530.98;30;80;4;6;0;0;1;0;0;0;0;0;0;0;0;0;1;0;-3.7;4.1;2;4;8;0;1;0;0;0;0;0;1;0;0;0;0;0;0;0;0;0;0;0;0;0;0;0;0;0;0;0;0;0;0;0;1;0;0;0;1;0;0;0;0;0;0;0;0;0;0;1;0;0;0;0;0;0;0;1;0;0;0;0;0;0;0;0;0;0;0;0;0;0;0;0
Aesculus_hippocastanum;Sapindaceae;Alien;Naturalised;14.96;23.45;10744.23;39;150;4;6;0;0;1;0;0;0;1;0;0;0;0;0;1;0;-15;3.43;2.8;4;7;0;0;0;1;0;0;0;1;0;0;0;0;0;0;0;0;0;0;0;0;0;0;0;0;0;0;0;0;0;0;0;1;0;0;0;1;0;0;0;0;0;0;0;0;0;0;1;0;0;0;0;0;0;0;1;0;0;0;0;0;0;0;0;0;0;0;0;0;0;0;0
Aesculus_indica;Sapindaceae;Alien;Non-Established;16.1;22.4;26432.75;25;200;6;7;0;1;0;0;0;0;0;0;0;0;0;0;1;0;-11;4;2;7;9;0;0;0;1;0;0;0;1;0;0;0;0;0;0;0;0;0;0;0;0;0;0;0;0;0;0;0;0;0;0;0;1;0;0;0;1;0;0;0;0;0;0;0;0;0;0;1;0;0;0;0;0;0;0;1;0;0;0;0;0;0;0;0;0;0;0;0;0;0;0;0
Ageratina_ligustrina;Asteraceae;Alien;Non-Established;;;0.29;;;;;;;;;;;;;;;;0;1;0;;;;;;0;1;0;0;0;0;0;0;1;0;0;0;0;0;0;0;0;0;0;0;0;0;0;0;0;0;0;0;0;0;0;1;0;0;0;0;0;1;0;0;0;0;0;0;0;1;0;0;0;0;0;0;0;0;0;0;0;0;0;0;0;1;0;0;0;0;0;0;0;0;0
Ailanthus_altissima;Simaroubaceae;Alien;Invasive;27.21;29.42;29.1;30;40;5;7;1;0;0;0;0;0;0;0;0;0;0;0;1;0;-25;2.44;2.96;5;8;1;1;0;0;0;0;0;1;0;0;0;0;0;0;0;0;0;0;0;0;0;0;0;0;0;0;0;0;0;1;0;0;0;0;0;0;0;0;1;0;0;0;0;0;0;0;1;0;0;0;0;0;0;0;0;0;0;0;0;1;0;0;0;0;0;0;0;0;0;0;0
Albizia_julibrissin;Fabaceae;Alien;Non-Established;21.91;28.21;38.3;16;40;5;6;1;0;0;0;0;0;0;0;0;0;0;0;1;0;-1;1.1;4.47;6;9;0;1;0;0;0;0;0;1;0;0;0;0;0;0;0;0;0;0;0;0;0;0;0;0;0;0;1;0;0;0;0;0;0;0;1;0;0;0;0;0;0;0;0;0;0;0;1;0;0;0;0;0;0;0;0;1;0;0;0;0;0;0;0;0;0;0;0;0;0;0;0
Alnus_cordata;Betulaceae;Alien;Naturalised;22.59;26.22;4.72;25;100;2;4;0;0;0;0;0;0;0;1;0;0;0;1;0;0;-20;2;2;7;10;0;1;0;0;0;0;1;0;0;0;0;0;0;0;0;0;0;0;0;0;1;0;0;0;0;0;0;0;0;0;0;0;0;0;0;0;0;0;1;0;0;0;0;0;0;1;0;0;0;0;1;0;0;0;0;0;0;0;0;0;0;0;0;0;0;0;0;0;0;0;0
Alnus_glutinosa;Betulaceae;Native;;14.7;29.95;2;20;150;2;4;1;0;0;0;1;0;1;1;1;0;0;1;0;0;-16;2.71;2.22;3;7;1;0;0;0;0;0;0;1;0;0;0;0;0;0;0;0;0;0;0;0;1;0;0;0;0;0;0;0;0;0;0;0;0;0;0;0;0;0;1;0;0;0;0;0;0;0;1;0;0;0;0;0;0;0;0;0;0;0;0;0;0;0;0;1;0;1;0;0;0;0;0
Alnus_incana;Betulaceae;Alien;Non-Established;19.91;29.78;1.07;25;50;2;4;1;0;0;0;1;0;0;1;1;0;0;1;0;0;-35;2.3;1.89;2;6;0;0;1;0;0;0;1;0;0;0;0;0;0;0;0;0;0;0;0;0;1;0;0;0;0;0;0;0;0;0;0;0;0;0;0;0;0;0;1;0;0;0;0;0;0;0;1;0;0;0;0;0;0;0;0;0;0;0;0;0;0;0;0;0;0;1;0;0;0;0;0
Aloysia_citriodora;Verbenaceae;Alien;Naturalised;4.61;23.57;;4;25;6;8;;;;;;;;;;;;0;1;0;-3.88;2.5;1;5;8;0;1;0;0;0;0;0;0;1;0;0;0;0;0;0;0;0;0;0;0;0;0;0;0;0;0;0;0;0;0;0;1;0;0;0;0;0;1;0;0;0;0;0;0;0;0;0;0;0;0;0;0;0;0;0;0;0;0;0;1;0;0;0;0;0;0;0;0;0;0;0
Amelanchier_ovalis;Rosaceae;Native;Non-Established;14.35;18.37;259.63;3;40;4;5;0;0;0;0;1;1;0;0;0;0;0;0;1;0;-1;1.93;4.72;5;7;0;1;0;0;0;0;0;0;1;0;0;0;0;0;0;0;0;0;0;0;0;0;0;0;0;0;0;0;0;0;0;1;0;0;0;0;0;0;0;1;0;0;0;0;0;0;1;0;0;0;0;0;0;0;0;0;0;0;0;0;0;0;0;0;0;1;0;0;0;0;0
Amomyrtus_luma;Myrtaceae;Alien;Non-Established;15.83;9.71;31.46;30;200;5;7;0;0;0;0;0;1;0;0;0;0;0;0;1;0;0;2;1.5;7;10;0;1;0;0;0;0;1;0;0;0;0;0;0;0;0;0;0;0;0;0;0;0;0;0;0;0;0;0;0;1;0;0;0;0;0;0;0;1;0;0;0;0;0;0;0;1;0;0;0;0;0;0;0;0;0;0;0;0;0;0;0;0;0;0;0;1;0;0;0;0;0
Amphilophium_laxiflorum;Bignoniaceae;Alien;Non-Established;17.55;23.1;;10;;5;7;;;;;;;;;;;;0;1;0;-3;1;3.5;9;13;0;1;0;0;0;0;0;0;0;1;0;0;0;0;0;0;0;0;0;0;0;0;0;0;0;0;0;0;0;0;0;1;0;0;0;0;0;1;0;0;0;0;0;0;0;1;0;0;0;0;1;0;0;0;0;0;0;0;0;0;0;0;0;0;0;0;0;0;0;0;0
Anagyris_foetida;Fabaceae;Native;;10.17;37.2;364.13;4;;1;5;;;;;;;;;;;;0;1;0;-10;3;3;5;8;0;0;0;0;1;0;0;0;1;0;0;0;0;0;0;0;0;0;0;0;0;0;0;0;0;0;0;0;0;1;0;0;0;0;1;0;0;0;0;0;0;0;0;0;0;0;1;0;0;0;0;0;0;0;0;0;0;0;0;0;0;0;0;0;0;0;0;0;0;0;1
Araucaria_angustifolia;Araucariaceae;Alien;Non-Established;6.35;15.1;7457;50;600;6;8;0;0;0;0;0;1;0;0;0;0;0;1;0;0;-5;3;2;5;8;1;0;0;0;0;0;0;0;0;0;1;0;0;0;0;0;0;0;0;0;1;0;0;0;0;0;0;0;0;0;0;0;0;1;0;0;0;0;0;0;0;0;0;0;0;1;0;0;0;0;0;0;0;0;0;0;0;0;0;1;0;0;0;0;0;1;0;0;0;0;0
Araucaria_araucana;Araucariaceae;Alien;Non-Established;3.16;5.8;4097.46;50;1000;5;6;;;;;;;;;;;;1;0;0;-25;2;3;7;11;1;0;0;0;0;0;1;0;0;0;0;0;0;0;0;0;0;0;0;0;1;0;0;0;0;0;0;0;0;0;0;0;0;1;0;0;0;0;0;0;0;0;0;0;0;1;0;0;0;0;0;0;0;0;0;0;0;0;0;1;0;0;0;0;0;1;0;0;0;1;0
Araucaria_bidwillii;Araucariaceae;Alien;Non-Established;7.44;13;11061.5;50;600;4;9;;;;;;;;;;;;1;0;0;-9;2;2;9;11;1;0;0;0;0;0;0;0;0;0;1;0;0;0;0;0;0;0;0;0;1;0;0;0;0;0;0;0;0;0;0;0;0;1;0;0;0;0;0;0;0;0;0;0;0;1;0;0;0;0;0;0;0;0;0;0;0;0;0;0;1;0;0;0;0;0;0;0;0;0;0
Araucaria_cunninghamii;Araucariaceae;Alien;Non-Established;3.6;12.51;272.75;70;400;5;8;1;0;0;0;0;0;0;0;0;0;0;1;0;0;-10;2.5;3.2;6;9;0;0;0;0;1;0;1;0;0;0;0;0;0;0;0;0;0;0;0;0;1;0;0;0;0;0;0;0;0;0;0;0;0;1;0;0;0;0;0;0;0;0;0;0;0;1;0;1;0;0;0;0;0;0;0;0;0;0;0;0;0;0;0;0;0;0;0;0;0;0;0
Araucaria_heterophylla;Araucariaceae;Alien;Non-Established;4.5;12.9;1947.59;70;50;5;8;;;;;;;;;;;;1;0;0;5;3;3;6;8;0;0;0;0;1;0;1;0;0;0;0;0;0;0;0;0;0;0;0;0;1;0;0;0;0;0;0;0;0;0;0;0;0;1;0;0;0;0;0;0;0;0;0;0;0;1;0;1;0;0;0;0;0;0;0;0;0;0;0;0;0;0;0;0;0;0;0;0;0;0;0
Araujia_sericifera;Apocynaceae;Alien;Invasive;44.2;;10;10;;2;10;;;;;;;;;;;;0;1;0;-10;3;3.5;8;11;0;1;0;0;0;0;0;0;0;1;0;0;0;0;0;0;0;0;0;0;0;0;0;0;0;0;0;1;0;0;0;0;0;0;0;0;0;0;0;0;1;0;0;0;0;1;0;0;0;0;0;0;0;0;0;0;0;0;0;0;0;0;0;0;0;1;0;0;0;0;0
Arbutus_unedo;Ericaceae;Native;;11.15;14.59;3.37;10;15;10;2;0;0;0;0;0;1;0;0;0;0;0;0;1;0;;2.66;3.9;7;11;0;0;0;0;1;0;0;0;0;0;1;0;0;0;0;0;0;0;0;0;0;0;0;0;0;0;0;0;0;0;0;1;0;0;0;0;0;0;0;0;0;1;0;0;0;1;0;0;0;0;0;0;0;0;0;1;0;0;0;0;0;0;0;0;0;0;0;0;0;0;0
Archontophoenix_alexandrae;Arecaceae;Alien;Non-Established;13.75;20;500;20;40;4;5;0;0;0;0;0;1;0;0;0;0;0;1;0;0;-4;3;3;6;9;0;0;0;0;0;1;0;0;0;0;0;1;0;0;0;0;0;0;0;0;0;0;0;1;0;0;0;0;0;0;0;0;0;0;0;0;0;0;0;0;1;0;0;0;0;1;0;0;0;0;0;0;0;0;0;0;0;0;0;0;1;0;1;0;0;0;0;0;0;0;0
Archontophoenix_cunninghamiana;Arecaceae;Alien;Non-Established;8.94;21.39;500;22.5;40;3;7;0;0;0;0;0;1;0;0;0;0;0;1;0;0;-4;3.5;2;9;11;0;0;0;0;0;1;0;0;0;0;0;1;0;0;0;0;0;0;0;0;0;0;0;1;0;0;0;0;0;0;0;0;0;0;0;0;0;0;0;0;1;0;0;0;0;1;0;0;0;0;0;0;0;0;0;0;0;0;0;0;1;0;0;0;0;0;0;0;0;0;0
Arenga_engleri;Arecaceae;Alien;Non-Established;;21.14;;3;40;3;9;;;;;;;;;;;;1;0;0;-7;3;2;5;9;0;0;0;0;0;1;0;0;0;0;0;1;0;0;0;0;0;0;0;0;0;0;0;1;0;0;0;0;0;0;0;0;0;0;0;0;0;0;0;0;1;0;0;0;0;1;0;0;0;0;0;0;0;0;0;0;0;0;0;0;1;0;0;0;0;0;0;0;0;0;0
Aria_edulis;Rosaceae;Native;;16.5;;206.91;25;200;5;6;0;0;0;0;1;1;0;0;0;0;0;0;1;0;-50;3;3.55;4;8;0;1;0;0;0;0;0;1;0;0;0;0;0;0;0;0;0;1;0;0;0;0;0;0;0;0;0;0;0;0;0;0;0;0;0;0;0;0;0;1;0;0;0;0;0;0;1;0;0;0;0;0;0;0;0;0;0;0;0;0;0;0;0;0;0;1;0;0;0;0;0
Atriplex_halimus;Amaranthaceae;Native;;16.68;40.43;1.24;3;40;8;11;0;0;1;0;0;0;0;0;0;0;0;1;1;0;-20.5;1;1;7;10;0;0;0;0;1;0;0;0;1;0;0;0;0;0;0;0;0;0;0;0;0;0;0;0;0;0;0;0;0;0;0;1;0;0;0;0;0;0;0;0;1;0;0;0;0;1;0;0;0;0;0;0;0;0;0;0;0;0;0;0;0;0;0;0;0;0;0;0;1;0;0
Aucuba_japonica;Garryaceae;Alien;Non-Established;13.64;22.4;0.69;5;15;3;4;0;0;0;0;0;1;0;0;0;0;0;0;1;0;0;4.5;3;7;10;1;0;0;0;0;0;0;0;1;0;0;0;0;0;0;0;0;0;0;0;0;0;0;0;0;0;0;0;0;0;0;1;0;0;0;0;0;0;0;0;1;0;0;0;0;1;0;0;0;0;0;0;0;0;0;1;0;0;0;1;0;0;0;0;0;1;0;0;0;0;0
Bauhinia_forficata;Fabaceae;Alien;Non-Established;2.5;25.05;203.14;10;50;3;5;0;0;0;1;0;0;0;0;0;0;0;0;1;0;-20;2;1;10;12;0;1;0;0;0;0;0;1;0;0;0;0;0;0;0;0;0;0;0;0;0;0;0;0;0;0;0;0;0;1;0;0;0;0;1;0;0;0;0;0;0;0;0;0;0;1;0;0;0;0;0;0;0;0;0;0;0;0;0;0;0;0;0;0;1;0;0;0;0;0;0
Bauhinia_variegata;Fabaceae;Alien;Non-Established;13.63;25.02;271.38;12;40;3;5;0;1;0;0;0;0;0;0;0;0;0;0;1;0;7;1;4;8;11;0;1;0;0;0;0;0;1;0;0;0;0;0;0;0;0;0;0;0;0;0;0;0;0;0;0;0;0;0;1;0;0;0;0;1;0;0;0;0;0;0;0;0;0;0;0;1;0;0;0;0;0;0;0;0;0;0;0;0;0;0;0;0;0;1;0;0;0;0;0;0
Berberis_candidula;Berberidaceae;Alien;Non-Established;13.03;21.37;;0.5;40;3;5;;;;;;;;;;;;0;1;0;-15;2;3;5;8;1;0;0;0;0;0;0;0;1;0;0;0;0;0;0;0;0;0;1;0;0;0;0;0;0;0;0;0;0;0;0;0;0;0;0;0;0;0;0;0;1;0;0;0;0;1;0;0;0;0;0;0;0;0;0;0;0;0;0;0;0;0;0;0;0;1;0;0;0;0;0
Berberis_julianae;Berberidaceae;Alien;Non-Established;;7.19;20.3;4;15;4;5;;;;;;;;;;;;0;1;0;-15;2;3;5;8;1;0;0;0;0;0;0;0;1;0;0;0;0;0;0;0;0;0;0;0;0;0;0;0;0;0;0;0;0;0;0;0;1;0;0;0;0;0;0;0;1;0;0;0;0;1;0;0;0;0;0;0;0;0;0;1;0;0;0;0;0;0;0;0;0;0;0;0;0;0;0
Berberis_thunbergii;Berberidaceae;Alien;Non-Established;21.12;15.76;16.41;4;15;3;5;0;0;0;0;0;1;0;0;0;0;0;0;1;0;-33;1.5;3.5;4;8;1;0;0;0;0;0;0;0;1;0;0;0;0;0;0;0;0;0;0;0;0;0;0;0;0;0;0;0;0;0;0;0;1;0;0;0;0;0;0;0;1;0;0;0;0;0;1;0;0;0;0;0;0;0;0;0;0;0;0;0;0;0;0;1;0;1;0;0;0;0;0
Berberis_vulgaris;Berberidaceae;Alien;Naturalised;14.32;20.65;13.35;3;15;4;6;0;0;0;0;0;1;0;1;0;0;0;0;1;0;-40;1.93;3.88;3;7;1;0;0;0;0;0;0;0;1;0;0;0;0;0;0;0;0;0;0;0;0;0;0;0;0;0;0;0;0;1;0;0;0;0;0;0;0;0;0;0;1;0;0;0;0;0;1;0;0;0;0;0;0;0;0;0;0;0;0;0;0;0;0;1;0;1;0;0;0;0;0
Berberis_wilsoniae;Berberidaceae;Alien;Non-Established;15.2;20.29;30.95;2;10;3;5;;;;;;;;;;;;0;1;0;-20.5;2;3;5;9;0;1;0;0;0;0;0;0;1;0;0;0;0;0;0;0;0;0;0;0;0;0;0;0;0;0;0;0;0;1;0;0;0;0;0;0;0;0;0;0;1;0;0;0;0;1;0;0;0;0;0;0;0;0;0;0;0;0;0;0;0;0;0;1;0;1;0;0;0;0;0
Bergenia_crassifolia;Saxifragaceae;Alien;Non-Established;10.64;;;0.7;;4;6;;;;;;;;;;;;0;1;0;;;;;;1;0;0;0;0;0;0;0;1;0;0;0;0;0;0;0;0;0;0;0;0;0;0;0;1;0;0;0;0;0;0;0;0;0;0;0;0;0;0;0;1;0;0;0;0;1;0;0;0;0;0;0;0;0;0;0;0;0;0;1;0;0;0;0;0;1;0;0;0;0;0
Betula_nigra;Betulaceae;Alien;Naturalised;11.63;21.03;1.14;30;100;3;4;1;0;0;0;0;0;0;0;0;0;0;1;0;0;-30.5;1.45;1.53;3;7;0;0;1;0;0;0;1;0;0;0;0;0;0;0;0;0;0;0;0;0;1;0;0;0;0;0;0;0;0;0;0;0;0;0;0;0;0;0;1;0;0;0;0;0;0;0;1;0;0;0;0;0;0;0;0;0;0;0;0;0;0;0;0;0;0;0;0;0;1;0;0
Betula_papyrifera;Betulaceae;Alien;Non-Established;23.82;26.18;0.36;40;150;3;4;1;0;0;0;0;0;0;0;0;0;0;1;0;0;-31.6;1.54;2.02;3;7;0;0;1;0;0;0;0;0;0;0;0;0;1;0;0;0;0;0;0;0;1;0;0;0;0;0;0;0;0;0;0;0;0;0;0;0;0;0;1;0;0;0;0;0;0;0;1;0;0;0;0;0;0;0;0;0;0;0;0;0;0;0;0;0;0;1;0;0;0;0;0
Betula_pendula;Betulaceae;Alien;Non-Established;15.29;24.82;0.31;30;120;4;5;1;0;0;0;1;1;1;1;1;0;0;1;0;0;-50;2.03;1.85;2;6;0;0;1;0;0;0;0;0;0;0;0;0;1;0;0;0;0;0;0;0;1;0;0;0;0;0;0;0;0;0;0;0;0;0;0;0;0;0;1;0;0;0;0;0;0;0;1;0;0;0;0;0;0;0;0;0;0;0;0;0;0;0;0;0;0;0;0;0;1;0;0
Betula_pubescens;Betulaceae;Native;;14.25;23.54;0.25;30;120;4;5;1;0;0;0;0;0;0;1;0;0;0;1;0;0;;1.525;1.74;3;7;0;0;1;0;0;0;0;0;0;0;0;0;1;0;0;0;0;0;0;0;1;0;0;0;0;0;0;0;0;0;0;0;0;0;0;0;0;0;1;0;0;0;0;0;0;0;1;0;0;0;0;0;0;0;0;0;0;0;0;0;0;0;0;0;0;1;0;0;1;0;0
Betula_utilis;Betulaceae;Alien;Non-Established;19.39;22.77;0.41;33;100;3;4;1;0;0;0;0;0;0;0;0;0;0;1;0;0;-9.5;1;2;5;6;0;1;0;0;0;0;0;1;0;0;0;0;0;0;0;0;0;0;0;0;1;0;0;0;0;0;0;0;0;0;0;0;0;0;0;0;0;0;1;0;0;0;0;0;0;0;1;0;0;0;0;0;0;0;0;0;0;0;0;0;0;0;0;0;0;1;0;0;1;0;0
Bismarckia_nobilis;Arecaceae;Alien;Non-Established;;;14285;50;50;;;;;;;;;;;;;;1;0;0;-4;1;2;4;8;0;0;0;0;0;1;0;0;0;0;0;1;0;0;0;0;0;0;0;0;0;0;0;0;1;0;0;0;0;0;0;0;0;0;0;0;0;0;0;0;1;0;0;0;0;1;0;0;0;0;0;1;0;0;0;0;0;0;0;0;0;0;0;0;0;0;1;0;0;0;0
Bougainvillea_glabra;Nyctaginaceae;Alien;Naturalised;32.25;;;10;50;5;10;;;;;;;;;;;;0;1;0;0;1;1;7;10;1;0;0;0;0;0;0;0;0;1;0;0;0;0;0;0;0;0;0;0;0;0;0;0;0;1;0;0;0;0;0;0;0;0;0;0;0;0;0;0;1;0;0;0;0;1;0;0;0;0;0;0;0;0;0;1;0;0;0;0;0;0;0;0;0;0;0;0;0;0;0
Bougainvillea_spectabilis;Nyctaginaceae;Alien;Non-Established;17.07;24.41;;3;20;5;10;;;;;;;;;;;;0;1;0;0;1;2;6;10;1;0;0;0;0;0;0;0;0;1;0;0;0;0;0;0;0;0;0;0;0;0;0;0;0;1;0;0;0;0;0;0;0;0;0;0;0;0;0;0;1;0;0;0;0;1;0;0;0;0;0;0;0;0;0;1;0;0;0;0;0;0;0;0;0;0;0;0;0;0;0
Brachychiton_acerifolius;Malvaceae;Alien;Non-Established;31.83;;181.91;20;150;4;5;;;;;;;;;;;;0;1;0;5;1;3;8;11;1;0;0;0;0;0;0;0;0;0;0;0;1;0;0;0;0;0;0;0;0;0;0;0;0;0;0;0;0;0;0;1;0;0;0;0;0;1;0;0;0;0;0;0;0;0;1;0;0;0;0;0;0;0;0;0;0;0;0;0;0;1;0;0;0;0;0;0;0;0;0
Brachychiton_populneus;Malvaceae;Alien;Naturalised;9.69;18.58;111.83;15;100;4;5;0;0;0;0;0;1;0;0;0;0;0;0;1;0;5;1;1;8;11;0;1;0;0;0;0;0;0;0;0;0;0;1;0;0;0;0;0;0;0;0;0;0;0;0;0;0;0;0;0;0;1;0;0;0;0;0;1;0;0;0;0;0;0;0;1;0;0;0;0;0;0;0;0;0;0;0;0;0;1;0;0;0;0;0;0;0;0;0;0;0
Brahea_armata;Arecaceae;Alien;Non-Established;8;;1190;50;80;6;7;;;;;;;;;;;;1;0;0;-10;1;1;9;11;0;0;0;0;0;1;0;0;0;0;0;1;0;0;0;0;0;0;0;0;0;0;0;1;0;0;0;0;0;0;0;0;0;0;0;0;0;0;0;0;1;0;0;0;0;1;0;0;0;0;0;1;0;0;0;0;0;0;0;0;0;0;0;0;0;0;1;0;0;0;0
Brahea_edulis;Arecaceae;Alien;Non-Established;6.88;;3780;50;180;6;8;;;;;;;;;;;;1;0;0;-8;1;1;9;11;0;0;0;0;0;1;0;0;0;0;0;1;0;0;0;0;0;0;0;0;0;0;0;1;0;0;0;0;0;0;0;0;0;0;0;0;0;0;0;0;1;0;0;0;0;1;0;0;0;0;0;1;0;0;0;0;0;0;0;0;0;0;0;0;0;0;1;0;0;0;0
Broussonetia_papyrifera;Moraceae;Alien;Naturalised;24.7;31.21;2.13;20;100;4;5;;;;;;;;;;;;0;1;0;-15;1;1;6;11;1;0;0;0;0;0;0;1;0;0;0;0;0;0;0;0;0;0;0;0;0;0;0;0;1;0;1;0;0;0;0;0;0;0;0;0;0;0;1;0;0;0;0;0;0;0;1;0;0;0;1;0;0;0;0;0;0;0;0;0;0;0;0;0;0;0;0;0;0;0;0
Brugmansia_arborea;Solanaceae;Alien;Non-Established;;;116;5;10;3;6;;;;;;;;;;;;0;1;0;5;3;4;5;8;0;1;0;0;0;0;0;0;1;0;0;0;0;0;0;0;0;0;0;0;0;0;1;0;0;0;0;0;0;0;0;0;0;0;0;0;0;0;0;0;1;0;0;0;0;0;1;0;0;0;0;0;0;0;0;0;0;0;0;0;0;0;0;0;0;1;0;0;0;0;0
Brugmansia_suaveolens;Solanaceae;Alien;Naturalised;35;;80;5;15;3;10;;;;;;;;;;;;0;1;0;-21;2;3;7;10;0;0;1;0;0;0;0;0;1;0;0;0;0;0;0;0;0;0;0;0;0;0;1;0;0;0;0;0;0;0;0;0;0;0;0;0;0;0;0;0;1;0;0;0;0;1;0;0;0;0;0;0;0;0;0;1;0;0;0;0;0;0;0;0;0;1;0;0;0;0;0
Buddleja_davidii;Scrophulariaceae;Alien;Invasive;52.44;22.45;0.06;5;5;6;9;1;0;0;0;0;0;0;1;1;0;0;0;1;0;-15;1.56;3.5;4;8;0;0;0;0;1;0;0;0;1;0;0;0;0;0;0;0;0;0;0;0;0;0;0;0;0;0;0;0;0;0;0;1;0;0;0;0;0;1;0;0;0;0;0;0;0;0;1;0;0;0;0;0;0;0;0;0;0;0;0;1;0;0;0;0;0;1;0;0;0;0;0
Buddleja_globosa;Scrophulariaceae;Alien;Non-Established;;27.85;0.08;3.8;40;9;10;1;0;0;0;0;0;0;0;0;0;0;0;1;0;-15;2.2;3.5;6;9;0;1;0;0;0;0;0;0;1;0;0;0;0;0;0;0;0;0;0;0;0;0;0;0;0;0;0;0;1;0;0;0;0;0;0;0;0;1;0;0;0;0;0;0;0;0;1;0;0;0;0;0;0;0;0;1;0;0;0;0;0;0;0;0;0;0;0;0;0;0;0
Buddleja_madagascariensis;Scrophulariaceae;Alien;Non-Established;;23.88;0.08;3;40;7;10;1;0;0;0;0;1;0;1;0;0;0;0;1;0;1;1.8;4;9;11;0;1;0;0;0;0;0;0;1;0;0;0;0;0;0;0;0;0;0;0;0;0;0;0;0;0;0;0;0;0;0;1;0;0;0;0;0;1;0;0;0;0;0;0;0;1;0;0;0;0;0;0;0;0;0;1;0;0;0;0;0;0;0;0;0;0;0;0;0;0;0
Butia_capitata;Arecaceae;Alien;Non-Established;7.1;;969.95;19;80;5;6;0;0;0;0;0;1;0;0;0;0;0;0;1;0;-10;1;2;9;11;0;0;0;0;0;1;0;0;0;0;0;1;0;0;0;0;0;0;0;0;0;0;0;1;0;0;0;0;0;0;0;0;0;0;0;0;0;0;0;0;1;0;0;0;0;1;0;0;0;0;0;0;0;0;0;0;0;0;0;0;1;0;0;0;0;0;0;0;0;0;0
Butia_yatay;Arecaceae;Alien;Non-Established;;;2000;50;;3;6;0;0;0;0;0;1;0;0;0;0;0;0;1;0;-8;1;2;9;10;0;0;0;0;0;1;0;0;0;0;0;1;0;0;0;0;0;0;0;0;0;0;0;1;0;0;0;0;0;0;0;0;0;0;0;0;0;0;0;0;1;0;0;0;0;1;0;0;0;0;0;0;0;0;0;0;0;0;0;0;1;0;0;0;0;0;0;0;0;0;0
Buxus_balearica;Buxaceae;Native;;3.57;15.2;7.45;8;;4;6;;;;;;;;;;;;0;1;0;-15;2;2;7;10;1;0;0;0;0;0;0;1;0;0;0;0;0;0;0;0;0;0;0;1;0;0;0;0;0;0;0;0;0;0;0;0;0;0;0;0;0;0;0;0;1;0;0;0;0;1;0;0;0;0;0;0;0;0;0;0;0;0;0;0;0;0;0;0;0;1;0;0;0;0;0
Buxus_microphylla;Buxaceae;Alien;Non-Established;4.79;27.35;12.83;6;;4;5;;;;;;;;;;;;0;1;0;-20.5;1;2;6;10;1;0;0;0;0;0;0;0;1;0;0;0;0;0;0;0;0;0;0;1;0;0;0;0;0;0;0;0;0;0;0;0;0;0;0;0;0;0;0;0;1;0;0;0;0;1;0;0;0;0;0;0;0;0;0;1;0;0;0;0;0;0;0;0;0;0;0;0;0;0;0
Buxus_sempervirens;Buxaceae;Native;;9.16;23.9;12.84;16;600;2;4;0;0;0;0;1;1;0;1;0;0;0;1;1;0;-15;4.05;3.9;6;8;1;0;0;0;0;0;0;1;0;0;0;0;0;0;0;0;0;0;0;1;0;0;0;0;0;0;0;0;0;0;0;0;0;0;0;0;0;0;0;0;1;0;0;0;0;1;0;0;0;0;0;0;0;0;0;0;0;0;0;0;0;0;0;0;0;1;0;0;0;0;0
Callianthe_picta;Malvaceae;Alien;Non-Established;;;;5;10;1;12;;;;;;;;;;;;0;1;0;0;2;3;8;10;1;0;0;0;0;0;0;0;1;0;0;0;0;0;0;0;0;0;1;0;0;0;0;0;0;0;0;0;0;0;0;0;0;0;0;0;0;1;0;0;0;0;0;0;0;1;0;0;0;0;0;0;0;0;0;0;0;0;0;0;0;0;0;0;0;0;1;0;0;0;0
Callianthe_striata;Malvaceae;Alien;Non-Established;;;;1;;;;;;;;;;;;;;;0;1;0;;;;;;0;1;0;0;0;0;0;0;1;0;0;0;0;0;0;0;0;0;1;0;0;0;0;0;0;0;0;0;0;0;0;0;0;0;0;0;0;1;0;0;0;0;0;0;0;1;0;0;0;0;0;0;0;0;0;0;0;0;0;0;0;0;0;0;0;0;1;0;0;0;0
Callitropsis_nootkatensis;Cupressaceae;Alien;Non-Established;6;13.14;4.17;40;2000;2;3;1;0;0;0;0;0;0;0;0;0;0;1;0;0;-26;3;3;4;7;0;0;0;0;1;0;0;0;0;0;0;0;0;1;0;0;0;0;0;0;1;0;0;0;0;0;0;0;0;0;0;0;0;0;0;0;0;0;0;0;0;0;1;0;0;1;0;1;0;0;0;0;0;0;0;0;0;0;0;0;0;0;0;0;0;0;0;0;0;0;0
Calocedrus_decurrens;Cupressaceae;Alien;Naturalised;8.2;14;35.39;72;650;1;2;1;0;0;0;0;0;0;0;0;0;0;1;0;0;-36.11;3.21;0.4;5;8;1;0;0;0;0;0;1;0;0;0;0;0;0;0;0;0;0;0;0;0;1;0;0;0;0;0;0;0;0;0;0;0;0;0;0;0;0;0;0;0;0;0;1;0;0;1;0;0;0;0;0;0;0;0;0;0;0;0;0;0;0;0;0;0;0;0;0;0;0;1;0
Camellia_japonica;Theaceae;Alien;Non-Established;7.33;12.88;1061;15;27;10;3;;;;;;;;;;;;0;1;0;-9.5;4;2;7;9;0;1;0;0;0;0;0;1;0;0;0;0;0;0;0;0;0;0;1;0;0;0;0;0;0;0;0;0;0;0;0;0;0;0;0;0;0;0;0;0;0;1;0;0;0;1;0;0;0;0;0;0;0;0;0;1;0;0;0;0;0;0;0;0;0;0;0;0;0;0;0
Campsis_radicans;Bignoniaceae;Alien;Naturalised;21.05;22.4;3.89;10;20;6;9;1;0;0;0;0;0;0;0;0;0;0;0;1;0;-25;1.5;4;5;9;1;0;0;0;0;0;0;0;0;0;0;0;0;0;1;0;0;0;1;0;0;0;0;0;0;0;0;0;0;0;0;0;0;0;0;0;0;0;0;0;0;1;0;0;0;0;1;0;0;0;0;0;0;0;0;1;0;0;0;0;0;0;0;0;0;0;0;0;0;0;0
Carissa_macrocarpa;Apocynaceae;Alien;Non-Established;5.66;29.7;9.42;2.44;;5;10;0;0;0;0;0;1;0;0;0;0;0;0;1;0;5;2;3;9;11;0;1;0;0;0;0;0;0;1;0;0;0;0;0;0;0;1;0;0;0;0;0;0;0;0;0;0;0;0;0;0;0;0;0;0;0;0;0;0;0;1;0;0;0;0;1;0;0;0;0;0;0;0;0;0;1;0;0;0;0;0;0;0;0;0;1;0;0;0;0;0
Carpinus_betulus;Betulaceae;Alien;Naturalised;28.41;22.25;49.38;30;220;4;5;1;0;0;1;1;1;0;1;1;0;0;1;0;0;-9;3.97;2.66;5;7;0;1;0;0;0;0;1;0;0;0;0;0;0;0;0;0;0;0;0;0;1;0;0;0;0;0;0;0;0;0;0;0;0;0;0;0;0;0;1;0;0;0;0;0;0;0;1;0;0;0;1;0;0;0;0;0;0;0;0;0;0;0;0;0;0;1;0;0;0;0;0
Carya_illinoinensis;Juglandaceae;Alien;Non-Established;22.57;21.4;4343.12;61;300;4;5;;;;;;;;;;;;1;0;0;-8;1.74;2;5;9;0;0;0;1;0;0;0;1;0;0;0;0;0;0;0;0;0;0;0;0;1;0;0;0;1;0;0;0;0;0;0;0;0;0;0;0;0;0;1;0;0;0;0;0;0;0;1;0;0;0;0;0;0;0;0;0;0;0;0;1;0;0;0;0;0;0;0;0;0;0;0
Carya_laciniosa;Juglandaceae;Alien;Non-Established;12.33;20.28;15287.12;42;350;4;5;;;;;;;;;;;;1;0;0;-20.5;4.42;2;5;9;0;0;0;0;1;0;0;0;0;0;0;0;1;0;0;0;0;0;0;0;1;0;0;0;0;0;0;0;0;1;0;0;0;0;0;0;0;0;1;0;0;0;0;0;0;0;1;0;0;0;0;0;0;0;0;0;0;0;0;1;0;0;1;0;0;0;0;0;0;0;0
Caryota_urens;Arecaceae;Alien;Non-Established;23;;1923.65;50;30;9;10;1;0;0;0;0;1;0;0;0;0;0;1;0;0;-2;2;3;9;12;0;0;0;0;0;1;0;0;0;0;0;1;0;0;0;0;0;0;0;0;0;0;0;1;0;0;0;0;0;0;0;0;0;0;0;0;0;0;0;0;1;0;0;0;0;1;0;0;0;0;0;0;0;0;0;0;0;1;0;0;0;0;0;0;0;0;0;0;0;0;0
Casimiroa_edulis;Rutaceae;Alien;Non-Established;;;2722;;;;;;;;;;;;;;;;0;1;0;;;;;;1;0;0;0;0;0;0;1;0;0;0;0;0;0;0;0;1;0;0;0;0;0;0;0;0;0;0;0;0;0;0;0;0;0;0;0;0;0;0;0;0;1;0;0;0;0;1;0;0;0;0;0;0;0;0;0;0;0;0;0;0;0;0;0;0;1;0;0;0;0;0
Castanea_dentata;Fagaceae;Alien;Non-Established;23.03;25.47;3058.19;35;300;5;7;;;;;;;;;;;;0;1;0;-31.5;3.06;3;4;8;1;1;0;0;0;0;0;1;0;0;0;0;0;0;0;0;0;0;0;0;1;1;0;0;0;0;0;0;0;0;0;0;0;0;0;0;0;0;1;0;0;0;0;0;0;0;1;0;0;0;0;0;0;0;0;0;0;0;0;1;0;0;0;0;0;0;0;0;0;0;0
Castanea_sativa;Fagaceae;Alien;Naturalised;14.09;22.52;3390.47;35;500;5;6;0;0;1;0;1;0;1;1;0;0;0;1;1;0;-50;3.15;3.46;5;7;1;0;0;0;0;0;0;1;0;0;0;0;0;0;0;0;0;0;0;0;1;0;0;0;0;0;0;0;0;0;0;0;0;0;0;0;0;0;1;0;0;0;0;0;0;0;1;0;0;0;0;0;0;0;0;0;0;0;0;1;0;0;0;0;0;0;0;0;0;0;0
Casuarina_cunninghamiana;Casuarinaceae;Alien;Naturalised;2.75;18.5;1.82;35;50;2;4;1;0;0;0;0;0;0;1;0;0;0;1;0;0;-4;1;1;8;11;1;0;0;0;0;0;0;0;0;0;0;0;1;0;0;0;0;0;0;0;1;0;0;0;1;0;0;0;0;0;0;0;0;0;0;0;0;1;0;0;0;0;0;0;0;1;0;1;0;0;0;0;0;0;0;0;0;0;0;0;0;0;0;0;0;0;0;0;0;0;0
Casuarina_equisetifolia;Casuarinaceae;Alien;Naturalised;2.77;16.17;4.35;35;50;3;5;1;0;0;0;0;0;0;1;0;0;0;1;0;0;-5.5;1;1;9;12;1;0;0;0;0;0;0;0;0;0;0;0;1;0;0;0;0;0;0;0;1;0;0;0;0;0;0;0;0;0;0;0;0;0;1;0;0;0;0;0;0;0;0;0;0;1;0;0;0;0;0;0;0;0;0;0;0;0;0;0;0;0;0;0;0;0;0;0;0;1;0
Catalpa_bignonioides;Bignoniaceae;Alien;Naturalised;6.5;;24.42;20;100;5;6;1;0;0;0;0;0;0;0;0;0;0;0;1;0;-1;2.67;2.58;5;9;1;0;0;0;1;0;0;1;0;0;0;0;0;0;0;0;0;0;0;0;0;0;0;0;0;0;0;0;0;0;0;1;0;0;0;0;0;1;0;0;0;0;0;0;0;0;1;0;0;0;0;0;0;0;0;0;0;0;0;0;0;0;0;0;0;1;0;0;0;0;0
Catalpa_bungei;Bignoniaceae;Alien;Non-Established;17.46;;30.1;30;150;5;6;;;;;;;;;;;;0;1;0;-20.5;2;2;5;9;1;0;0;0;1;0;0;1;0;0;0;0;0;0;0;0;0;0;0;0;0;0;0;0;0;0;0;0;0;0;0;1;0;0;0;0;0;1;0;0;0;0;0;0;0;0;1;0;0;0;1;0;0;0;0;0;0;0;0;0;0;0;0;0;0;0;0;0;0;0;0
Catharanthus_roseus;Apocynaceae;Alien;Non-Established;22.81;;1.36;0.6;6;6;10;1;0;0;0;0;0;0;0;0;1;0;0;1;0;10;1;3;9;12;0;1;0;0;0;0;0;0;1;0;0;0;0;0;0;0;0;0;1;0;0;0;0;0;0;0;0;0;0;0;0;0;0;0;1;0;0;0;0;0;0;0;0;0;0;0;1;0;0;0;0;0;0;0;0;1;0;0;0;0;0;0;0;0;0;0;0;0;0;0;0
Cedrus_atlantica;Pinaceae;Alien;Naturalised;8.05;11.02;66.87;50;900;9;11;1;0;0;0;0;0;0;0;0;0;0;1;0;0;-25;1;1;5;9;1;0;0;0;0;0;1;0;0;0;0;0;0;0;0;0;0;0;0;0;1;0;0;0;0;0;0;0;0;0;0;0;0;1;0;0;0;0;0;0;0;0;0;0;0;1;0;1;0;0;0;0;0;0;0;0;0;0;0;0;0;0;0;0;0;0;0;0;0;0;0
Cedrus_deodara;Pinaceae;Alien;Naturalised;7.47;13.17;110.34;75;800;9;11;1;0;0;0;0;0;0;0;0;0;0;1;0;0;-9.4;2.59;3.85;5;9;1;1;0;0;0;0;1;0;0;0;0;0;0;0;0;0;0;0;0;0;1;0;0;0;0;0;0;0;0;0;0;0;0;1;0;0;0;0;0;0;0;0;0;0;0;1;0;1;0;0;0;0;0;0;0;0;0;0;0;0;0;0;0;0;0;0;0;0;0;0;0
Cedrus_libani;Pinaceae;Alien;Naturalised;6.55;;83.24;50;1000;9;10;1;0;0;0;0;0;0;0;0;0;0;1;0;0;-25;1.35;2.75;5;9;1;0;0;0;0;0;1;0;0;0;0;0;0;0;0;0;0;0;0;0;1;0;0;0;0;0;0;0;0;0;0;0;0;1;0;0;0;0;0;0;0;0;0;0;0;1;0;1;0;0;0;0;0;0;0;0;0;0;0;0;0;0;0;0;0;0;0;0;0;0;0
Ceiba_speciosa;Malvaceae;Alien;Non-Established;19.86;25.5;165.97;15;40;9;12;1;0;0;0;0;0;0;0;0;0;0;0;1;0;5;1.7;4;6;9;0;0;0;0;0;1;0;1;0;0;0;0;0;0;0;0;0;0;1;0;0;0;0;0;0;0;0;0;0;0;0;0;0;0;0;0;0;1;0;0;0;0;0;0;0;0;1;0;0;0;0;0;0;0;0;0;0;0;0;0;0;0;0;0;0;0;1;0;0;0;0
Celtis_australis;Cannabaceae;Alien;Naturalised;19.19;32.4;203.85;25;500;3;4;0;0;0;0;0;1;0;0;0;0;0;0;1;0;-38;2;4;5;9;0;1;0;0;0;0;0;1;0;0;0;0;0;0;0;0;0;0;1;0;0;0;0;0;0;0;0;0;0;0;0;0;0;0;0;0;0;0;1;0;0;0;0;0;0;0;1;0;0;0;0;0;0;0;0;0;0;0;0;0;0;0;0;0;0;1;0;0;0;0;0
Celtis_occidentalis;Cannabaceae;Alien;Non-Established;3.35;25.1;117.84;40;200;3;4;0;0;0;0;0;1;0;0;0;0;0;0;1;0;-43;3.17;3.85;3;9;1;0;0;0;0;0;0;1;0;0;0;0;0;0;0;0;0;0;0;0;0;0;0;0;0;0;0;0;0;0;0;1;0;0;0;0;0;0;1;0;0;0;0;0;0;0;1;0;0;0;1;0;0;0;0;0;0;0;0;1;0;0;0;0;0;1;0;0;0;0;0
Cephalotaxus_fortunei;Taxaceae;Alien;Non-Established;6.44;19.3;454.55;20;;2;5;;;;;;;;;;;;1;0;0;-15;1;2;6;9;0;0;0;0;1;0;0;1;0;0;0;0;0;0;0;0;0;0;0;0;1;0;0;0;0;0;0;0;0;0;0;0;0;0;0;0;0;0;0;0;1;0;0;0;0;1;0;1;0;0;0;0;0;0;0;0;0;0;0;0;0;0;0;0;0;0;0;0;0;0;0
Cephalotaxus_harringtonii;Taxaceae;Alien;Non-Established;6;19.175;323.5;10;150;3;4;;;;;;;;;;;;1;0;0;-15;3;2.5;6;9;0;0;0;0;1;0;0;1;0;0;0;0;0;0;0;0;0;0;0;0;1;0;0;0;0;0;0;0;0;0;0;0;0;0;0;0;0;0;0;0;1;0;0;0;0;1;0;1;0;0;0;0;0;0;0;0;0;0;0;0;0;0;0;0;0;0;0;0;0;0;0
Ceratonia_siliqua;Fabaceae;Native;;3.33;18.48;199.73;15;500;8;10;1;0;0;0;0;1;0;0;0;0;0;1;1;0;-6;1;5;9;11;0;0;0;1;0;0;0;1;0;0;0;0;0;0;0;0;0;0;0;0;1;0;0;0;0;0;0;0;0;0;0;0;0;0;1;0;0;0;0;0;0;0;0;0;0;1;0;0;0;0;0;0;0;0;0;0;0;0;0;0;0;0;0;0;0;1;0;0;0;0;0
Ceratostigma_willmottianum;Plumbaginaceae;Alien;Non-Established;10.1;;9.59;;;;;;;;;;;;;;;;0;1;0;;;;;;1;0;0;0;0;0;0;1;0;0;0;0;0;0;0;0;0;0;0;0;0;0;0;0;0;1;0;0;0;0;0;0;0;0;0;0;0;0;0;0;1;0;0;0;0;0;1;0;0;0;0;0;0;0;0;0;0;0;0;0;0;0;0;0;0;1;0;0;0;0;0
Cercis_siliquastrum;Fabaceae;Alien;Naturalised;13.7;25.78;42.37;13;5;4;5;0;1;0;0;0;0;0;0;0;0;0;1;1;0;-10;1;5;6;9;1;0;0;0;0;0;0;1;0;0;0;0;0;0;0;0;0;0;0;0;0;0;0;0;0;0;0;0;0;1;0;0;0;0;1;0;0;0;0;0;0;0;0;0;0;0;1;0;0;0;1;0;0;0;0;0;0;0;0;0;0;0;0;0;0;0;0;0;0;0;0
Cestrum_aurantiacum;Solanaceae;Alien;Non-Established;;33;2.5;3;;5;10;0;0;0;0;0;1;0;1;0;0;0;0;1;0;-5;1;2.5;6;9;0;0;1;0;0;0;0;0;1;0;0;0;0;0;0;0;0;0;0;0;0;0;0;0;0;0;0;1;0;0;0;0;0;0;0;0;0;0;0;0;0;1;0;0;0;1;0;0;0;0;0;0;0;0;0;0;0;0;0;1;0;0;0;0;0;0;0;0;0;0;0
Cestrum_elegans;Solanaceae;Alien;Non-Established;;;;3;;1;12;0;0;0;0;0;1;0;0;0;0;0;0;1;0;-2;2;3;8;11;1;0;0;0;0;0;0;0;1;0;0;0;0;0;0;0;0;0;0;0;0;0;0;0;0;0;0;0;0;0;0;1;0;0;0;0;0;1;0;0;0;0;0;0;0;1;0;0;0;0;0;0;0;0;0;0;0;0;0;1;0;0;0;0;0;0;0;0;0;0;0
Cestrum_nocturnum;Solanaceae;Alien;Naturalised;5.84;29.8;5;12;20;5;10;;;;;;;;;;;;0;1;0;0;2;1;7;10;1;0;0;0;0;0;0;0;1;0;0;0;0;0;0;0;0;0;0;0;0;0;0;0;0;0;0;1;0;0;0;0;0;0;0;0;0;0;0;0;1;0;0;0;0;1;0;0;0;0;0;0;0;0;0;0;0;0;0;1;0;0;0;0;0;0;0;0;0;0;0
Cestrum_parqui;Solanaceae;Alien;Naturalised;18.91;;4.2;12;5;5;10;0;0;0;0;0;1;0;1;0;0;0;0;1;0;-5;2;2;8;10;0;1;0;0;0;0;0;0;1;0;0;0;0;0;0;0;0;0;0;0;0;0;0;0;0;0;0;0;0;0;0;1;0;0;0;0;0;0;0;0;1;0;0;0;0;1;0;0;0;0;0;0;0;0;0;0;0;0;0;1;0;0;0;0;0;0;0;0;0;0;0
Chaenomeles_japonica;Rosaceae;Alien;Non-Established;2.67;;34.75;3;20;1;3;;;;;;;;;;;;0;1;0;-26;3;5;5;8;0;1;0;0;0;0;0;0;1;0;0;0;0;0;0;0;0;0;0;0;0;0;0;0;0;0;0;1;0;0;0;0;0;0;0;0;0;0;0;1;0;0;0;0;0;0;1;0;0;0;0;0;0;0;0;0;0;0;0;0;0;0;0;0;0;1;0;0;0;0;0
Chaenomeles_speciosa;Rosaceae;Alien;Naturalised;;;38.08;3;15;5;6;0;0;0;0;0;1;0;0;0;0;0;0;1;0;-26;1;5;4;8;0;1;0;0;0;0;0;0;1;0;0;0;0;0;0;0;0;0;0;0;0;0;0;0;0;0;0;1;0;0;0;0;0;0;0;0;0;0;0;1;0;0;0;0;0;0;1;0;0;0;0;0;0;0;0;0;0;0;0;1;0;0;1;0;0;1;0;0;0;0;0
Chamaecyparis_lawsoniana;Cupressaceae;Alien;Naturalised;;12.74;2.28;77;600;3;4;1;0;0;0;0;0;0;0;0;0;0;1;0;0;-20.5;3.67;2.06;5;7;0;1;0;0;1;0;1;0;0;0;0;0;0;0;0;0;0;0;0;0;1;0;0;0;0;0;0;0;0;0;0;0;0;0;0;0;0;0;0;0;0;0;1;0;0;1;0;0;0;0;0;0;0;0;0;0;0;0;0;0;0;0;0;0;0;0;0;0;0;1;0
Chamaecyparis_obtusa;Cupressaceae;Alien;Non-Established;5.53;13.61;3.33;50;500;1;4;;;;;;;;;;;;1;0;0;-24;4.38;2.88;4;8;0;0;0;0;1;0;1;0;0;0;0;0;0;0;0;0;0;0;0;0;1;0;0;0;0;0;0;0;0;0;0;0;0;1;0;0;0;0;0;0;0;0;0;0;0;1;0;0;0;0;0;0;0;0;0;0;0;0;0;0;0;0;0;0;0;0;0;0;0;1;0
Chamaedorea_elegans;Arecaceae;Alien;Invasive;19.4;;126;2.5;50;;;;;;;;;;;;;;0;1;0;-2;3;3.5;10;12;0;0;0;0;0;1;0;0;0;0;0;1;0;0;0;0;0;0;0;0;0;0;0;0;0;0;0;0;0;0;0;1;0;0;0;0;0;0;0;0;1;0;0;0;0;1;0;0;0;0;0;0;0;0;0;0;0;0;0;1;0;0;0;0;0;0;0;0;0;0;0
Chamaerops_humilis;Arecaceae;Native;;5.5;13.52;599.38;4;50;2;4;0;0;0;0;0;1;0;0;0;0;0;1;1;0;-10;1;5;8;11;0;0;0;0;0;1;0;0;0;0;0;1;0;0;0;0;0;0;0;0;0;0;0;0;0;0;0;0;0;0;0;1;0;0;0;0;0;0;0;0;1;0;0;0;0;1;0;0;0;0;0;0;0;0;0;0;0;0;0;0;0;0;0;0;0;0;1;0;0;0;0
Choisya_ternata;Rutaceae;Alien;Non-Established;9.61;;;2.5;;4;9;;;;;;;;;;;;0;1;0;-11.5;3;3;6;9;0;1;0;0;0;0;0;0;1;0;0;0;0;0;0;0;0;0;0;0;0;0;0;0;0;0;0;0;0;0;0;1;0;0;0;0;0;1;0;0;0;0;0;0;0;1;0;0;0;0;0;0;0;0;0;1;0;0;0;0;0;0;0;0;0;0;0;0;0;0;0
Chrysojasminum_fruticans;Oleaceae;Native;;2.31;19.1;79.86;5;10;3;6;0;0;0;0;0;1;0;0;0;0;0;0;1;0;-15;2;4;7;11;0;1;0;0;0;0;0;0;0;1;0;0;0;0;0;0;0;0;0;0;0;0;0;0;0;0;0;0;0;0;0;1;0;0;0;0;0;1;0;0;0;0;0;0;0;1;0;0;0;0;0;0;0;0;0;0;0;0;0;0;0;0;0;0;0;0;0;0;0;0;1
Chrysojasminum_humile;Oleaceae;Alien;Non-Established;;26.71;27.28;6;10;3;6;0;0;0;0;0;1;0;0;0;0;0;0;1;0;-9.5;1;2;7;10;0;1;0;0;0;0;0;0;0;1;0;0;0;0;0;0;0;1;0;0;0;0;0;0;0;0;0;0;0;0;0;1;0;0;0;0;0;1;0;0;0;0;0;0;0;1;0;0;0;0;0;0;0;0;0;0;0;0;0;0;0;0;0;0;0;0;0;0;0;0;1
Cinnamomum_camphora;Lauraceae;Alien;Non-Established;6.24;13.4;0.12;30;50;4;6;0;0;0;0;0;1;0;1;0;0;0;0;1;0;0;3.5;2.8;9;11;1;0;0;0;0;0;0;1;0;0;0;0;0;0;0;0;0;0;0;0;0;0;0;0;0;0;0;0;0;0;0;1;0;0;0;0;0;0;0;0;1;0;0;0;0;1;0;0;0;0;0;0;0;0;0;0;0;0;0;0;0;0;0;0;0;1;0;0;0;0;0
Cistus_albidus;Cistaceae;Native;;11.55;17.1;0.98;2;10;3;6;1;0;0;0;0;0;0;0;0;0;0;0;1;0;-6;1;4;6;9;0;1;0;0;0;0;0;0;1;0;0;0;0;0;0;0;0;0;0;0;0;0;0;0;0;0;0;0;0;0;0;1;0;0;0;0;0;1;0;0;0;0;0;0;0;1;0;0;0;0;0;0;0;0;0;1;0;0;0;0;0;0;0;0;0;0;0;0;0;0;0
Citrus_maxima;Rutaceae;Alien;Non-Established;10.9;26.55;243.98;10;;1;6;;;;;;;;;;;;0;1;0;0;2.6;1;7;10;0;1;0;0;0;0;0;1;0;0;0;0;0;0;0;0;1;0;0;0;0;0;0;0;0;0;0;0;0;0;0;0;0;0;0;0;0;1;0;0;0;0;0;0;0;1;0;0;0;0;0;0;0;0;0;1;0;0;0;0;0;0;0;0;0;0;0;0;0;0;0
Citrus_trifoliata;Rutaceae;Alien;Non-Established;6.5;24.09;147.93;7;10;3;5;;;;;;;;;;;;0;1;0;-20;2;3;5;9;0;1;0;0;0;0;0;1;0;0;0;0;0;0;0;0;0;0;1;0;0;0;0;0;0;0;0;0;0;0;0;0;0;0;0;0;0;1;0;0;0;0;0;0;0;1;0;0;0;0;0;0;0;0;0;0;0;0;0;0;0;0;0;0;0;0;0;0;0;0;1
Clerodendrum_chinense;Lamiaceae;Alien;Non-Established;18.66;;;2.4;;;;;;;;;;;;;;;0;1;0;;;;;;1;0;0;0;0;0;0;0;1;0;0;0;0;0;0;0;0;0;0;0;0;0;0;0;0;0;0;0;0;0;0;1;0;0;1;0;0;0;0;0;0;0;0;0;0;1;0;0;0;0;0;0;0;0;0;0;0;0;0;0;0;0;0;0;0;1;0;0;0;0;0
Coprosma_repens;Rubiaceae;Alien;Non-Established;;;20;3;;4;4;;;;;;;;;;;;0;1;0;0;2;3;8;11;0;1;0;0;0;0;0;0;1;0;0;0;0;0;0;0;0;0;0;0;0;0;0;0;0;0;0;1;0;0;0;0;0;0;0;0;0;0;0;0;0;1;0;0;0;1;0;0;0;0;0;0;0;0;0;1;0;0;0;0;0;0;0;0;0;0;0;0;0;0;0
Cordyline_australis;Asparagaceae;Alien;Non-Established;10.11;;4.11;20;50;7;10;;;;;;;;;;;;0;1;0;5;2;2;7;10;0;0;0;0;0;1;0;0;0;0;0;1;0;0;0;0;0;0;0;0;0;0;0;0;0;0;0;0;0;0;0;1;0;0;0;0;0;0;0;0;1;0;0;0;0;1;0;0;0;0;0;0;0;0;0;0;0;0;0;0;1;0;0;0;0;0;0;0;0;0;0
Cordyline_indivisa;Asparagaceae;Alien;Non-Established;;;3.75;10;50;7;10;;;;;;;;;;;;0;1;0;0;2;3;7;10;0;0;0;0;0;1;0;0;0;0;0;1;0;0;0;0;0;0;0;0;0;0;0;0;0;0;0;0;0;0;0;1;0;0;0;0;0;0;0;0;1;0;0;0;0;1;0;0;0;0;0;0;0;0;0;1;0;0;0;0;0;0;0;0;0;0;0;0;0;0;0
Cordyline_rubra;Asparagaceae;Alien;Non-Established;;;14.26;14.11;;6;9;;;;;;;;;;;;0;1;0;10;2.5;2;7;10;0;0;0;0;0;1;0;0;0;0;0;1;0;0;0;0;0;0;0;0;0;0;0;0;0;0;0;0;0;0;0;1;0;0;0;0;0;0;0;0;1;0;0;0;0;1;0;0;0;0;0;0;0;0;0;1;0;0;0;0;0;0;0;0;0;0;0;0;0;0;0
Cormus_domestica;Rosaceae;Native;;9.9;;20.54;30;600;4;5;0;0;0;0;0;1;0;0;0;0;0;0;1;0;-15;3.53;3.52;6;10;1;0;0;0;0;0;0;1;0;0;0;0;0;0;0;0;0;1;0;0;0;0;0;0;0;0;0;0;0;0;0;0;0;0;0;0;0;0;0;1;0;0;0;0;0;0;1;0;0;0;0;0;0;0;0;0;0;0;0;1;0;0;0;0;0;0;0;0;0;0;0
Cornus_alba;Cornaceae;Native;;;;43.83;5;10;6;7;0;0;0;0;0;1;0;0;0;0;0;0;1;0;-1;1;3;3;7;0;1;0;0;0;0;0;1;0;0;0;0;0;0;0;0;0;0;0;0;0;0;0;0;0;0;0;1;0;0;0;0;0;0;0;0;0;0;0;0;0;1;0;0;0;0;1;0;0;0;0;0;0;0;0;0;0;0;0;1;0;0;0;0;0;0;0;0;0;0;0
Cornus_florida;Cornaceae;Alien;Non-Established;20.13;17.33;111.71;16.8;125;4;5;0;0;0;0;0;1;0;0;0;0;0;0;1;0;-1;4.87;2.92;5;9;1;0;0;0;0;0;0;1;0;0;0;0;0;0;0;0;0;0;0;0;0;0;0;0;0;0;0;1;0;0;0;0;0;0;0;0;0;1;0;0;0;0;0;0;0;0;1;0;0;0;0;0;0;0;0;0;0;0;0;0;0;0;0;0;0;1;0;0;0;0;0
Cornus_kousa;Cornaceae;Alien;Non-Established;19.18;14.28;135.1;8.4;10;4;5;0;0;0;0;0;1;0;0;0;0;0;0;1;0;-15;3;1.53;5;8;1;1;0;0;0;0;0;1;0;0;0;0;0;0;0;0;0;0;0;0;0;0;0;0;0;0;1;0;0;0;0;0;0;0;0;0;0;0;0;0;1;0;0;0;0;0;1;0;0;0;0;0;0;0;0;1;0;0;0;0;0;0;0;0;0;0;0;0;0;0;0
Cornus_sanguinea;Cornaceae;Native;;21;23.09;50.07;6;30;4;6;0;0;0;0;1;1;0;0;0;0;0;0;1;0;-20.55;1.93;3.04;4;8;0;1;0;0;0;0;0;1;0;0;0;0;0;0;0;0;0;0;0;0;0;0;0;0;0;0;0;1;0;0;0;0;0;0;0;0;0;0;0;0;0;1;0;0;0;0;1;0;0;0;0;0;0;0;0;1;0;0;0;0;0;0;0;0;0;0;0;0;0;0;0
Coronilla_valentina;Fabaceae;Alien;Non-Established;15;;6.97;0.8;5;3;5;0;1;0;0;0;0;0;0;0;0;0;0;1;0;-5;1.5;4;8;9;0;1;0;0;0;0;0;0;1;0;0;0;0;0;0;0;0;0;0;0;0;0;0;0;0;0;0;0;0;0;0;0;1;0;1;0;0;0;0;0;0;0;0;0;0;1;0;0;0;0;0;0;0;0;0;0;0;0;0;0;0;0;0;1;0;1;0;0;0;0;0
Corylus_avellana;Betulaceae;Native;;16.25;22.69;987.47;20;120;1;4;1;0;0;0;1;0;1;0;0;0;0;1;1;0;-16;3.53;3.04;4;8;0;1;0;0;0;0;0;1;0;0;0;0;0;0;0;0;0;0;0;0;1;0;0;0;0;0;0;0;0;0;1;0;0;0;0;0;0;0;1;0;0;0;0;0;0;0;1;0;0;0;0;0;0;0;0;1;0;0;0;0;0;0;0;0;0;0;0;0;0;0;0
Corylus_colurna;Betulaceae;Alien;Non-Established;30.25;17.3;1830.84;30;;2;5;;;;;;;;;;;;1;0;0;-26;1.35;3.13;4;7;0;0;0;1;0;0;1;0;0;0;0;0;0;0;0;0;0;0;0;0;1;0;0;0;0;0;0;0;0;0;1;0;0;0;0;0;0;0;1;0;0;0;0;0;0;0;1;0;0;0;0;0;0;0;0;0;0;0;0;0;0;0;0;1;0;1;0;0;0;0;0
Cotinus_coggygria;Anacardiaceae;Alien;Non-Established;15.03;18.71;9.3;9;20;6;7;0;0;0;0;0;1;0;0;0;0;0;1;1;0;-15;1.93;3.74;5;8;1;0;0;0;0;0;0;1;0;0;0;0;0;0;0;0;0;0;0;0;0;0;0;0;0;0;0;0;0;0;0;1;0;0;0;0;0;0;0;0;0;1;0;0;0;0;1;0;0;0;0;0;0;0;0;0;0;0;0;0;0;0;0;1;0;1;0;0;0;0;0
Cotoneaster_coriaceus;Rosaceae;Alien;Naturalised;7.01;23;7.7;4;40;5;6;;;;;;;;;;;;0;1;0;-10;2;3.5;5;9;0;1;0;0;0;0;0;0;1;0;0;0;0;0;0;0;0;1;0;0;0;0;0;0;0;0;0;0;0;0;0;0;0;0;0;0;0;0;0;1;0;0;0;0;0;1;0;0;0;0;0;0;0;0;0;0;0;0;0;0;0;0;0;0;0;1;0;0;0;0;0
Cotoneaster_horizontalis;Rosaceae;Alien;Non-Established;11.09;22.4;11.18;1.5;5;4;7;0;0;0;0;0;1;0;0;0;0;0;0;1;0;-15;3.38;3.46;5;8;1;0;0;0;0;0;0;0;0;0;0;0;0;0;1;0;0;0;0;0;0;0;0;0;0;0;0;1;0;0;0;0;0;0;0;0;0;0;0;1;0;0;0;0;0;0;0;0;0;0;0;0;0;0;0;1;0;0;0;0;0;0;0;0;0;0;0;0;0;0;0
Cotoneaster_pannosus;Rosaceae;Alien;Non-Established;7.7;;40.7;3;40;4;7;0;0;0;0;0;1;0;0;0;0;0;0;1;0;;2;3;5;8;0;1;0;0;0;0;0;0;1;0;0;0;0;0;0;0;0;1;0;0;0;0;0;0;0;0;0;0;0;0;0;0;0;0;0;0;0;0;0;1;0;0;0;0;0;1;0;0;0;0;0;0;0;0;0;1;0;0;0;0;0;0;0;0;0;0;0;0;0;0;0
Cotoneaster_salicifolius;Rosaceae;Alien;Non-Established;;;8.77;5;40;4;7;0;0;0;0;0;1;0;0;0;0;0;0;1;0;;5;1;5;8;1;0;0;0;0;0;0;0;0;0;0;0;0;0;1;0;0;1;0;0;0;0;0;0;0;0;0;0;0;0;0;0;0;0;0;0;0;0;0;1;0;0;0;0;0;1;0;0;0;0;0;0;0;0;0;0;0;0;0;1;0;0;0;0;0;0;0;0;0;0;0
Crataegus_azarolus;Rosaceae;Alien;Naturalised;;20.9;266.8;10;;3;5;;;;;;;;;;;;0;1;0;-20.5;;4;5;9;1;0;0;0;0;0;0;0;1;0;0;0;0;0;0;0;0;1;0;0;0;0;0;0;0;0;0;0;0;0;0;0;0;0;0;0;0;0;0;1;0;0;0;0;0;0;1;0;0;0;0;0;0;0;0;0;0;0;0;0;0;0;0;0;0;1;0;0;0;0;0
Crataegus_laevigata;Rosaceae;Native;;20.58;19.23;233.64;12;500;5;6;0;0;0;0;1;1;0;1;0;0;0;0;1;0;-26;2.45;2.9;4;8;1;0;0;0;0;0;0;1;0;0;0;0;0;0;0;0;0;1;0;0;0;0;0;0;0;0;0;0;0;0;0;0;0;0;0;0;0;0;0;1;0;0;0;0;0;0;1;0;0;0;0;0;0;0;0;0;0;0;0;0;0;0;0;0;0;1;1;0;0;0;0
Crataegus_monogyna;Rosaceae;Native;;11.47;18.15;150.2;10;350;5;6;0;0;0;0;1;1;0;1;0;0;0;0;1;0;-21;1.7;4;4;8;1;0;0;0;0;0;0;1;0;0;0;0;0;0;0;0;0;1;0;0;0;0;0;0;0;0;0;0;0;0;0;0;0;0;0;0;0;0;0;1;0;0;0;0;0;0;1;0;0;0;0;0;0;0;0;0;0;0;0;0;0;0;0;0;0;1;0;0;0;0;0
Cryptomeria_japonica;Cupressaceae;Alien;Non-Established;6.44;13.51;3.94;70;500;1;4;;;;;;;;;;;;1;0;0;-21;3.17;2.75;5;8;0;0;0;0;1;0;1;0;0;0;0;0;0;0;0;0;0;0;0;0;1;0;0;0;0;0;0;0;0;0;0;0;0;0;0;0;0;0;0;0;0;0;1;0;0;1;0;1;0;0;0;0;0;0;0;0;0;0;0;0;0;0;0;0;0;0;0;0;0;0;0
Cupressus_cashmeriana;Cupressaceae;Alien;Non-Established;;;1.7;45;1000;11;3;1;0;0;0;0;0;0;0;0;0;0;1;0;0;0;2;4;7;10;0;0;0;0;1;0;0;0;0;0;0;0;0;1;0;0;0;0;0;0;1;0;0;0;0;0;0;0;0;0;0;0;0;0;0;0;0;0;0;0;0;0;1;0;0;1;0;0;0;0;0;0;0;0;0;0;0;0;0;0;0;0;0;0;0;0;0;0;0;1;0
Cupressus_funebris;Cupressaceae;Alien;Non-Established;;11.03;2.73;35;;3;4;1;0;0;0;0;0;0;0;0;0;0;1;0;0;-9.5;1;4;7;10;0;0;0;0;1;0;0;0;0;0;0;0;0;1;0;0;0;0;0;0;1;0;0;0;0;0;0;0;0;0;0;0;0;0;0;0;0;0;0;0;0;0;1;0;0;1;0;0;0;0;0;0;0;0;0;0;0;0;0;0;0;0;0;0;0;0;0;0;0;1;0
Cupressus_sempervirens;Cupressaceae;Alien;Naturalised;17.17;8.07;7.72;35;1000;3;4;1;0;1;0;0;0;0;0;0;0;0;1;0;0;-9.45;1.35;4.95;7;11;0;0;0;0;1;0;0;0;0;0;0;0;1;0;0;0;0;0;0;0;1;0;0;0;0;0;0;0;0;0;0;0;0;0;0;0;0;0;0;0;0;0;1;0;0;1;0;0;0;0;0;0;0;0;0;0;0;0;0;0;0;0;0;0;0;0;0;0;0;1;0
Cycas_circinalis;Cycadaceae;Alien;Non-Established;;;25000;3.5;100;1;2;0;0;0;0;0;0;0;1;0;0;0;1;0;0;0;4;1;10;11;0;0;0;0;0;1;0;0;0;0;0;1;0;0;0;0;0;0;0;0;0;0;0;0;1;0;0;0;0;0;0;0;0;0;0;0;0;0;0;0;1;0;0;0;0;1;0;0;0;0;0;0;0;0;0;0;0;0;0;1;0;0;0;0;0;0;0;0;0;0;0
Cycas_revoluta;Cycadaceae;Alien;Non-Established;;17;7749.6;2;100;5;6;0;0;0;0;0;0;0;1;0;0;0;1;0;0;0;3;2;8;11;0;0;0;0;0;1;0;0;0;0;0;1;0;0;0;0;0;0;0;0;0;0;0;0;1;0;0;0;0;0;0;0;0;0;0;0;0;0;0;0;1;0;0;0;0;1;0;0;0;0;0;0;0;0;0;0;0;0;0;1;0;0;0;0;0;0;0;0;0;0;0
Cydonia_oblonga;Rosaceae;Alien;Naturalised;15.5;23.05;31.78;8;30;4;6;0;0;0;0;0;1;0;0;0;0;0;0;1;0;-31.5;1.2;3.88;5;9;1;0;0;0;0;0;0;1;0;0;0;0;0;0;0;0;0;0;1;0;0;0;0;0;0;0;0;0;0;0;0;0;0;0;0;0;0;0;0;0;0;0;0;1;0;0;1;0;0;0;0;0;0;0;0;1;0;0;0;0;0;0;0;0;0;0;0;0;0;0;0
Cytisus_scoparius;Fabaceae;Alien;Invasive;17.05;28.38;8.18;3;25;5;6;0;1;0;0;1;0;0;0;0;1;0;0;1;0;-25;1.2;3.46;;;0;1;0;0;0;0;0;0;1;0;0;0;0;0;0;0;0;0;0;0;0;0;0;0;0;0;0;0;0;0;0;0;1;0;1;0;0;0;0;0;0;0;0;0;0;1;0;0;0;0;0;0;0;0;0;0;0;0;0;0;0;0;0;0;0;0;1;0;0;0;0
Dasylirion_acrotrichum;Asparagaceae;Alien;Non-Established;;;;2.5;50;6;7;1;0;0;0;0;0;0;0;0;0;0;0;1;0;-6;1.89;1;7;10;0;0;0;0;0;1;0;0;0;0;0;1;0;0;0;0;0;0;0;0;0;0;0;0;0;0;0;0;0;0;0;1;0;0;0;0;0;0;0;0;1;0;0;0;0;1;0;0;0;0;0;0;0;0;0;0;0;0;0;0;1;0;0;0;0;0;0;0;0;0;0
Delairea_odorata;Asteraceae;Alien;Invasive;;;;2;;9;12;1;0;0;0;0;0;0;0;0;0;0;0;1;0;-5;2;1;;;1;0;0;0;0;0;0;0;0;1;0;0;0;0;0;0;0;0;0;0;0;0;0;0;0;1;0;0;0;0;0;0;0;0;0;0;0;0;0;0;1;0;0;0;0;1;0;0;0;0;0;0;0;0;0;0;0;0;0;0;0;1;0;0;0;0;0;0;0;0;0
Deutzia_scabra;Hydrangeaceae;Alien;Non-Established;10.8;;0.1;4;25;6;7;;;;;;;;;;;;0;1;0;-26;2;1;5;8;1;0;0;0;0;0;0;0;1;0;0;0;0;0;0;0;0;0;0;0;0;0;0;0;0;0;0;0;0;0;0;1;0;0;0;0;0;1;0;0;0;0;0;0;0;0;1;0;0;0;0;0;0;0;0;0;0;0;0;1;0;0;0;0;0;1;0;0;0;0;0
Dioon_edule;Zamiaceae;Alien;Non-Established;;15.1;;2.1;2500;3;6;0;0;0;0;0;1;0;0;0;0;0;1;0;0;;;;;;0;0;0;0;0;1;0;0;0;0;0;1;0;0;0;0;0;0;0;0;0;0;0;0;1;0;0;0;0;0;0;0;0;0;0;0;0;0;0;0;1;0;0;0;0;1;0;0;0;0;0;0;0;0;0;0;0;0;0;0;0;0;0;0;0;1;0;0;0;0;0
Diosma_hirsuta;Rutaceae;Alien;Non-Established;3.97;;10.9;0.8;10;1;5;;;;;;;;;;;;0;1;0;-5;1;4;7;10;0;1;0;0;0;0;0;0;1;0;0;0;0;0;0;0;0;0;0;0;0;0;0;0;0;0;0;0;0;0;0;1;0;0;0;0;0;1;0;0;0;0;0;0;0;1;0;0;0;0;0;0;0;0;0;0;0;0;0;0;1;0;0;0;0;0;0;0;0;0;0
Diospyros_kaki;Ebenaceae;Alien;Naturalised;16.53;21.52;534.7;27;10;5;6;;;;;;;;;;;;0;1;0;0;1;2;7;9;1;0;0;0;0;0;0;1;0;0;0;0;0;0;0;0;0;0;0;0;0;0;0;0;0;0;0;1;0;0;0;0;0;0;0;0;0;0;0;0;1;0;0;0;0;0;1;0;0;0;0;0;0;0;0;1;0;0;0;0;0;0;0;0;0;1;0;0;0;0;0
Diospyros_lotus;Ebenaceae;Alien;Naturalised;15.04;19.5;254.98;30;20;6;7;;;;;;;;;;;;0;1;0;-26;1;2;7;9;1;0;0;0;0;0;0;1;0;0;0;0;0;0;0;0;1;0;0;0;0;0;0;0;0;0;0;0;0;0;0;0;0;0;0;0;0;0;0;0;0;1;0;0;0;0;1;0;0;0;0;0;0;0;0;0;0;0;0;0;0;0;0;0;0;1;0;0;0;0;0
Diospyros_virginiana;Ebenaceae;Alien;Non-Established;23.42;17.78;361.13;24;80;5;6;0;0;0;0;0;1;0;0;0;0;0;0;1;0;-5.4;4.21;1.5;;;1;0;0;0;0;0;0;1;0;0;0;0;0;0;0;0;0;0;0;0;0;0;0;0;0;0;0;1;0;0;0;0;0;0;0;0;0;0;0;0;0;1;0;0;0;0;1;0;0;0;0;0;0;0;0;0;0;0;0;0;0;0;0;0;0;1;0;0;0;0;0
Dodonaea_viscosa;Sapindaceae;Alien;Non-Established;6.7;35.7;7.3;8;10;5;6;0;0;0;0;0;0;0;0;0;1;0;0;1;0;-7.7;2.5;4.5;7;10;1;0;0;0;0;0;0;1;0;0;0;0;0;0;0;0;0;0;0;0;0;0;0;0;0;0;0;0;0;0;0;1;0;0;0;0;0;1;0;0;0;0;0;0;0;1;0;0;0;0;0;0;0;0;0;0;0;0;0;0;1;0;1;0;0;0;0;0;0;0;0
Dolichandra_unguis-cati;Bignoniaceae;Alien;Non-Established;30;;35.96;15;;6;9;1;0;0;0;0;0;0;0;0;0;0;0;1;0;-8;1;4;6;9;1;0;0;0;0;0;0;0;0;1;0;0;0;0;0;0;0;0;0;0;0;0;0;0;0;0;0;0;0;0;0;1;0;0;0;0;0;1;0;0;0;0;0;0;0;0;1;0;0;1;0;0;0;0;0;0;0;0;0;0;0;0;0;0;0;0;0;0;0;0;0
Dracaena_draco;Asparagaceae;Alien;Non-Established;;;344.83;20;300;5;10;;;;;;;;;;;;0;1;0;5;2;1;5;9;1;1;0;0;0;0;0;0;0;0;0;1;0;0;0;0;0;0;0;0;0;0;0;0;0;0;0;0;0;0;0;1;0;0;0;0;0;0;0;0;0;1;0;0;0;1;0;0;0;0;0;0;0;0;0;0;0;0;0;0;1;0;0;0;0;0;0;0;0;0;0
Elaeagnus_angustifolia;Elaeagnaceae;Alien;Invasive;10.19;39.8;135.65;15;100;5;7;0;0;0;0;0;1;0;0;0;0;0;0;1;0;-23;1.35;4.47;2;7;0;0;0;0;0;1;0;1;0;0;0;0;0;0;0;0;0;0;0;0;0;0;0;0;0;0;0;1;0;0;0;0;0;0;0;0;0;0;1;0;0;0;0;0;0;0;1;0;0;0;0;0;0;0;0;0;0;0;0;1;0;0;0;0;0;0;0;0;0;0;0
Elaeagnus_pungens;Elaeagnaceae;Alien;Non-Established;13.54;31.57;16;4;50;11;1;;;;;;;;;;;;0;1;0;-15;3;3;6;10;1;0;0;0;0;0;0;0;1;0;0;0;0;0;0;0;0;0;0;0;0;0;1;0;0;0;0;0;0;0;0;0;0;0;0;0;0;0;1;0;0;0;0;0;0;1;0;0;0;0;0;0;0;0;0;0;0;0;0;0;1;0;0;0;0;0;0;0;0;0;0
Erythrina_caffra;Fabaceae;Alien;Non-Established;16.65;59.55;153.83;18;;10;4;0;0;1;0;0;1;0;0;0;0;0;0;1;0;;1;2;6;9;0;0;0;0;0;1;0;1;0;0;0;0;0;0;0;0;0;0;0;0;0;0;0;0;0;0;0;0;0;1;0;0;0;0;1;0;0;0;0;0;0;0;0;0;0;0;1;0;0;0;0;0;0;0;0;0;0;0;0;0;0;0;0;0;0;0;0;0;0;0;1
Erythrina_crista-galli;Fabaceae;Alien;Non-Established;14.77;;358.67;10;;6;9;0;1;0;0;0;1;0;0;0;0;0;0;1;0;0;1;2;7;10;1;0;0;0;0;0;0;1;0;0;0;0;0;0;0;0;0;0;0;0;0;0;0;0;0;0;0;0;0;1;0;0;0;0;1;0;0;0;0;0;0;0;0;0;0;0;1;0;0;0;0;0;0;0;0;0;0;0;0;0;0;0;0;0;0;0;0;0;0;0;1
Erythrostemon_gilliesii;Fabaceae;Alien;Naturalised;;;104.96;11;;3;7;0;0;0;1;0;0;0;0;0;0;0;0;1;0;-9.5;1;5;7;10;0;1;0;0;0;0;0;0;1;0;0;0;0;0;0;0;0;0;0;0;0;0;0;0;0;0;0;0;0;1;0;0;0;0;1;0;0;0;0;0;0;0;0;0;0;1;0;0;0;0;0;0;0;0;0;1;0;0;0;0;0;0;0;0;0;0;0;0;0;0;0
Escallonia_paniculata;Escalloniaceae;Alien;Non-Established;7.98;10.31;;15;;7;8;;;;;;;;;;;;0;1;0;;1.99;2.8;7;10;0;0;0;0;1;0;0;1;0;0;0;0;0;0;0;0;0;0;0;0;0;0;0;0;0;0;0;0;0;0;0;1;0;0;0;0;0;1;0;0;0;0;0;0;0;1;0;0;0;0;0;0;0;0;0;0;0;0;0;1;0;0;0;0;0;0;0;0;0;0;0
Escallonia_polifolia;Escalloniaceae;Alien;Non-Established;;;;;;;;;;;;;;;;;;;0;1;0;;;;;;0;1;0;0;0;0;0;0;1;0;0;0;0;0;0;0;0;0;0;0;0;0;0;0;0;0;0;0;0;0;0;1;0;0;0;0;0;1;0;0;0;0;0;0;0;1;0;0;0;0;0;0;0;0;0;0;0;0;0;1;0;0;0;0;0;0;0;0;0;0;0
Escallonia_rubra;Escalloniaceae;Alien;Non-Established;;;0.07;4;;6;9;;;;;;;;;;;;0;1;0;0;1;3;8;11;0;1;0;0;0;0;0;0;1;0;0;0;0;0;0;0;0;0;0;0;0;0;0;0;0;0;0;0;0;0;0;1;0;0;0;0;0;1;0;0;0;0;0;0;0;1;0;0;0;0;0;0;0;0;0;1;0;0;0;0;0;0;0;1;0;1;0;0;0;0;0
Eucalyptus_camaldulensis;Myrtaceae;Alien;Invasive;5.16;12.83;1.09;60;1000;2;12;1;0;0;0;0;0;0;0;0;0;0;0;1;0;-4;3;3;8;12;0;0;0;0;1;0;0;0;0;0;0;0;1;0;0;0;0;0;0;0;0;0;0;0;0;0;0;1;0;0;0;0;0;0;0;0;0;1;0;0;0;0;0;0;0;1;0;0;0;0;0;0;0;0;0;0;1;0;0;0;0;0;1;0;0;1;0;0;0;0;0
Eucalyptus_diversicolor;Myrtaceae;Alien;Non-Established;4.76;12.05;1.84;90;200;1;12;1;0;0;0;0;0;0;0;0;0;0;0;1;0;;3;1;8;10;0;0;0;0;1;0;0;0;0;0;0;0;1;0;0;0;0;0;0;0;0;0;0;0;0;0;0;1;0;0;0;0;0;0;0;0;0;1;0;0;0;0;0;0;0;1;0;0;0;0;0;0;0;0;0;0;0;0;0;1;0;0;1;0;0;1;0;0;0;0;0
Eucalyptus_globulus;Myrtaceae;Alien;Invasive;13.98;15.69;5.42;90;400;10;1;1;0;0;0;0;0;0;0;0;0;0;0;1;0;-4;1;1;9;11;0;0;0;0;1;0;0;0;0;0;0;0;1;0;0;0;0;0;0;0;0;0;0;0;0;0;0;0;0;0;0;1;0;0;0;0;0;1;0;0;0;0;0;0;0;1;0;0;0;0;0;0;0;0;0;1;1;0;0;1;0;0;1;0;0;1;0;0;0;0;0
Eucalyptus_gunnii;Myrtaceae;Alien;Naturalised;;;2.4;40;200;5;9;1;0;0;0;0;0;0;0;0;0;0;0;1;0;-18;1;3;7;10;0;0;0;0;1;0;0;0;0;0;0;0;1;0;0;0;0;0;0;0;0;0;0;0;0;0;0;0;0;0;0;1;0;0;0;0;0;1;0;0;0;0;0;0;0;1;0;0;0;0;1;0;0;0;0;1;0;0;0;1;0;0;0;0;1;1;0;0;0;0;0
Eucalyptus_pauciflora;Myrtaceae;Alien;Non-Established;4.01;11.57;9.41;25;400;6;7;1;0;0;0;0;0;0;0;0;0;0;0;1;0;-9.5;1;3;6;9;0;0;0;0;1;0;0;0;0;0;0;0;1;0;0;0;0;0;0;0;0;0;0;0;0;0;0;1;0;0;0;0;0;0;0;0;0;1;0;0;0;0;0;0;0;1;0;0;0;0;0;0;0;0;0;1;1;0;0;1;0;0;0;0;0;1;0;0;0;0;0
Euonymus_alatus;Celastraceae;Alien;Non-Established;24.95;20.48;17.41;3;40;9;11;;;;;;;;;;;;0;1;0;;4.33;2;;;1;0;0;0;0;0;0;0;1;0;0;0;0;0;0;0;0;0;0;0;0;0;0;0;0;0;0;0;0;0;0;0;1;0;0;0;0;1;0;0;0;0;0;0;0;0;1;0;0;0;0;0;0;0;0;0;0;0;0;0;0;0;0;1;0;1;0;0;0;0;0
Euonymus_europaeus;Celastraceae;Alien;Non-Established;16.03;23.51;34.51;6;100;5;7;0;0;0;0;1;1;0;0;0;0;0;0;1;0;-37;3.02;3.04;3;7;0;1;0;0;0;0;0;1;0;0;0;0;0;0;0;0;0;0;0;0;0;0;0;0;0;0;0;0;0;0;0;1;0;0;0;0;0;1;0;0;0;0;0;0;0;0;1;0;0;0;0;0;0;0;0;0;0;0;0;0;0;0;0;1;0;1;0;0;0;0;0
Euonymus_fortunei;Celastraceae;Alien;Non-Established;8.02;10.94;13.12;10;;4;7;;;;;;;;;;;;0;1;0;-26;5;1;5;9;0;1;0;0;0;0;0;0;0;0;0;0;0;0;1;0;0;0;1;0;0;0;0;0;0;0;0;0;0;0;0;0;0;0;0;0;0;1;0;0;0;0;0;0;0;0;0;0;0;0;0;0;0;0;0;1;0;0;0;0;0;0;0;0;0;0;0;0;0;0;0
Euonymus_japonicus;Celastraceae;Alien;Non-Established;8.53;;33.49;8;200;5;8;;;;;;;;;;;;0;1;0;-4;2;3;6;9;0;1;0;0;0;0;0;0;1;0;0;0;0;0;0;0;0;0;1;0;0;0;0;0;0;0;0;0;0;0;0;0;0;0;0;0;0;1;0;0;0;0;0;0;0;1;0;0;0;0;0;0;0;0;0;1;0;0;0;0;0;0;0;0;0;0;0;0;0;0;0
Fagus_sylvatica;Fagaceae;Native;;12.09;22.32;201.74;45;300;4;5;0;0;0;0;1;0;1;1;1;0;0;1;0;0;-4;4.56;2.4;4;7;0;1;0;0;0;0;0;1;0;0;0;0;0;0;0;0;0;0;0;0;1;0;0;0;0;0;0;0;0;0;0;0;0;0;0;0;0;0;1;0;0;0;0;0;0;0;1;0;0;0;0;0;0;0;0;0;0;0;0;0;0;0;0;0;0;1;0;0;0;0;0
Fatsia_japonica;Araliaceae;Alien;Non-Established;24.03;27.12;7.1;6;15;9;11;;;;;;;;;;;;0;1;0;0;4;3;7;10;0;1;0;0;0;0;0;0;1;0;0;0;0;0;0;0;0;0;0;0;0;0;0;0;0;0;0;1;0;0;0;0;0;0;0;0;0;0;0;0;0;1;0;0;0;1;0;0;0;0;0;0;0;0;0;0;0;0;0;0;0;0;0;0;0;0;1;0;0;0;0
Feijoa_sellowiana;Myrtaceae;Alien;Non-Established;10.69;18.7;1.74;12.9;50;6;8;0;0;0;0;0;1;0;0;0;0;0;0;1;0;-11;2;5;8;11;1;0;0;0;0;0;0;1;0;0;0;0;0;0;0;0;0;0;0;0;0;0;0;0;0;0;0;0;0;0;0;1;0;0;0;0;0;1;0;0;0;0;0;0;0;1;0;0;0;0;0;0;0;0;0;1;0;0;0;0;0;0;0;0;0;0;0;0;0;0;0
Ficus_benjamina;Moraceae;Alien;Non-Established;12.73;14.8;25;20;50;;;0;0;0;0;0;1;0;0;0;0;0;0;1;0;5;2;2;7;10;0;1;0;0;0;0;0;1;0;0;0;0;0;0;0;0;0;1;0;0;0;0;0;0;0;0;0;0;0;0;0;0;0;0;0;0;0;0;0;1;0;0;0;0;0;1;0;0;0;0;0;0;0;0;0;0;0;0;0;1;0;0;0;0;0;0;0;0;0;0;0
Ficus_carica;Moraceae;Alien;Naturalised;16.34;28.52;;12;100;5;10;0;0;0;0;0;1;0;0;0;0;0;0;1;0;-9.45;2;4;6;11;0;1;0;0;0;0;0;1;0;0;0;0;0;0;0;0;0;0;1;0;0;0;0;0;0;0;0;0;0;0;0;0;0;0;0;0;0;0;0;0;0;1;0;0;0;0;1;0;0;0;0;0;0;0;0;0;0;0;0;0;0;0;0;0;0;0;1;0;0;0;0
Ficus_elastica;Moraceae;Alien;Non-Established;7.38;;98.04;30;50;;;0;0;0;0;0;1;0;0;0;0;0;0;1;0;5;2;3;7;10;0;1;0;0;0;0;0;1;0;0;0;0;0;0;0;0;0;0;1;0;0;0;0;0;0;0;0;0;0;0;0;0;0;0;0;0;0;0;0;0;0;1;0;0;0;1;0;0;0;0;0;0;0;0;0;1;0;0;0;0;0;0;0;0;0;0;0;0;0;0;0
Ficus_macrophylla;Moraceae;Alien;Non-Established;7.64;16.9;1.88;50;100;;;;;;;;;;;;;;0;1;0;0;3;4;9;11;0;1;0;0;0;0;0;1;0;0;0;0;0;0;0;0;0;0;1;0;0;0;0;0;0;0;0;0;0;0;0;0;0;0;0;0;0;0;0;0;0;1;0;0;0;1;0;0;0;0;0;0;0;0;0;0;0;0;0;0;0;0;0;0;0;1;0;0;0;0;0
Firmiana_simplex;Malvaceae;Alien;Non-Established;29.38;22;95.88;20;;5;6;;;;;;;;;;;;0;1;0;0;3;1;7;10;0;1;1;0;0;0;0;1;0;0;0;0;0;0;0;0;0;0;0;0;0;0;0;0;0;0;0;0;0;0;0;1;0;0;0;0;0;1;0;0;0;0;0;0;0;0;1;0;0;0;0;0;0;0;0;0;0;0;0;0;0;0;0;0;0;0;1;0;0;0;0
Fraxinus_americana;Oleaceae;Alien;Non-Established;23.72;22.77;38.01;40;300;3;5;1;0;0;0;0;0;0;0;0;0;0;1;0;0;-15;2.46;2.38;4;9;1;0;0;0;0;0;0;1;0;0;0;0;0;0;0;0;0;0;0;0;0;0;0;0;0;0;0;0;0;0;0;1;0;0;0;1;0;0;0;0;0;0;0;0;0;0;1;0;0;0;0;0;0;0;0;0;0;0;0;1;0;0;0;0;0;0;0;0;0;0;0
Fraxinus_angustifolia;Oleaceae;Native;;17.48;26.5;63.66;30;200;12;5;1;0;0;0;0;0;0;0;0;0;0;1;0;0;-20.5;2;1;5;9;1;0;0;0;0;0;0;1;0;0;0;0;0;0;0;0;0;0;0;0;0;0;0;0;0;0;0;0;0;0;0;1;0;0;0;1;0;0;0;0;0;0;0;0;0;0;1;0;0;0;0;0;0;0;0;0;0;0;0;1;0;0;0;0;0;0;0;0;0;0;0
Fraxinus_excelsior;Oleaceae;Native;;14.9;22.03;64.71;43;250;4;5;1;0;0;0;1;0;1;1;1;0;0;1;0;0;-17;2.66;2.5;5;8;1;0;0;0;0;0;0;1;0;0;0;0;0;0;0;0;0;0;0;0;1;0;0;0;0;0;0;0;0;0;0;0;0;0;0;0;0;0;1;0;0;0;0;0;0;0;1;0;0;0;0;0;0;0;0;0;0;0;0;0;0;0;0;0;0;1;0;0;0;0;0
Fraxinus_nigra;Oleaceae;Alien;Non-Established;21.89;23.54;52.87;27;320;4;5;1;0;0;0;0;0;0;0;0;0;0;1;0;0;-39;2.96;2;;;1;0;0;0;0;0;0;1;0;0;0;0;0;0;0;0;0;1;0;0;0;0;0;0;0;0;0;0;0;0;0;0;0;0;0;1;0;0;0;0;0;0;0;0;0;0;1;0;0;0;0;0;0;0;0;0;0;0;0;1;0;0;0;0;0;0;0;0;0;0;0
Fraxinus_ornus;Oleaceae;Native;;19.32;18.88;36.8;20;200;4;6;1;0;0;0;0;0;0;0;0;0;0;1;1;0;-20.5;3.02;4.31;5;6;0;1;0;0;0;0;0;1;0;0;0;0;0;0;0;0;0;0;0;0;1;0;0;0;0;0;0;0;0;0;0;0;0;0;0;0;0;0;1;0;0;0;0;0;0;0;1;0;0;0;0;0;0;0;0;0;0;0;0;0;0;0;0;0;0;1;0;0;0;0;0
Fraxinus_pennsylvanica;Oleaceae;Alien;Non-Established;17.25;17.13;31.56;48;120;4;5;1;0;0;0;0;0;0;0;0;0;0;1;0;0;-21.4;3.11;3.85;3;9;1;0;0;0;0;0;0;1;0;0;0;0;0;0;0;0;0;0;0;0;1;0;0;0;0;0;0;0;0;0;0;0;0;0;0;0;0;0;1;0;0;0;0;0;0;0;1;0;0;0;0;0;0;0;0;0;0;0;0;0;0;0;0;0;0;1;0;0;0;0;0
Gardenia_jasminoides;Rubiaceae;Alien;Non-Established;16.83;13.66;3.6;12;;;;0;0;0;0;0;1;0;0;0;0;0;0;1;0;;2.5;2;;;0;1;0;0;0;0;0;0;1;0;0;0;0;0;0;0;0;0;0;0;0;0;0;0;0;0;0;1;0;0;0;0;0;0;0;0;0;0;0;0;1;0;0;0;0;1;0;0;0;0;0;0;0;0;0;0;0;0;0;0;0;0;0;1;0;1;0;0;0;0;0
Ginkgo_biloba;Ginkgoaceae;Alien;Non-Established;16.59;19.38;1495;64;1000;3;4;;;;;;;;;;;;1;0;0;-31.5;1.34;3.99;3;8;1;0;0;0;0;0;1;0;0;0;0;0;0;0;0;0;0;0;0;0;1;0;0;0;0;0;0;0;0;0;0;0;0;1;0;0;0;0;0;0;0;0;0;0;0;0;1;0;0;0;0;0;0;0;0;0;0;0;1;0;0;0;0;0;0;0;0;0;0;0;0
Gleditsia_triacanthos;Fabaceae;Alien;Invasive;3.11;24.43;175.18;50;125;6;7;0;0;0;0;0;1;0;0;0;0;0;0;1;0;-10.7;1.61;4.98;4;8;1;1;0;0;0;0;0;1;0;0;0;0;0;0;0;0;0;0;0;0;0;0;0;0;0;0;0;0;0;1;0;0;0;0;1;0;0;0;0;0;0;0;0;0;0;0;1;0;0;0;0;0;0;0;0;0;0;0;0;1;0;0;0;0;0;0;0;0;0;0;0
Grevillea_robusta;Proteaceae;Alien;Naturalised;14.59;21.2;12.95;40;100;4;6;1;0;0;0;0;0;0;1;0;0;0;0;1;0;5;1;3;9;11;1;0;0;0;0;0;1;0;0;0;0;0;0;0;0;0;0;0;0;0;0;0;0;0;0;0;0;0;0;1;0;0;0;0;0;0;0;1;0;0;0;0;0;0;0;1;0;0;0;0;0;0;0;0;0;0;0;0;0;1;0;0;0;0;0;0;0;0;0;0;0
Gymnosporia_buxifolia;Celastraceae;Alien;Non-Established;10.64;16.79;10.04;9;;9;3;0;0;0;0;0;1;0;0;0;0;0;0;1;0;;;;;;0;1;0;0;0;0;0;0;1;0;0;0;0;0;0;0;0;0;0;0;0;0;0;0;0;0;0;0;0;0;0;1;0;0;0;0;0;1;0;0;0;0;0;0;0;1;0;0;0;0;0;0;0;0;0;1;0;0;0;0;0;0;0;0;0;0;0;0;0;0;0
Hamamelis_mollis;Hamamelidaceae;Alien;Non-Established;22.96;;;10;300;9;4;;;;;;;;;;;;0;1;0;-20.5;3;2;5;8;1;0;0;0;0;0;0;0;1;0;0;0;0;0;0;0;0;0;0;0;0;0;0;0;0;0;0;0;0;0;0;1;0;0;0;0;0;1;0;0;0;0;0;0;0;0;1;0;0;0;0;0;0;0;0;0;0;0;0;0;0;0;0;1;0;1;0;0;0;0;0
Handroanthus_impetiginosum;Bignoniaceae;Alien;Non-Established;9.81;22.71;122.36;5.3;;7;9;1;0;0;0;0;0;0;0;0;0;0;0;1;0;;;;;;0;1;0;0;0;0;0;0;0;1;0;0;0;0;0;0;0;0;0;0;0;0;0;0;0;0;0;0;0;0;0;1;0;0;0;0;0;1;0;0;0;0;0;0;0;0;1;0;0;0;0;0;0;0;0;0;0;0;0;0;0;0;0;0;0;0;1;0;0;0;0
Harpephyllum_afrum;Anacardiaceae;Alien;Non-Established;7.21;12.73;98.67;15;;5;7;0;0;0;0;0;1;0;0;0;0;0;0;1;0;-4;1;3;8;10;1;0;0;0;0;0;0;1;0;0;0;0;0;0;0;0;0;0;0;0;0;0;0;0;0;0;0;0;0;0;0;1;0;0;0;0;0;1;0;0;0;0;0;0;0;1;0;0;0;0;0;0;0;0;0;0;1;0;0;0;0;0;0;0;0;0;0;0;0;0;0
Hedera_canariensis;Araliaceae;Native;;5.65;;;10;;;;;;;;;;;;;;;0;1;0;;;;;;0;1;0;0;0;0;0;0;1;0;0;0;0;0;0;0;0;0;0;0;0;0;0;0;0;0;0;0;0;0;0;1;0;0;0;0;0;1;0;0;0;0;0;0;0;0;1;0;0;0;0;0;0;0;0;0;0;0;0;0;0;0;1;0;0;0;0;0;0;0;0
Hedera_helix;Araliaceae;Native;;12.19;16.28;22.24;30;450;9;3;0;0;0;0;1;1;0;1;0;0;0;0;1;0;-26;4;2.5;5;11;1;0;0;0;0;0;0;0;0;0;0;0;0;0;1;0;0;0;0;0;0;0;0;0;0;0;0;1;0;0;0;0;0;0;0;0;0;0;0;0;1;0;0;0;0;1;0;0;0;0;0;0;0;0;0;0;0;0;0;0;0;0;0;0;0;0;1;0;0;0;0
Heptapleurum_actinophyllum;Araliaceae;Alien;Non-Established;;15.2;7.147035455;12;10;6;6;0;0;0;0;0;1;0;0;0;0;0;0;1;0;;2;3;;;0;1;0;0;0;0;0;0;0;0;0;0;0;0;0;1;0;0;0;0;0;0;0;0;0;0;0;0;0;0;0;1;0;0;0;0;0;1;0;0;0;0;0;0;0;1;0;0;0;0;0;0;0;0;0;0;0;0;0;0;0;0;0;0;0;0;1;0;0;0;0
Hesperocyparis_arizonica;Cupressaceae;Alien;Naturalised;;15;7.061624741;27;700;12;3;1;0;0;0;0;0;0;0;0;0;0;1;0;0;-15;1.4;4.47;6;9;0;0;0;0;1;0;1;0;0;0;0;0;0;0;0;0;0;0;0;0;1;0;0;0;0;0;0;0;0;0;0;0;0;0;0;0;0;0;0;0;0;0;1;0;0;1;0;0;0;0;0;0;0;0;0;0;0;0;0;0;0;0;0;0;0;0;0;0;0;1;0
Hesperocyparis_glabra;Cupressaceae;Alien;Naturalised;;;;24;;;;;;;;;;;;;;;1;0;0;;;;;;0;0;0;0;1;0;1;0;0;0;0;0;0;0;0;0;0;0;0;0;1;0;0;0;0;0;0;0;0;0;0;0;0;0;0;0;0;0;0;0;0;0;1;0;0;1;0;0;0;0;0;0;0;0;0;0;0;0;0;0;0;0;0;0;0;0;0;0;0;1;0
Hesperocyparis_lusitanica;Cupressaceae;Alien;Naturalised;;12.95;4.310733667;45;300;9;10;1;0;0;0;0;0;0;0;0;0;0;1;0;0;;2;3;9;12;0;0;0;0;1;0;1;0;0;0;0;0;0;0;0;0;0;0;0;0;1;0;0;0;0;0;0;0;0;0;0;0;0;0;0;0;0;0;0;0;0;0;1;0;0;1;0;0;0;0;0;0;0;0;0;0;0;0;0;0;0;0;0;0;0;0;0;0;0;1;0
Hesperocyparis_macrocarpa;Cupressaceae;Alien;Naturalised;;10.11;9.612068286;45;1000;2;5;1;0;0;0;0;0;0;0;0;0;0;1;0;0;-12.5;1;4;7;10;0;0;0;0;1;0;1;0;0;0;0;0;0;0;0;0;0;0;0;0;1;0;0;0;0;0;0;0;0;0;0;0;0;0;0;0;0;0;0;0;0;0;1;0;0;1;0;0;0;0;0;0;0;0;0;0;0;0;0;0;0;0;0;0;0;0;0;0;0;1;0
Hesperotropsis_leylandii;Cupressaceae;Alien;Non-Established;;;;;;;;;;;;;;;;;;;1;0;0;;;;;;0;0;0;0;1;0;1;0;0;0;0;0;0;0;0;0;0;0;0;0;1;0;0;0;0;0;0;0;0;0;0;0;0;0;0;0;0;0;0;0;0;0;1;0;0;1;0;0;0;0;0;0;0;0;0;0;0;0;0;0;0;0;0;0;0;0;0;0;0;1;0
Hibiscus_rosa-sinensis;Malvaceae;Alien;Naturalised;23.82;21.04;;6;50;5;9;;;;;;;;;;;;0;1;0;5;1;3;9;11;0;1;0;0;0;0;0;0;1;0;0;0;0;0;0;0;0;0;1;0;0;0;0;0;0;0;0;0;0;0;0;0;0;0;0;0;0;1;0;0;0;0;0;0;0;1;0;0;0;0;0;0;0;0;0;1;0;0;0;0;0;0;0;0;0;0;0;0;0;0;0
Hibiscus_syriacus;Malvaceae;Alien;Non-Established;3.36;;15.6;4;10;5;10;;;;;;;;;;;;0;1;0;-26;1;2;5;9;0;1;0;0;0;0;0;0;1;0;0;0;0;0;0;0;0;0;1;0;0;0;0;0;0;0;0;0;0;0;0;0;0;0;0;0;0;1;0;0;0;0;0;0;0;0;1;0;0;0;0;0;0;0;0;0;0;0;0;0;0;0;0;0;0;0;0;0;1;0;0
Hippophae_rhamnoides;Elaeagnaceae;Alien;Naturalised;12.97;28.98;55.17;18;;3;5;0;0;0;0;0;1;0;0;0;0;0;1;0;0;;1.2;3.46;;;1;0;0;0;0;0;0;1;0;0;0;0;0;0;0;0;0;0;0;0;1;0;0;0;0;0;0;0;0;1;0;0;0;0;0;0;0;0;1;0;0;0;0;0;0;0;1;0;0;0;0;0;1;0;0;0;0;0;0;0;0;0;0;0;0;0;0;0;0;0;0
Howea_forsteriana;Arecaceae;Alien;Non-Established;;;431.43;50;40;3;5;;;;;;;;;;;;1;0;0;-4;1;3;9;11;0;0;0;0;0;1;0;0;0;0;0;1;0;0;0;0;0;0;0;0;0;0;0;1;0;0;0;0;0;0;0;0;0;0;0;0;0;0;0;0;1;0;0;0;0;1;0;0;0;0;0;0;0;0;0;0;0;0;0;0;1;0;0;0;0;0;0;0;0;0;0
Hydrangea_macrophylla;Hydrangeaceae;Alien;Naturalised;4.85;25.8;;2.5;10;5;10;;;;;;;;;;;;0;1;0;-26;2.92;3;5;9;0;1;0;0;0;0;0;0;1;0;0;0;0;0;0;0;1;0;0;0;0;0;0;0;0;0;0;0;0;0;0;0;0;0;0;0;0;1;0;0;0;0;0;0;0;0;1;0;0;0;0;0;0;0;0;1;0;0;0;0;0;0;0;0;0;0;0;0;0;0;0
Ilex_aquifolium;Aquifoliaceae;Native;;6.93;15.13;87.66;24;30;5;8;0;0;0;0;0;1;0;0;0;0;0;0;1;0;-15;3.86;3.04;5;9;0;1;0;0;0;0;0;0;0;0;0;0;0;0;1;0;0;0;1;0;0;0;0;0;0;0;0;0;0;0;0;0;0;0;0;0;0;0;0;0;0;1;0;0;0;1;0;0;0;0;0;0;0;0;0;1;0;0;0;0;0;0;0;0;0;0;0;0;0;0;0
Ilex_cassine;Aquifoliaceae;Alien;Non-Established;8.15;15.33;;10;;4;7;;;;;;;;;;;;0;1;0;-10;4;2.5;6;9;0;1;0;0;0;0;0;1;0;0;0;0;0;0;0;0;0;0;0;0;0;0;0;0;0;0;0;0;0;0;0;1;0;0;0;0;0;0;0;0;1;0;0;0;0;1;0;0;0;0;0;0;0;0;0;0;0;0;0;0;0;0;1;0;0;0;0;0;0;0;0
Ilex_cornuta;Aquifoliaceae;Alien;Non-Established;9.46;20.7;22.29;10;50;4;6;;;;;;;;;;;;0;1;0;-20.5;3;3;7;9;1;0;1;0;0;0;0;1;0;0;0;0;0;0;0;0;0;0;0;0;0;0;0;0;0;0;0;1;0;0;0;0;0;0;0;0;0;0;0;0;0;1;0;0;0;1;0;0;0;0;0;0;0;0;0;0;0;0;0;0;0;0;1;0;0;0;0;0;0;0;0
Iochroma_cyaneum;Solanaceae;Alien;Non-Established;;;;3;;4;11;;;;;;;;;;;;0;1;0;5;3;3;7;9;0;1;0;0;0;0;0;0;1;0;0;0;0;0;0;0;0;0;0;0;0;0;0;0;0;0;0;1;0;0;0;0;0;0;0;0;0;1;0;0;0;0;0;0;0;1;0;0;0;0;0;0;0;0;0;0;0;0;0;1;0;0;0;0;0;0;0;0;0;0;0
Jacaranda_mimosifolia;Bignoniaceae;Alien;Naturalised;11.56;18.5;11.96;6;200;3;6;1;0;0;0;0;0;0;0;0;0;0;0;1;0;-2.5;3;3;6;9;1;0;0;0;0;0;0;1;0;0;0;0;0;0;0;0;0;0;0;0;0;0;0;0;0;0;0;0;0;0;0;1;0;0;0;0;0;1;0;0;0;0;0;0;0;1;0;0;0;0;0;0;0;0;0;0;0;0;0;0;0;0;0;1;0;1;0;0;0;0;0
Jasminum_azoricum;Oleaceae;Alien;Non-Established;;15.6;;6;10;6;7;;;;;;;;;;;;0;1;0;-6;1;2;7;10;0;1;0;0;0;0;0;0;0;1;0;0;0;0;0;0;0;0;0;0;0;0;0;0;0;0;0;0;0;0;0;1;0;0;0;0;0;1;0;0;0;0;0;0;0;1;0;0;0;0;0;0;0;0;0;0;0;0;0;0;0;0;0;0;0;0;0;0;0;0;1
Jasminum_grandiflorum;Oleaceae;Alien;Non-Established;;11.3;;4;30;6;7;;;;;;;;;;;;0;1;0;-9.5;1;2;10;12;0;1;0;0;0;0;0;0;0;1;0;0;0;0;0;0;0;0;0;0;0;0;0;0;0;0;0;0;0;0;0;1;0;0;0;0;0;1;0;0;0;0;0;0;0;1;0;0;0;0;0;0;0;0;0;0;0;0;0;0;0;0;0;0;0;1;0;0;0;0;0
Jasminum_nudiflorum;Oleaceae;Alien;Naturalised;7.57;;;5;40;11;3;0;0;0;0;0;1;0;0;0;0;0;0;1;0;-9.5;1;2;6;11;0;1;0;0;0;0;0;0;0;1;0;0;0;0;0;0;0;0;0;0;0;0;0;0;0;0;0;0;0;0;0;1;0;0;0;0;0;1;0;0;0;0;0;0;0;0;1;0;0;0;0;0;0;0;0;0;0;0;0;0;0;0;1;0;0;0;0;0;0;0;0
Jasminum_officinale;Oleaceae;Alien;Naturalised;;9.63;;10;30;4;9;;;;;;;;;;;;0;1;0;-15;2;3;6;9;0;1;0;0;0;0;0;0;0;1;0;0;0;0;0;0;0;0;0;0;0;0;0;0;0;0;0;1;0;0;0;0;0;0;0;0;0;1;0;0;0;0;0;0;0;0;0;0;0;0;0;0;0;0;0;0;0;0;0;0;0;0;0;0;0;1;0;0;0;0;0
Jubaea_chilensis;Arecaceae;Alien;Non-Established;;;7934;35;1000;11;12;;;;;;;;;;;;1;0;0;-20;1;4;7;10;0;1;0;0;1;0;0;0;0;0;0;1;0;0;0;0;0;0;0;0;0;0;0;1;0;0;0;0;0;0;0;0;0;0;0;0;0;0;0;0;1;0;0;0;0;1;0;0;0;0;0;0;0;0;0;0;0;0;0;0;1;0;0;0;0;0;0;0;0;0;0
Juglans_nigra;Juglandaceae;Alien;Naturalised;11.54;22.99;10769.18;50;200;4;5;0;0;0;0;1;1;0;0;0;0;0;1;0;0;-33;1.93;2.38;4;9;1;0;0;0;0;0;0;1;0;0;0;0;0;0;0;0;0;0;0;0;1;0;0;0;0;0;0;0;0;0;0;0;0;0;0;0;0;0;1;0;0;0;0;0;0;0;1;0;0;0;0;0;0;0;0;0;0;0;0;1;0;0;0;0;0;0;0;0;0;0;0
Juglans_regia;Juglandaceae;Alien;Naturalised;15.42;22.24;8968.24;50;250;4;5;0;0;0;0;1;1;0;0;0;0;0;1;0;0;0;2.27;2.98;7;9;1;0;0;0;0;0;0;1;0;0;0;0;0;0;0;0;0;0;0;0;1;0;0;0;0;0;0;0;0;1;0;0;0;0;0;0;0;0;0;0;0;1;0;0;0;0;1;0;0;0;0;0;0;0;0;1;0;0;0;0;0;0;0;0;0;0;0;0;0;0;0
Juniperus_communis;Cupressaceae;Native;;9.81;12.1;15;22;700;4;8;0;0;0;0;1;1;0;0;0;0;0;1;0;0;-37.2;1.71;4.41;4;10;0;0;0;0;1;0;1;0;0;0;0;0;0;0;0;0;0;0;0;0;1;0;0;0;0;0;0;0;0;0;0;0;0;0;0;0;0;0;0;0;0;0;1;0;0;1;0;1;0;0;0;0;0;0;0;0;0;0;0;0;0;0;0;0;0;0;0;0;0;0;0
Juniperus_horizontalis;Cupressaceae;Alien;Non-Established;;;13;1.2;400;;;;;;;;;;;;;;1;0;0;-41;1;1;4;9;0;0;0;0;1;0;0;0;0;0;0;0;0;0;1;0;0;0;0;0;1;0;0;0;0;0;0;0;0;0;0;0;0;0;0;0;0;0;0;0;0;0;1;0;0;1;0;1;0;0;0;0;0;0;0;0;0;0;0;0;0;0;0;0;0;0;0;0;0;0;0
Juniperus_oxycedrus;Cupressaceae;Native;;6.74;129.81;22.16;15;120;10;5;0;0;0;0;0;1;0;0;0;0;0;1;0;0;-20.8;;;7;10;1;0;0;0;0;0;1;0;0;0;0;0;0;0;0;0;0;0;0;0;1;0;0;0;0;0;0;0;0;0;0;0;0;0;0;0;0;0;0;0;0;0;1;0;0;1;0;1;0;0;0;0;0;0;0;0;0;0;0;0;0;0;0;0;0;0;0;0;0;0;0
Juniperus_phoenicea;Cupressaceae;Native;;6.82;9.86;37.04;8;1000;9;2;0;0;0;0;0;1;0;0;0;0;0;1;0;0;-9.5;1;4;6;10;0;0;0;0;1;0;1;0;0;0;0;0;0;0;0;0;0;0;0;0;1;0;0;0;0;0;0;0;0;0;0;0;0;0;0;0;0;0;0;0;0;0;1;0;0;1;0;0;0;0;0;0;0;0;0;0;0;0;0;0;0;0;0;0;0;0;0;0;0;1;0
Juniperus_thurifera;Cupressaceae;Native;;;15.18;30.5;20;120;1;5;;;;;;;;;;;;1;0;0;-25;1;3;5;8;1;0;0;0;1;0;1;0;0;0;0;0;0;0;0;0;0;0;0;0;1;0;0;0;0;0;0;0;0;0;0;0;0;0;0;0;0;0;0;0;0;0;1;0;0;1;0;0;0;0;0;0;0;0;0;0;0;0;0;0;0;0;0;0;0;0;0;0;0;1;0
Juniperus_virginiana;Cupressaceae;Alien;Non-Established;2.79;14.76;5.97;40;450;1;3;0;0;0;0;0;1;0;0;0;0;0;1;0;0;-31.5;1.28;4.5;3;9;0;0;0;0;1;0;1;0;0;0;0;0;0;0;0;0;0;0;0;0;1;0;0;0;0;0;0;0;0;0;0;0;0;0;0;0;0;0;0;0;0;0;1;0;0;1;0;0;0;0;0;0;0;0;0;0;0;0;0;0;0;0;0;0;0;0;0;0;0;1;0
Justicia_adhatoda;Acanthaceae;Alien;Non-Established;12.05;;;2.5;20;7;9;;;;;;;;;;;;0;1;0;;2;;7;9;0;1;0;0;0;0;0;0;1;0;0;0;0;0;0;0;0;0;0;0;0;0;0;0;0;0;0;0;0;0;0;1;0;0;0;0;0;1;0;0;0;0;0;0;0;1;0;0;0;0;0;0;0;0;0;0;0;0;0;0;0;0;0;0;0;1;0;0;0;0;0
Justicia_brandegeeana;Acanthaceae;Alien;Non-Established;;;;1.5;10;1;12;;;;;;;;;;;;0;1;0;;2;3;6;8;0;1;0;0;0;0;0;0;1;0;0;0;0;0;0;0;0;0;0;0;0;0;0;0;0;0;0;1;0;0;0;0;0;0;0;0;0;1;0;0;0;0;0;0;0;1;0;0;0;0;0;0;0;0;0;0;0;0;0;0;0;0;0;0;0;1;0;0;0;0;0
Justicia_carnea;Acanthaceae;Alien;Non-Established;;;;1.5;;1;12;;;;;;;;;;;;0;1;0;;2;2;7;9;0;1;0;0;0;0;0;0;1;0;0;0;0;0;0;0;0;0;0;0;0;0;0;0;0;0;0;0;1;0;0;0;0;0;0;0;0;1;0;0;0;0;0;0;0;1;0;0;0;0;0;0;0;0;0;1;0;0;0;0;0;0;0;0;0;0;0;0;0;0;0
Justicia_floribunda;Acanthaceae;Alien;Non-Established;;;;0.8;;10;6;;;;;;;;;;;;0;1;0;;1;2;7;9;0;1;0;0;0;0;0;0;1;0;0;0;0;0;0;0;0;0;0;0;0;0;0;0;0;0;0;0;0;0;0;1;0;0;0;0;0;1;0;0;0;0;0;0;0;1;0;0;0;0;0;0;0;0;0;0;0;0;0;0;0;0;1;0;0;0;0;0;0;0;0
Kennedia_rubicunda;Fabaceae;Alien;Non-Established;10.57;;24.43;1;;4;6;0;0;0;0;0;1;0;0;0;1;0;0;1;0;5;3;2;7;9;0;1;0;0;0;0;0;0;0;1;0;0;0;0;0;0;0;0;0;0;0;0;0;0;0;0;0;0;0;1;0;0;0;0;1;0;0;0;0;0;0;0;0;0;0;1;0;0;0;0;0;0;0;0;0;0;0;0;0;0;0;0;1;0;0;1;0;0;0;0;0
Kerria_japonica;Rosaceae;Alien;Non-Established;;17.91;13.8;5;40;3;4;0;1;0;0;0;1;0;0;0;0;0;0;1;0;-20;3;3;7;10;0;0;0;1;0;0;0;0;1;0;0;0;0;0;0;0;0;1;0;0;0;0;0;0;0;0;0;0;0;0;0;0;0;0;0;0;0;0;0;1;0;0;0;0;0;1;0;0;0;0;0;0;0;0;0;0;0;0;0;1;0;0;0;0;0;0;0;0;0;0;0
Koelreuteria_paniculata;Sapindaceae;Alien;Naturalised;;24.8;118.29;20;50;7;8;0;1;0;0;0;0;0;0;0;0;0;0;1;0;-10;2.09;4.47;5;8;0;0;0;0;0;1;0;1;0;0;0;0;0;0;0;0;1;0;0;0;0;0;0;0;0;0;0;0;0;0;0;0;0;0;0;0;0;0;0;0;0;1;0;0;0;0;1;0;0;0;0;0;0;0;0;0;0;0;0;0;0;0;1;0;0;0;0;0;0;0;0
Kolkwitzia_amabilis;Caprifoliaceae;Alien;Non-Established;;;;4;;4;5;;;;;;;;;;;;0;1;0;-34;3;2;;;1;0;0;0;0;0;0;0;1;0;0;0;0;0;0;0;0;0;0;0;0;0;1;0;0;0;0;0;0;0;0;0;0;0;0;0;0;0;0;0;1;0;0;0;0;0;1;0;0;0;0;0;0;0;0;0;0;0;0;0;0;0;0;0;0;1;0;0;0;0;0
Laburnum_anagyroides;Fabaceae;Alien;Naturalised;21.85;32.33;32.05;9;40;5;6;1;1;0;0;0;0;0;0;0;0;0;0;1;0;-15;1;3;4;8;0;0;1;0;0;0;0;1;0;0;0;0;0;0;0;0;0;0;0;0;0;0;0;0;0;0;0;0;0;1;0;0;0;0;1;0;0;0;0;0;0;0;0;0;0;0;1;0;0;0;0;0;0;0;0;0;0;0;0;0;0;0;0;0;0;0;1;0;0;0;0
Lagerstroemia_indica;Lythraceae;Alien;Non-Established;15.88;19.81;2.08;15;200;3;5;0;1;0;0;0;0;0;0;0;0;0;0;1;0;-15;2.5;2.88;7;9;0;1;0;0;0;0;0;1;0;0;0;0;0;0;0;0;0;0;1;0;0;0;0;0;0;0;0;0;0;0;0;0;0;0;0;0;0;1;0;0;0;0;0;0;0;0;1;0;0;0;0;0;0;0;0;1;0;0;0;0;0;0;0;0;0;0;0;0;0;0;0
Lagunaria_patersonia;Malvaceae;Alien;Naturalised;20.62;;48.2;15;50;4;6;;;;;;;;;;;;0;1;0;0;1;3;8;10;1;0;0;0;0;0;1;0;0;0;0;0;0;0;0;0;0;0;0;0;0;0;0;0;0;0;0;0;0;1;0;0;0;0;0;0;0;1;0;0;0;0;0;0;0;1;0;0;0;0;0;0;0;0;0;0;0;0;0;1;0;0;0;0;0;0;0;0;0;0;0
Lantana_camara;Verbenaceae;Alien;Invasive;18.14;25.23;10.38;4.5;;1;12;0;0;0;0;0;1;0;0;0;0;0;0;1;0;;;;;;0;1;0;0;0;0;0;0;1;0;0;0;0;0;0;0;0;0;0;0;0;0;0;0;0;0;0;0;0;0;0;0;1;0;0;0;0;0;0;0;0;1;0;0;0;1;0;0;0;0;0;0;0;0;0;0;0;0;0;0;1;0;1;0;0;0;0;0;0;0;0
Lantana_montevidensis;Verbenaceae;Alien;Naturalised;;15.2;;3;5;3;10;0;0;0;0;0;0;0;0;0;0;0;0;1;0;0;3;2;7;10;0;1;0;0;0;0;0;0;0;0;0;0;0;0;1;0;0;0;0;0;0;0;0;0;0;0;0;0;0;0;0;1;0;0;0;0;0;1;0;0;0;0;0;0;0;1;0;0;0;0;0;0;0;0;0;0;0;0;0;0;0;0;0;0;0;1;0;0;0;0;0
Laurus_nobilis;Lauraceae;Native;;8.64;16.63;322.06;20;30;2;4;0;0;0;0;0;1;0;0;0;0;0;0;1;0;-10;3;3;8;10;0;1;0;0;0;0;0;0;0;0;1;0;0;0;0;0;1;0;0;0;0;0;0;0;0;0;0;0;0;0;0;0;0;0;0;0;0;0;0;0;0;1;0;0;0;1;0;0;0;0;0;0;0;0;0;0;0;0;0;0;0;0;0;0;0;1;0;0;0;0;0
Lavandula_angustifolia;Lamiaceae;Native;;26.6;15.98;1.08;2;35;7;10;1;0;0;0;0;0;0;0;0;0;0;0;1;0;-26;1;4;5;8;1;0;0;0;0;0;0;0;1;0;0;0;0;0;0;0;0;0;0;0;0;0;0;0;0;0;0;0;0;0;0;1;0;0;0;0;1;0;0;0;0;0;0;0;0;1;0;0;0;0;0;0;0;0;0;0;0;0;0;1;0;0;0;0;0;0;0;0;0;0;0
Lavandula_dentata;Lamiaceae;Native;;12.6;24.6;0.27;1;10;5;6;;;;;;;;;;;;0;1;0;;;;;;1;0;0;0;0;0;0;0;1;0;0;0;0;0;0;0;0;0;0;0;0;0;0;0;0;0;0;0;0;0;0;1;0;0;1;0;0;0;0;0;0;0;0;0;0;1;0;1;0;0;0;0;0;0;0;0;0;0;0;0;0;0;0;0;0;0;0;0;0;0;0
Lavandula_stoechas;Lamiaceae;Native;;10.41;14.75;0.46;0.81;10;3;5;1;0;0;0;0;0;0;0;0;0;0;0;1;0;;;;;;0;1;0;0;0;0;0;0;1;0;0;0;0;0;0;0;0;0;0;0;0;0;0;0;0;0;0;0;0;0;0;1;0;0;1;0;0;0;0;0;0;0;0;0;0;1;0;1;0;0;0;0;0;0;0;0;0;0;0;0;0;0;0;0;0;0;0;0;0;0;0
Leonotis_leonurus;Lamiaceae;Alien;Non-Established;;;2.8;1.3;;7;10;;;;;;;;;;;;0;1;0;;;;;;0;1;0;0;0;0;0;0;1;0;0;0;0;0;0;0;0;0;0;0;0;0;0;0;0;0;0;0;0;0;0;1;0;0;0;0;0;0;1;0;0;0;0;0;0;0;0;0;0;0;0;0;0;0;0;0;0;0;0;1;0;0;0;0;0;1;0;0;0;0;0
Ligustrum_japonicum;Oleaceae;Alien;Non-Established;5.95;16.75;21.07;12;30;5;7;0;0;0;0;0;1;0;0;0;0;0;0;1;0;-15;5;3;7;10;0;1;0;0;0;0;0;1;0;0;0;0;0;0;0;0;0;0;0;0;0;0;0;0;0;0;0;0;0;0;0;1;0;0;0;0;0;1;0;0;0;0;0;0;0;1;0;0;0;0;0;0;0;0;0;0;0;0;0;0;0;0;1;0;0;0;0;0;0;0;0
Ligustrum_lucidum;Oleaceae;Alien;Naturalised;9.75;22.58;30.46;25;25;4;8;0;0;0;0;0;1;0;0;0;0;0;0;1;0;-15;3.5;2.5;8;11;0;0;1;0;0;0;0;1;0;0;0;0;0;0;0;0;0;0;0;0;0;0;0;0;0;0;0;0;0;0;0;1;0;0;0;0;0;1;0;0;0;0;0;0;0;1;0;0;0;0;0;0;0;0;0;1;0;0;0;1;0;0;0;0;0;0;0;0;0;0;0
Ligustrum_ovalifolium;Oleaceae;Alien;Naturalised;13.4;17.25;;5;50;5;7;0;0;0;0;0;1;0;0;0;0;0;0;1;0;-26;1.93;3.04;4;8;0;1;0;0;0;0;0;0;1;0;0;0;0;0;0;0;0;0;0;0;0;0;0;0;0;0;0;0;1;0;0;0;0;0;0;0;0;1;0;0;0;0;0;0;0;0;1;0;0;0;0;0;0;0;0;1;0;0;0;0;0;0;0;0;0;0;0;0;0;0;0
Ligustrum_vulgare;Oleaceae;Alien;Non-Established;14.8;16.92;45.43;15;25;6;7;0;0;0;0;0;1;0;0;0;0;0;0;1;0;-31.5;2.29;3.46;4;7;0;1;0;0;0;0;0;0;1;0;0;0;0;0;0;0;0;0;0;0;0;0;0;0;0;0;0;1;0;0;0;0;0;0;0;0;0;0;0;0;0;1;0;0;0;0;1;0;0;0;0;0;0;0;0;0;0;0;0;1;0;0;0;0;0;0;0;0;0;0;0
Lilium_candidum;Liliaceae;Alien;Naturalised;;;1.88;1.5;;6;7;;;;;;;;;;;;1;0;0;;;;;;0;0;0;0;0;1;0;0;0;0;0;1;0;0;0;0;0;0;0;0;0;0;0;0;1;0;0;0;0;0;0;0;0;0;0;0;0;0;0;0;1;0;0;0;0;1;0;0;0;0;0;0;0;0;0;0;0;0;0;0;1;0;0;0;0;0;0;0;0;0;0
Liquidambar_styraciflua;Altingiaceae;Alien;Non-Established;18.1;15.54;5.18;50;300;3;5;1;0;0;0;0;0;0;0;0;0;0;1;0;0;-15;1.59;2.92;5;9;1;0;0;0;0;0;0;1;0;0;0;0;0;0;0;0;0;0;0;0;1;0;0;0;0;0;0;0;0;0;0;0;0;0;0;0;0;0;0;0;1;0;0;0;0;0;1;0;0;0;0;0;0;0;0;0;0;0;0;0;0;0;0;0;0;0;1;0;0;0;0
Liriodendron_tulipifera;Magnoliaceae;Alien;Non-Established;13.16;22.63;31.52;61;250;5;7;1;0;0;0;0;1;0;0;0;0;0;0;1;0;-15;2.07;2.6;4;9;1;0;0;0;0;0;1;0;0;0;0;0;0;0;0;0;0;0;0;1;0;0;0;0;0;0;0;0;0;0;0;0;0;0;0;0;0;0;0;0;1;0;0;0;0;0;1;0;0;0;0;0;0;0;0;0;0;0;0;0;0;0;0;0;1;0;0;0;0;0;0
Livistona_australis;Arecaceae;Alien;Non-Established;9.6;12.8;1082.15;22;200;4;6;0;0;0;0;0;1;0;0;0;0;0;1;0;0;-4;1;2;9;11;0;0;0;0;0;1;0;0;0;0;0;1;0;0;0;0;0;0;0;0;0;0;0;1;0;0;0;0;0;0;0;0;0;0;0;0;0;0;0;0;1;0;0;0;0;1;0;0;0;0;0;0;0;0;0;0;0;0;0;0;0;0;0;0;0;0;1;0;0;0;0
Livistona_chinensis;Arecaceae;Alien;Non-Established;;19.9;749.81;20;200;4;6;;;;;;;;;;;;1;0;0;-8;1;3;9;11;0;0;0;0;0;1;0;0;0;0;0;1;0;0;0;0;0;0;0;0;0;0;0;1;0;0;0;0;0;0;0;0;0;0;0;0;0;0;0;0;1;0;0;0;0;1;0;0;0;0;0;0;0;0;0;0;0;0;0;0;0;0;0;0;0;0;1;0;0;0;0
Livistona_decora;Arecaceae;Alien;Non-Established;;;;15;200;;;;;;;;;;;;;;1;0;0;-6;1;3;4;7;0;0;0;0;0;1;0;0;0;0;0;1;0;0;0;0;0;0;0;0;0;0;0;1;0;0;0;0;0;0;0;0;0;0;0;0;0;0;0;0;1;0;0;0;0;1;0;0;0;0;0;0;0;0;0;0;0;0;0;0;0;0;0;0;0;0;1;0;0;0;0
Lonicera_caprifolium;Caprifoliaceae;Native;;19.55;14.8;10.52;10;20;5;6;;;;;;;;;;;;0;1;0;;3;2;4;8;1;0;0;0;0;0;0;0;0;1;0;0;0;0;0;0;0;0;0;0;0;0;0;0;0;0;0;1;0;0;0;0;0;0;0;0;0;0;0;0;1;0;0;0;0;0;1;0;0;0;0;0;0;0;0;0;0;0;0;0;0;0;0;0;0;1;0;0;0;0;0
Lonicera_fragrantissima;Caprifoliaceae;Alien;Non-Established;;;;2.5;20;2;5;;;;;;;;;;;;0;1;0;;4;2;4;8;1;0;0;0;0;0;0;0;0;1;0;0;0;0;0;0;0;0;0;0;0;0;0;0;0;1;0;0;0;0;0;0;0;0;0;0;0;0;0;0;1;0;0;0;0;0;0;0;0;0;0;0;0;0;0;1;0;0;0;0;0;0;0;0;0;0;0;0;0;0;0
Lonicera_japonica;Caprifoliaceae;Alien;Invasive;16.82;18.35;2.79;10;20;5;9;;;;;;;;;;;;0;1;0;-31.5;5;3;4;10;1;0;0;0;0;0;0;0;0;1;0;0;0;0;0;0;0;0;0;0;0;0;0;0;0;0;0;1;0;0;0;0;0;0;0;0;0;0;0;0;0;1;0;0;0;0;0;0;0;0;0;0;0;0;0;1;0;0;0;0;0;0;0;0;0;0;0;0;0;0;0
Lonicera_ligustrina;Caprifoliaceae;Alien;Non-Established;;;;5;20;5;8;;;;;;;;;;;;0;1;0;;;;5;9;1;0;0;0;0;0;0;0;0;1;0;0;0;0;0;0;0;0;0;0;0;0;0;0;0;0;0;0;0;0;0;1;0;0;0;0;0;0;0;0;1;0;0;0;0;0;0;0;0;0;0;0;0;0;0;0;0;0;0;0;0;0;0;0;1;0;0;0;0;0;0
Lonicera_sempervirens;Caprifoliaceae;Alien;Non-Established;;20.67;;5;20;6;8;;;;;;;;;;;;0;1;0;-37;5;1;4;9;1;0;0;0;0;0;0;0;0;1;0;0;0;0;0;0;0;0;0;0;0;0;0;0;0;1;0;0;0;0;0;0;0;0;0;0;0;0;0;0;1;0;0;0;0;1;0;0;0;0;0;0;0;0;0;0;0;0;0;0;0;0;1;0;0;0;0;0;0;0;0
Loropetalum_chinense;Hamamelidaceae;Alien;Non-Established;16.51;13.82;19.19;20;100;10;4;;;;;;;;;;;;0;1;0;0;3;4;7;10;1;0;0;0;0;0;0;0;1;0;0;0;0;0;0;0;1;0;0;0;0;0;0;0;0;0;0;0;0;0;0;0;0;0;0;0;0;0;0;0;1;0;0;0;0;1;0;0;0;0;0;0;0;0;0;0;0;0;0;0;0;0;0;0;0;1;0;0;0;0;0
Maclura_pomifera;Moraceae;Alien;Naturalised;;24.24;32.82;21;100;4;5;0;0;0;0;0;1;0;0;0;0;0;0;1;0;-26;1.45;4.22;4;9;0;0;0;0;1;0;0;1;0;0;0;0;0;0;0;0;0;0;0;1;0;0;0;0;0;0;0;0;0;1;0;0;0;0;0;0;0;0;1;0;0;0;0;0;0;0;1;0;0;0;0;0;0;0;0;0;0;0;0;1;0;0;0;0;0;0;0;0;0;0;0
Magnolia_grandiflora;Magnoliaceae;Alien;Non-Established;10.06;19.36;72.22;38;120;6;9;0;0;0;0;0;1;0;0;0;0;0;0;1;0;5.4;4.5;2.88;6;10;0;1;0;0;0;0;0;1;0;0;0;0;0;0;0;0;1;0;0;0;0;0;0;0;0;0;0;0;0;0;0;0;0;0;0;0;0;0;0;0;1;0;0;0;0;1;0;0;0;0;0;0;0;0;0;1;0;0;0;0;0;0;0;0;0;0;0;0;0;0;0
Magnolia_virginiana;Magnoliaceae;Alien;Non-Established;13.87;24.84;59.82;30;50;7;9;0;0;0;0;0;1;0;0;0;0;0;0;1;0;-2.9;3;1.5;4;8;0;1;0;0;0;0;0;1;0;0;0;0;0;0;0;0;0;0;0;0;0;0;0;0;0;0;0;0;0;1;0;0;0;0;0;0;0;0;0;0;1;0;0;0;0;1;0;0;0;0;0;0;0;0;0;1;0;0;0;0;0;0;0;0;0;0;0;0;0;0;0
Mahonia_aquifolium;Berberidaceae;Alien;Naturalised;8.65;17.89;11.78;2;10;4;6;0;0;0;0;0;1;0;0;0;0;0;0;1;0;-29;3.24;3.94;4;8;1;0;0;0;0;0;0;0;1;0;0;0;0;0;0;0;0;0;0;0;0;0;0;0;0;0;0;0;0;1;0;0;0;0;0;0;0;0;0;0;1;0;0;0;0;1;0;0;0;0;0;0;0;0;0;0;0;0;0;0;0;0;0;0;0;1;0;0;0;0;0
Mahonia_bealei;Berberidaceae;Alien;Non-Established;;27.24;21.8;3;5;3;4;;;;;;;;;;;;0;1;0;-20.5;4;2;7;8;1;0;0;0;0;0;0;0;1;0;0;0;0;0;0;0;0;0;0;0;0;0;0;0;0;0;0;0;0;1;0;0;0;0;0;0;0;0;0;0;1;0;0;0;0;1;0;0;0;0;0;0;0;0;0;0;0;0;0;0;0;0;0;0;0;1;0;0;0;0;0
Malus_domestica;Rosaceae;Alien;Naturalised;17.07;20.66;26.97333333;15;50;3;7;0;0;0;0;0;1;0;0;0;0;0;0;1;0;-12.5;1.9;3;3;8;0;0;1;0;0;0;0;1;0;0;0;0;0;0;0;0;0;1;0;0;0;0;0;0;0;0;0;0;0;0;0;0;0;0;0;0;0;0;0;1;0;0;0;0;0;0;1;0;0;0;0;0;0;0;0;1;0;0;0;0;0;0;0;0;0;0;0;0;0;0;0
Malus_sylvestris;Rosaceae;Alien;Non-Established;11.78;21.87;23.88;19;100;4;5;0;0;0;0;0;1;0;0;0;0;0;0;1;0;-31.5;2.32;3.16;4;8;0;0;1;0;0;0;0;1;0;0;0;0;0;0;0;0;0;1;0;0;0;0;0;0;0;0;0;0;0;0;0;0;0;0;0;0;0;0;0;1;0;0;0;0;0;0;1;0;0;0;0;0;0;0;0;0;0;0;0;0;0;0;0;0;0;1;0;0;0;0;0
Malvaviscus_arboreus;Malvaceae;Alien;Non-Established;30.6;25.75;;3;30;3;11;0;0;0;0;0;1;0;0;0;0;0;0;1;0;5;1;2;5;9;0;1;0;0;0;0;0;0;1;0;0;0;0;0;0;0;0;0;1;0;0;0;0;0;0;0;0;0;0;0;0;0;0;0;0;0;0;1;0;0;0;0;0;0;0;1;0;0;0;0;0;0;0;0;0;0;0;0;0;0;1;0;0;0;0;1;0;0;0;0;0
Malvaviscus_penduliflorus;Malvaceae;Alien;Non-Established;;;;3;30;1;12;;;;;;;;;;;;0;1;0;;2;3;4;8;0;1;0;0;0;0;0;0;1;0;0;0;0;0;0;0;0;0;1;0;0;0;0;0;0;0;0;0;0;0;0;0;0;0;0;0;0;1;0;0;0;0;0;0;0;1;0;0;0;0;0;0;0;0;0;0;0;0;0;0;0;0;0;0;0;1;0;0;0;0;0
Melaleuca_citrina;Myrtaceae;Alien;Naturalised;21.82;8.92;0.07;2;60;4;8;1;0;0;0;0;0;0;0;0;0;0;0;1;0;0;1;3;8;11;1;0;0;0;0;0;0;0;1;0;0;0;0;0;0;0;0;0;0;0;0;0;0;0;1;0;0;0;0;0;0;0;0;0;0;0;0;1;0;0;0;0;0;0;0;1;0;0;0;0;0;0;0;0;0;0;0;0;0;0;1;0;1;0;0;0;0;0;0;0;0
Melaleuca_glauca;Myrtaceae;Alien;Non-Established;;8.68;;8;40;4;8;;;;;;;;;;;;0;1;0;0;1;2;;;1;0;0;0;0;0;0;0;0;0;0;0;0;1;0;0;0;0;0;0;0;0;0;0;0;0;0;0;0;0;0;1;0;0;0;0;0;1;0;0;0;0;0;0;0;1;0;0;0;0;0;0;0;0;0;0;0;0;0;1;0;0;0;0;0;0;0;0;0;0;0
Melia_azedarach;Meliaceae;Alien;Naturalised;14.01;33.26;398.5;20;100;5;6;0;0;0;0;0;1;0;0;0;0;0;0;1;0;-10;3;2.85;7;12;1;0;0;0;0;0;0;0;0;0;1;0;0;0;0;0;1;0;0;0;0;0;0;0;0;0;0;0;0;0;0;0;0;0;0;0;0;0;0;0;0;1;0;0;0;0;1;0;0;0;0;0;0;0;0;0;0;0;0;0;0;0;0;0;0;1;0;0;0;0;0
Melissa_officinalis;Lamiaceae;Alien;Naturalised;;;0.6;0.9;;6;8;0;0;1;0;1;1;0;0;0;0;0;0;1;0;;;;;;1;0;0;0;0;0;0;0;1;0;0;0;0;0;0;0;0;0;0;0;0;0;0;0;0;0;0;0;0;0;0;1;0;0;1;0;0;0;0;0;0;0;0;0;0;1;0;0;0;0;0;0;0;0;0;0;0;0;0;0;0;1;0;0;0;0;0;0;0;0;0
Mespilus_germanica;Rosaceae;Alien;Non-Established;24.73;15.14;101.09;10;35;5;6;0;0;0;0;0;1;0;0;0;0;0;0;1;1;-20;2.66;3.88;5;8;1;0;0;0;0;0;0;1;0;0;0;0;0;0;0;0;0;1;0;0;0;0;0;0;0;0;0;0;0;0;0;0;0;0;0;0;0;0;0;1;0;0;0;0;0;0;1;0;0;0;0;0;0;0;0;1;0;0;0;0;0;0;0;0;0;0;0;0;0;0;0
Metasequoia_glyptostroboides;Cupressaceae;Alien;Non-Established;;25.04;2.25;65;450;3;5;;;;;;;;;;;;1;0;0;-26;3;2.38;5;8;1;0;0;0;1;0;1;0;0;0;0;0;0;0;0;0;0;0;0;0;1;0;0;0;0;0;0;0;0;0;0;0;0;0;0;0;0;0;0;0;0;0;1;0;0;0;1;1;0;0;0;0;0;0;0;0;0;0;0;0;0;0;0;0;0;0;0;0;0;0;0
Metrosideros_excelsa;Myrtaceae;Alien;Non-Established;;;0.37;20;600;4;8;1;0;0;0;0;0;0;0;0;0;0;0;1;0;0;1;2;7;10;0;0;0;1;0;0;0;1;0;0;0;0;0;0;0;0;0;0;0;0;0;0;0;0;0;0;0;0;0;0;0;1;0;0;0;0;0;1;0;0;0;0;0;0;0;1;0;0;0;0;0;0;0;0;0;0;0;0;0;1;0;0;0;0;0;0;0;0;0;0;0
Montanoa_bipinnatifida;Asteraceae;Alien;Naturalised;;;;12;;12;1;0;1;0;0;0;0;0;0;0;0;0;0;1;0;;1;;7;10;1;0;0;0;0;0;0;0;1;0;0;0;0;0;0;0;0;0;0;0;0;0;0;0;0;0;0;0;0;0;0;1;0;0;0;0;0;1;0;0;0;0;0;0;0;1;0;0;0;0;0;0;0;0;0;0;0;0;0;0;0;1;0;0;0;0;0;0;0;0;0
Morus_alba;Moraceae;Alien;Naturalised;14.67;22.74;12.09;15;250;4;5;0;0;0;0;0;1;0;0;0;0;0;0;1;0;-7;1.35;2.88;4;9;1;0;0;0;0;0;0;1;0;0;0;0;0;0;0;0;0;0;1;0;0;0;0;0;0;0;0;0;0;0;0;0;0;0;0;0;0;0;0;0;1;0;0;0;0;0;1;0;0;0;0;0;0;0;0;0;0;0;0;0;0;0;0;0;0;1;0;0;0;0;0
Morus_indica;Moraceae;Alien;Non-Established;18.49;33.3;1.28;8;250;4;4;0;0;0;0;0;1;0;0;0;0;0;0;1;0;;2.5;3;5;8;0;0;1;0;0;0;0;1;0;0;0;0;0;0;0;0;0;0;1;0;0;0;0;0;0;0;0;0;0;0;0;0;0;0;0;0;0;0;0;0;0;1;0;0;0;0;1;0;0;0;0;0;0;0;0;0;0;0;0;0;0;0;0;0;0;1;0;0;0;0;0
Morus_nigra;Moraceae;Alien;Naturalised;11.16;;3.06;15;1000;3;4;0;0;0;0;0;1;0;0;0;0;0;0;1;0;-18;2;2;5;9;1;0;0;0;0;0;0;1;0;0;0;0;0;0;0;0;0;0;1;0;0;0;0;0;0;0;0;0;0;0;0;0;0;0;0;0;0;0;0;0;1;0;0;0;0;0;1;0;0;0;0;0;0;0;0;0;0;0;0;0;0;0;0;0;0;1;0;0;0;0;0
Muehlenbeckia_complexa;Polygonaceae;Alien;Naturalised;38.85;;;10;;6;9;;;;;;;;;;;;0;1;0;-9.5;3;2;7;10;1;0;0;0;0;0;0;0;0;1;0;0;0;0;0;0;0;0;0;0;0;0;0;0;0;1;0;0;0;0;0;0;0;0;0;0;0;0;0;0;1;0;0;0;0;0;1;0;0;0;0;0;0;0;0;0;0;0;0;0;0;0;0;0;0;1;0;0;0;0;0
Myoporum_acuminatum;Scrophulariaceae;Alien;Non-Established;;;;;;;;;;;;;;;;;;;0;1;0;;;;;;0;1;0;0;0;0;0;0;1;0;0;0;0;0;0;0;0;0;0;0;0;0;0;0;0;0;0;0;1;0;0;0;0;0;0;0;0;1;0;0;0;0;0;0;0;1;0;0;0;0;0;0;0;0;0;1;0;0;0;0;0;0;0;0;0;0;0;0;0;0;0
Myoporum_tenuifolium;Scrophulariaceae;Alien;Invasive;6.01;14.34;6.34;13;80;2;9;0;0;0;0;0;1;0;0;0;0;0;0;1;0;-4;2;3;;;0;1;0;0;0;0;0;1;0;0;0;0;0;0;0;0;0;0;0;0;0;0;0;0;0;0;0;0;0;0;0;1;0;0;0;0;0;1;0;0;0;0;0;0;0;1;0;0;0;0;0;0;0;0;0;1;0;0;0;0;0;0;0;0;0;0;0;0;0;0;0
Myrsine_africana;Primulaceae;Alien;Non-Established;19.76;12.9;12.16;1.7;10;3;5;0;0;0;0;0;1;0;0;0;0;0;0;1;0;;;;8;11;1;0;0;0;0;0;0;0;1;0;0;0;0;0;0;0;0;0;0;0;0;0;0;0;1;0;0;0;0;0;0;0;0;0;0;0;0;0;0;0;1;0;0;0;0;1;0;0;0;0;0;0;0;0;0;0;0;0;0;1;0;0;0;0;0;1;0;0;0;0;0
Myrtus_communis;Myrtaceae;Native;;11.52;14.43;14.02;5;30;5;8;0;0;0;0;0;1;0;0;0;0;0;0;1;0;-9.5;1;1;9;11;1;0;0;0;0;0;0;0;1;0;0;0;0;0;0;0;0;0;0;0;0;0;0;0;0;0;0;0;0;0;0;1;0;0;0;0;0;1;0;0;0;0;0;0;0;1;0;0;0;0;0;0;0;0;0;0;0;0;0;1;0;0;0;0;0;0;0;0;0;0;0
Nandina_domestica;Berberidaceae;Alien;Non-Established;;18.34;4.6;2.4;10;7;8;;;;;;;;;;;;0;1;0;-16.67;5;1;6;9;1;0;0;0;0;0;0;0;1;0;0;0;0;0;0;0;0;0;0;0;0;0;0;0;0;0;0;0;0;1;0;0;0;0;0;0;0;0;0;0;1;0;0;0;0;1;0;0;0;0;0;0;0;0;0;0;0;0;0;1;0;0;0;0;0;0;0;0;0;0;0
Nannorrhops_ritchiana;Arecaceae;Alien;Non-Established;;;;50;;;;;;;;;;;;;;;1;0;0;-9.5;1;4;7;11;0;0;0;0;0;1;0;0;0;0;0;1;0;0;0;0;0;0;0;0;0;0;0;0;1;0;0;0;0;0;0;0;0;0;0;0;0;0;0;0;1;0;0;0;0;1;0;0;0;0;0;0;0;0;0;0;0;1;0;0;0;0;0;0;0;0;0;0;0;0;0
Nerium_oleander;Apocynaceae;Native;;9.88;16.31;4.74;6;20;4;10;0;1;0;0;0;0;0;0;0;0;0;0;1;0;-9.5;1;5;9;11;0;1;0;0;0;0;0;0;1;0;0;0;0;0;0;0;0;0;0;0;0;0;0;0;0;0;0;1;0;0;0;0;0;0;0;0;0;0;0;0;0;0;0;0;1;1;0;0;0;0;0;0;0;0;0;0;0;0;0;0;1;0;0;0;0;0;0;0;0;0;0
Nyssa_sylvatica;Nyssaceae;Alien;Non-Established;16.01;16.51;156.83;40;300;5;6;0;0;0;0;0;1;0;0;0;0;0;0;1;0;-15;2.76;1.5;4;9;1;0;0;0;0;0;1;0;0;0;0;0;0;0;0;0;1;0;0;0;0;0;0;0;0;0;0;0;0;0;0;0;0;0;0;0;0;0;0;0;0;1;0;0;0;0;1;0;0;0;0;0;0;0;0;1;0;0;0;0;0;0;0;0;0;0;0;0;0;0;0
Olea_europaea;Oleaceae;Native;;4.61;16.84;237.58;20;1000;4;6;0;0;0;0;0;1;0;0;0;0;0;1;1;0;-10;1;5;8;10;1;0;0;0;0;0;0;1;0;0;0;0;0;0;0;0;0;0;0;0;0;0;0;0;0;0;0;0;0;0;0;1;0;0;0;0;0;1;0;0;0;0;0;0;0;1;0;0;0;0;0;0;0;0;0;0;0;0;0;1;0;0;0;0;0;0;0;0;0;0;0
Opuntia_ficus-indica;Cactaceae;Alien;Invasive;;;25;7;80;4;6;0;0;0;0;0;1;0;0;0;0;0;0;1;0;-19.4;1;5;8;11;1;0;0;0;0;0;0;0;0;0;1;0;0;0;0;0;0;0;0;0;0;0;0;0;0;1;0;0;0;0;0;0;0;0;0;0;0;0;0;0;1;0;0;0;0;1;0;1;0;0;0;0;0;0;0;0;0;0;0;0;0;0;0;0;0;0;0;0;0;0;0
Osmanthus_fragrans;Oleaceae;Alien;Non-Established;7.95;14.09;174.95;18;150;6;10;;;;;;;;;;;;0;1;0;-15;3;2;8;11;0;1;0;0;0;0;0;0;1;0;0;0;0;0;0;0;0;0;0;0;0;0;0;0;0;0;0;0;0;0;0;1;0;0;0;0;0;1;0;0;0;0;0;0;0;1;0;0;0;0;0;0;0;0;0;0;0;0;0;0;0;0;0;0;0;1;0;0;0;0;0
Osmanthus_heterophyllus;Oleaceae;Alien;Non-Established;4.99;;77.98;8;150;9;10;;;;;;;;;;;;0;1;0;-19.4;3;1;6;9;0;1;0;0;0;0;0;0;1;0;0;0;0;0;0;0;0;0;0;0;0;0;0;0;0;0;0;0;0;0;0;1;0;0;0;0;0;1;0;0;0;0;0;0;0;1;0;0;0;0;0;0;0;0;0;1;0;0;0;0;0;0;0;0;0;0;0;0;0;0;0
Ostrya_carpinifolia;Betulaceae;Alien;Non-Established;10.14;21.85;10.65;20;100;3;6;1;0;0;0;0;0;0;0;0;0;0;1;0;0;-15;3.94;3.07;5;9;1;1;0;0;0;0;0;1;0;0;0;0;0;0;0;0;0;0;0;0;1;0;0;0;0;0;0;0;0;0;0;0;0;0;0;1;0;0;0;0;0;0;0;0;0;0;1;0;0;0;0;0;0;0;0;0;0;0;0;0;0;0;0;0;0;1;0;0;0;0;0
Ostrya_virginiana;Betulaceae;Alien;Non-Established;43.6;25;16.04;22;200;5;5;1;0;0;0;0;0;0;0;0;0;0;1;0;0;-38.9;4.58;3.25;3;9;0;0;0;1;0;0;0;1;0;0;0;0;0;0;0;0;0;0;0;0;1;0;0;0;0;0;0;0;0;0;0;0;0;0;0;0;0;0;1;0;0;0;0;0;0;0;1;0;0;0;0;0;0;0;0;0;0;0;0;0;0;0;1;0;0;0;0;0;0;0;0
Osyris_alba;Santalaceae;Native;;8.36;8.82;107.18;1.5;6;;;0;0;0;0;0;1;0;0;0;0;0;1;1;0;;;;;;0;1;0;0;0;0;0;0;1;0;0;0;0;0;0;0;0;0;0;0;0;0;0;0;0;0;0;0;0;1;0;0;0;0;0;0;0;0;0;0;1;0;0;0;0;1;0;0;0;0;0;0;0;0;0;0;0;0;0;1;0;0;0;0;0;1;0;0;0;0;0
Pachygone_laurifolia;Menispermaceae;Alien;Non-Established;1.02;;;9;;5;6;;;;;;;;;;;;0;1;0;-10;1;2;8;11;1;0;0;0;0;0;0;1;0;0;0;0;0;0;0;0;0;0;0;0;0;0;0;0;0;0;0;0;0;0;0;1;0;0;0;0;0;1;0;0;0;0;0;0;0;1;0;0;0;0;0;0;0;0;0;0;0;0;0;0;0;0;0;0;0;1;0;0;0;0;0
Pachysandra_terminalis;Buxaceae;Alien;Non-Established;;;;0.5;20;3;6;;;;;;;;;;;;0;1;0;-33.3;3.92;2;;;1;0;0;0;0;0;0;0;1;0;0;0;0;0;0;0;0;0;0;0;0;0;0;0;0;0;0;0;0;1;0;0;0;0;0;0;0;0;0;0;1;0;0;0;0;1;0;0;0;0;0;0;0;0;0;0;0;0;0;0;0;0;1;0;0;0;0;0;0;0;0
Pandanus_utilis;Pandanaceae;Alien;Non-Established;;;;6;;;;;;;;;;;;;;;1;0;0;;;;10;11;0;0;0;0;0;1;0;0;0;0;0;1;0;0;0;0;0;0;0;0;0;0;0;0;1;0;0;0;0;0;0;0;0;0;0;0;0;0;0;0;1;0;0;0;0;1;0;0;0;0;0;0;0;0;0;0;0;0;0;0;1;0;0;0;0;0;0;0;0;0;0
Parajubaea_cocoides;Arecaceae;Alien;Non-Established;;20.76;;50;;;;;;;;;;;;;;;1;0;0;0;1;5;7;9;0;0;0;0;0;1;0;0;0;0;0;1;0;0;0;0;0;0;0;0;0;0;0;1;0;0;0;0;0;0;0;0;0;0;0;0;0;0;0;0;1;0;0;0;0;1;0;0;0;0;0;0;0;0;0;0;0;0;0;0;1;0;0;0;0;0;0;0;0;0;0
Parajubaea_torallyi;Arecaceae;Alien;Non-Established;;20.88;;50;;;;;;;;;;;;;;;1;0;0;-7;1;5;7;10;0;0;0;0;0;1;0;0;0;0;0;1;0;0;0;0;0;0;0;0;0;0;0;1;0;0;0;0;0;0;0;0;0;0;0;0;0;0;0;0;1;0;0;0;0;1;0;0;0;0;0;0;0;0;0;0;0;0;0;0;1;0;0;0;0;0;0;0;0;0;0
Parkinsonia_aculeata;Fabaceae;Alien;Invasive;;16.38;119.42;12.2;30;4;8;1;0;0;0;0;0;0;1;0;0;0;0;1;0;6.1;1;3;7;10;1;0;0;0;0;0;0;1;0;0;0;0;0;0;0;0;0;0;0;0;0;0;0;0;0;0;0;0;0;0;0;1;0;0;1;0;0;0;0;0;0;0;0;0;0;0;1;0;0;0;0;0;0;0;0;0;0;0;0;0;1;0;0;0;0;1;0;0;0;0;0
Parrotia_persica;Hamamelidaceae;Alien;Non-Established;;19.99;;30;80;2;3;;;;;;;;;;;;0;1;0;-9.5;2;3;4;8;0;0;0;1;0;0;1;0;0;0;0;0;0;0;0;0;0;0;0;0;0;0;0;0;0;0;0;0;0;0;0;1;0;0;0;0;0;1;0;0;0;0;0;0;0;0;1;0;0;0;0;0;0;0;0;0;0;0;0;0;0;0;1;0;0;0;0;0;0;0;0
Parthenocissus_quinquefolia;Vitaceae;Alien;Naturalised;26.79;26;26.09;10;20;7;9;0;0;0;0;0;1;0;0;0;0;0;0;1;0;-33.3;3;5;3;10;1;0;0;0;0;0;0;0;0;0;0;0;0;0;1;0;0;0;0;0;0;0;0;0;0;0;0;0;0;1;0;0;0;0;0;0;0;0;0;0;1;0;0;0;0;0;1;0;0;0;0;0;0;0;0;0;0;0;0;0;0;0;0;0;0;0;1;0;0;0;0
Parthenocissus_tricuspidata;Vitaceae;Alien;Naturalised;21.5;16.97;27.93;10;50;7;8;0;0;0;0;0;1;0;0;0;0;0;0;1;0;-38;5;2;4;8;1;0;0;0;0;0;0;0;0;0;0;0;0;0;1;0;0;0;0;0;0;0;0;0;0;0;0;0;0;1;0;0;0;0;0;0;0;0;0;0;1;0;0;0;0;0;1;0;0;0;1;0;0;0;0;0;0;0;0;0;0;0;0;1;0;1;0;0;0;0;0
Paulownia_tomentosa;Paulowniaceae;Alien;Naturalised;24.52;21.48;0.2;21;125;4;5;1;0;0;0;0;0;0;0;0;0;0;0;1;0;-4;2;3;6;9;1;0;0;0;0;0;0;1;0;0;0;0;0;0;0;0;0;0;0;0;0;0;0;0;0;0;0;0;0;0;0;1;0;0;0;0;0;1;0;0;0;0;0;0;0;0;1;0;0;0;1;0;0;0;0;0;0;0;0;0;0;0;0;0;0;0;0;0;0;0;0
Peltophorum_dubium;Fabaceae;Alien;Non-Established;;;197.35;30;;7;9;1;0;0;0;0;0;0;0;0;0;0;0;1;0;0;1;3;7;10;0;1;0;0;0;0;0;1;0;0;0;0;0;0;0;0;0;0;0;0;0;0;0;0;0;0;0;0;0;1;0;0;0;0;1;0;0;0;0;0;0;0;0;0;0;0;0;0;0;0;0;0;0;0;0;0;0;0;0;0;0;0;1;0;0;0;0;0;0;0;0
Persea_americana;Lauraceae;Alien;Non-Established;14.89;19.39;15307.6;40;;;;0;0;0;0;0;1;0;0;0;0;0;0;1;0;;;;;;1;0;0;0;0;0;0;1;0;0;0;0;0;0;0;0;0;0;0;0;0;0;0;0;0;0;0;0;0;0;0;1;0;0;0;0;0;0;0;0;1;0;0;0;0;1;0;0;0;0;0;0;0;0;0;1;0;0;0;0;0;0;0;0;0;1;0;0;0;0;0
Persea_indica;Lauraceae;Alien;Non-Established;;17.51;;20;50;;;;;;;;;;;;;;0;1;0;4;3;2;7;10;0;0;1;0;0;0;0;1;0;0;0;0;0;0;0;0;0;0;0;0;0;0;0;0;0;0;0;0;0;0;0;1;0;0;0;0;0;0;0;0;1;0;0;0;0;1;0;0;0;0;0;0;0;0;0;0;0;0;0;0;0;0;1;0;0;0;0;0;0;0;0
Philadelphus_coronarius;Hydrangeaceae;Alien;Naturalised;;;0.15;4;10;5;7;0;1;0;0;0;0;1;0;0;0;0;0;1;0;-27;2;1;4;8;1;0;0;0;0;0;0;0;1;0;0;0;0;0;0;0;0;0;0;0;0;0;0;0;0;0;0;1;0;0;0;0;0;0;0;0;0;1;0;0;0;0;0;0;0;0;1;0;0;0;0;0;0;0;0;0;0;0;0;0;0;0;0;0;0;1;0;0;0;0;0
Phillyrea_angustifolia;Oleaceae;Native;;9.57;16.68;42.56;85;150;;;0;0;0;0;0;1;0;0;0;0;0;0;1;0;;;;;;1;0;0;0;0;0;0;1;0;0;0;0;0;0;0;0;0;0;0;0;0;0;0;0;0;0;0;0;0;0;0;1;0;0;0;0;0;1;0;0;0;0;0;0;0;1;0;0;0;0;0;0;0;0;0;0;0;0;0;0;0;0;0;0;0;1;0;0;0;0;0
Phillyrea_latifolia;Oleaceae;Native;;8.54;15.47;13.58;15;10;4;6;0;0;0;0;0;1;0;0;0;0;0;0;1;0;-15;1;2;6;9;0;1;0;0;0;0;0;1;0;0;0;0;0;0;0;0;0;0;0;0;0;0;0;0;0;0;0;0;0;0;0;1;0;0;0;0;0;1;0;0;0;0;0;0;0;1;0;0;0;0;0;0;0;0;0;0;0;0;0;0;0;0;0;0;0;1;0;0;0;0;0
Phoenix_canariensis;Arecaceae;Alien;Non-Established;5.19;20.33;1056;20;100;4;6;0;0;0;0;0;1;0;0;0;0;0;1;0;0;-8;1;3;4;6;0;0;0;0;0;1;0;0;0;0;0;1;0;0;0;0;0;0;0;0;0;0;0;1;0;0;0;0;0;0;0;0;0;0;0;0;0;0;0;0;1;0;0;0;0;1;0;0;0;0;0;0;0;0;0;0;0;0;0;0;1;0;0;0;0;0;0;0;0;0;0
Phoenix_dactylifera;Arecaceae;Alien;Naturalised;;15.1;1204.58;30;150;4;6;0;0;0;0;0;1;0;0;0;0;0;1;0;0;-7;1;4;4;7;0;0;0;0;0;1;0;0;0;0;0;1;0;0;0;0;0;0;0;0;0;0;0;0;1;0;0;0;0;0;0;0;0;0;0;0;0;0;0;0;1;0;0;0;0;1;0;0;0;0;0;0;0;0;0;0;0;0;0;0;1;0;1;0;0;0;0;0;0;0;0
Phoenix_reclinata;Arecaceae;Alien;Non-Established;;;474.43;50;;4;6;0;0;0;0;0;1;0;0;0;0;0;1;0;0;-7;3;4;9;11;0;0;0;0;0;1;0;0;0;0;0;1;0;0;0;0;0;0;0;0;0;0;0;0;1;0;0;0;0;0;0;0;0;0;0;0;0;0;0;0;1;0;0;0;0;1;0;0;0;0;0;0;0;0;0;0;0;0;0;0;1;0;1;0;0;0;0;0;0;0;0
Phoenix_roebelenii;Arecaceae;Alien;Non-Established;;;140;50;;6;8;0;0;0;0;0;1;0;0;0;0;0;1;0;0;-3;2;2;5;8;0;0;0;0;0;1;0;0;0;0;0;1;0;0;0;0;0;0;0;0;0;0;0;1;0;0;0;0;0;0;0;0;0;0;0;0;0;0;0;0;1;0;0;0;0;0;1;0;0;0;0;0;0;0;0;0;0;0;0;0;1;0;0;0;0;0;0;0;0;0;0
Phoenix_sylvestris;Arecaceae;Alien;Non-Established;;21.59;83.33;16;200;6;8;;;;;;;;;;;;1;0;0;-7;3;2;9;11;0;0;0;0;0;1;0;0;0;0;0;1;0;0;0;0;0;0;0;0;0;0;0;1;0;0;0;0;0;0;0;0;0;0;0;0;0;0;0;0;1;0;0;0;0;1;0;0;0;0;0;0;0;0;0;0;0;0;0;0;1;0;0;0;0;0;0;0;0;0;0
Photinia_glabra;Rosaceae;Alien;Non-Established;10.43;12;2.9;10;50;4;5;;;;;;;;;;;;0;1;0;-15;1;2;7;10;0;0;1;0;0;0;0;1;0;0;0;0;0;0;0;0;0;1;0;0;0;0;0;0;0;0;0;0;0;0;0;0;0;0;0;0;0;0;0;1;0;0;0;0;0;1;0;0;0;0;0;0;0;0;0;1;0;0;0;0;0;0;0;0;0;0;0;0;0;0;0
Photinia_serratifolia;Rosaceae;Alien;Non-Established;10.84;8.87;;10;50;3;5;;;;;;;;;;;;0;1;0;-15;1;2.74;6;9;0;1;0;0;0;0;0;1;0;0;0;0;0;0;0;0;0;1;0;0;0;0;0;0;0;0;0;0;0;0;0;0;0;0;0;0;0;0;0;1;0;0;0;0;0;1;0;0;0;0;0;0;0;0;0;1;0;0;0;0;0;0;0;0;0;0;0;0;0;0;0
Phymosia_umbellata;Malvaceae;Alien;Non-Established;;;4.09;6;;3;12;;;;;;;;;;;;0;1;0;;;2.7;7;10;0;1;0;0;0;0;0;0;1;0;0;0;0;0;0;0;0;0;1;0;0;0;0;0;0;0;0;0;0;0;0;0;0;0;0;0;0;1;0;0;0;0;0;0;0;1;0;0;0;0;0;0;0;0;0;0;0;0;0;0;0;0;0;0;0;0;1;0;0;0;0
Phytolacca_americana;Phytolaccaceae;Alien;Naturalised;50.1;37.76;6.63;3;50;6;1;0;0;0;0;1;1;0;0;0;0;0;0;1;0;-36.1;4;3;;;1;0;0;0;0;0;0;1;0;0;0;0;0;0;0;0;0;0;0;0;0;0;0;0;0;1;0;0;0;0;0;0;0;0;0;0;0;0;0;0;1;0;0;0;0;0;1;0;0;0;0;0;0;0;0;1;0;0;0;0;0;0;0;0;0;0;0;0;0;0;0
Phytolacca_dioica;Phytolaccaceae;Alien;Naturalised;25.27;;6.72;20;;3;4;0;0;0;0;0;1;0;0;0;0;0;0;1;0;-5;;3;8;11;1;0;0;0;0;0;0;1;0;0;0;0;0;0;0;0;0;0;0;0;0;0;0;0;0;1;0;0;0;0;0;0;0;0;0;0;0;0;0;0;1;0;0;0;0;0;1;0;0;0;0;0;0;0;0;0;0;0;0;0;0;0;0;0;0;1;0;0;0;0;0
Picea_abies;Pinaceae;Alien;Naturalised;4.71;14.19;6.63;70;1100;10;6;1;0;0;0;1;1;0;1;0;0;0;1;0;0;-40;4.45;1.75;2;7;1;0;0;0;0;0;1;0;0;0;0;0;0;0;0;0;0;0;0;0;1;0;0;0;0;0;0;0;0;0;0;0;0;1;0;0;0;0;0;0;0;0;0;0;0;1;0;1;0;0;0;0;0;0;0;0;0;0;0;0;0;0;0;0;0;0;0;0;0;0;0
Picea_glauca;Pinaceae;Alien;Non-Established;17.36;13.03;2.19;60;1000;3;6;1;0;0;0;1;1;0;0;0;0;0;1;0;0;-40;4.15;2.88;2;6;1;0;0;0;0;0;1;0;0;0;0;0;0;0;0;0;0;0;0;0;1;0;0;0;0;0;0;0;0;0;0;0;0;1;0;0;0;0;0;0;0;0;0;0;0;1;0;1;0;0;0;0;0;0;0;0;0;0;0;0;0;0;0;0;0;0;0;0;0;0;0
Picea_pungens;Pinaceae;Alien;Non-Established;;;4.39;50;600;4;7;1;0;0;0;0;0;0;0;0;0;0;1;0;0;-37;3.54;2.88;3;7;1;0;0;0;0;0;1;0;0;0;0;0;0;0;0;0;0;0;0;0;1;0;0;0;0;0;0;0;0;0;0;0;0;1;0;0;0;0;0;0;0;0;0;0;0;1;0;1;0;0;0;0;0;0;0;0;0;0;0;0;0;0;0;0;0;0;0;0;0;0;0
Pinus_canariensis;Pinaceae;Alien;Naturalised;7.85;12.23;103.17;60;600;3;5;1;0;0;0;0;0;0;0;0;0;0;1;0;0;0;1;1;6;9;1;0;0;0;0;0;1;0;0;0;0;0;0;0;0;0;0;0;0;0;1;0;0;0;0;0;0;0;0;0;0;0;0;1;0;0;0;0;0;0;0;0;0;0;0;1;0;1;0;0;0;0;0;0;0;0;0;0;0;0;0;0;0;0;0;0;0;0;0;0;0
Pinus_halepensis;Pinaceae;Native;;5.9;12.09;21.71;35;200;3;5;1;0;0;0;0;0;0;0;0;0;0;1;0;0;-9.5;1.35;4.97;8;11;1;0;0;0;0;0;0;1;0;0;0;0;0;0;0;0;0;0;0;0;1;0;0;0;0;0;0;0;0;0;0;0;0;0;0;0;0;0;0;0;1;0;0;0;0;1;0;1;0;0;0;0;0;0;0;0;0;0;0;0;0;0;0;0;0;0;0;0;0;0;0
Pinus_nigra;Pinaceae;Native;Non-Established;4.56;11.94;20.12;50;600;5;6;1;0;0;0;0;0;0;0;0;0;0;1;0;0;-15;2.1;4.38;3;7;1;0;0;0;0;0;0;1;0;0;0;0;0;0;0;0;0;0;0;0;1;0;0;0;0;0;0;0;0;0;0;0;0;1;0;0;0;0;0;0;0;0;0;0;0;1;0;1;0;0;0;0;0;0;0;0;0;0;0;0;0;0;0;0;0;0;0;0;0;0;0
Pinus_pinaster;Pinaceae;Native;;1.88;11.9;53.19;40;300;5;6;1;0;0;0;0;0;0;0;0;0;0;1;0;0;-9.5;2;4;7;10;1;0;0;0;0;0;1;0;0;0;0;0;0;0;0;0;0;0;0;0;1;0;0;0;0;0;0;0;0;0;0;0;0;1;0;0;0;0;0;0;0;0;0;0;0;1;0;1;0;0;0;0;0;0;0;0;0;0;0;0;0;0;0;0;0;0;0;0;0;0;0
Pinus_pinea;Pinaceae;Native;;4.35;11.59;735.8;30;250;3;6;1;0;0;0;1;0;0;0;0;0;0;1;0;0;-9.5;1;4;7;11;1;0;0;0;0;0;0;1;0;0;0;0;0;0;0;0;0;0;0;0;1;0;0;0;0;0;0;0;0;0;0;0;0;1;0;0;0;0;0;0;0;0;0;0;0;1;0;1;0;0;0;0;0;0;0;0;0;0;0;0;0;0;0;0;0;0;0;0;0;0;0
Pinus_ponderosa;Pinaceae;Alien;Naturalised;15.43;12.21;38.42;75;725;5;6;1;0;0;0;0;1;0;0;0;0;0;1;0;0;-31.5;1.64;4.32;4;8;1;0;0;0;0;0;0;1;0;0;0;0;0;0;0;0;0;0;0;0;1;0;0;0;0;0;0;0;0;0;0;0;0;1;0;0;0;0;0;0;0;0;0;0;0;1;0;1;0;0;0;0;0;0;0;0;0;0;0;0;0;0;0;0;0;0;0;0;0;0;0
Pinus_pumila;Pinaceae;Alien;Non-Established;5.6;12.97;45.23;5;;;;1;0;0;0;0;0;0;0;0;0;0;1;0;0;-46;3;3;4;7;1;0;0;0;0;0;0;1;0;0;0;0;0;0;0;0;0;0;0;0;1;0;0;0;0;0;0;0;0;0;0;0;0;1;0;0;0;0;0;0;0;0;0;0;0;1;0;1;0;0;0;0;0;0;0;0;0;0;0;0;0;0;0;0;0;0;0;0;0;0;0
Pinus_radiata;Pinaceae;Alien;Naturalised;7.89;15.98;35.48;45;150;3;4;1;0;0;0;0;0;0;0;0;0;0;1;0;0;-12;2.97;3;3;11;1;0;0;0;0;0;0;1;0;0;0;0;0;0;0;0;0;0;0;0;1;0;0;0;0;0;0;0;0;0;0;0;0;0;0;0;0;0;0;0;1;0;0;0;0;1;0;1;0;0;0;0;0;0;0;0;0;0;0;0;0;0;0;0;0;0;0;0;0;0;0
Pinus_roxburghii;Pinaceae;Alien;Non-Established;;18.06;85.24;45;;2;4;1;0;0;0;0;0;0;0;0;0;0;1;0;0;-4;1;3;8;11;1;0;0;0;0;0;1;0;0;0;0;0;0;0;0;0;0;0;0;0;1;0;0;0;0;0;0;0;0;0;0;0;0;1;0;0;0;0;0;0;0;0;0;0;0;1;0;1;0;0;0;0;0;0;0;0;0;0;0;0;0;0;0;0;0;0;0;0;0;0;0
Pinus_strobus;Pinaceae;Alien;Naturalised;10.54;17.09;16.89;80;450;4;5;1;0;0;0;0;0;0;0;0;0;0;1;0;0;-36.1;3.21;2.29;3;7;1;0;0;0;0;0;1;0;0;0;0;0;0;0;0;0;0;0;0;0;1;0;0;0;0;0;0;0;0;0;0;0;0;1;0;0;0;0;0;0;0;0;0;0;0;1;0;1;0;0;0;0;0;0;0;0;0;0;0;0;0;0;0;0;0;0;0;0;0;0;0
Pinus_sylvestris;Pinaceae;Native;;7.15;14.21;6.31;50;600;5;6;1;0;0;0;1;1;0;0;0;0;0;1;0;0;-45;1.67;4.34;3;7;1;0;0;0;0;0;1;0;0;0;0;0;0;0;0;0;0;0;0;0;1;0;0;0;0;0;0;0;0;0;0;0;0;1;0;0;0;0;0;0;0;0;0;0;0;1;0;1;0;0;0;0;0;0;0;0;0;0;0;0;0;0;0;0;0;0;0;0;0;0;0
Pinus_uncinata;Pinaceae;Native;;3.87;11.05;8.85;25;;6;7;1;0;0;0;0;0;0;0;0;0;0;1;0;0;;1.2;3.88;4;8;1;0;0;0;0;0;1;0;0;0;0;0;0;0;0;0;0;0;0;0;1;0;0;0;0;0;0;0;0;0;0;0;0;1;0;0;0;0;0;0;0;0;0;0;0;1;0;0;0;0;0;0;0;0;0;0;0;0;0;0;0;0;0;0;0;0;0;0;0;1;0
Pistacia_lentiscus;Anacardiaceae;Native;;12.23;16.31;12.468;8;15;2;5;0;0;0;0;0;1;0;0;0;0;0;0;1;0;-9.5;2;3;8;9;1;0;0;0;0;0;0;0;1;0;0;0;0;0;0;0;0;0;0;0;0;0;0;0;0;0;0;0;0;0;0;1;0;0;0;0;0;1;0;0;0;0;0;0;0;1;0;0;0;0;0;0;0;0;0;0;0;0;0;1;0;0;0;0;0;0;0;0;0;0;0
Pistacia_terebinthus;Anacardiaceae;Native;;4.86;22.07;31.63857143;10;20;4;6;0;0;0;0;0;1;0;0;0;0;0;0;1;0;-15;1.2;5;8;11;1;0;0;0;0;0;0;1;0;0;0;0;0;0;0;0;0;0;0;0;0;0;0;0;0;0;0;0;0;0;0;1;0;0;0;0;0;1;0;0;0;0;0;0;0;0;1;0;0;0;0;0;0;0;0;0;0;0;0;0;0;0;1;0;0;0;0;0;0;0;0
Pittosporum_coriaceum;Pittosporaceae;Alien;Non-Established;;19.35;;8;100;5;6;;;;;;;;;;;;0;1;0;;;2.59;7;9;0;1;0;0;0;0;0;0;1;0;0;0;0;0;0;0;0;0;0;0;0;0;0;0;0;0;0;0;0;0;0;1;0;0;0;0;0;1;0;0;0;0;0;0;0;1;0;0;0;0;0;0;0;0;0;0;0;0;0;1;0;0;0;0;0;0;0;0;0;0;0
Pittosporum_crassifolium;Pittosporaceae;Alien;Non-Established;;12.96;25.35;10;100;5;8;;;;;;;;;;;;0;1;0;-4;1;2;7;9;0;1;0;0;0;0;0;1;0;0;0;0;0;0;0;0;0;0;0;0;0;0;0;0;0;0;0;1;0;0;0;0;0;0;0;0;0;0;0;0;0;1;0;0;0;1;0;0;0;0;0;0;0;0;0;0;0;0;0;0;0;0;1;0;0;0;0;0;0;0;0
Pittosporum_tenuifolium;Pittosporaceae;Alien;Non-Established;12.03;15.68;10.42;8;100;4;8;0;0;0;0;0;1;0;0;0;0;0;0;1;0;0;3;3;7;10;0;1;0;0;0;0;0;1;0;0;0;0;0;0;0;0;0;0;0;0;0;0;0;0;0;0;0;0;0;0;0;1;0;0;0;0;0;1;0;0;0;0;0;0;0;1;0;0;0;0;0;0;0;0;0;0;0;0;0;0;0;0;0;1;0;1;0;0;0;0;0
Pittosporum_tobira;Pittosporaceae;Alien;Naturalised;11.57;18.07;36.71;6.1;30;4;6;0;0;0;0;0;1;0;0;0;0;0;0;1;0;-14;2.75;4;8;11;0;1;0;0;0;0;0;1;0;0;0;0;0;0;0;0;0;0;0;0;0;0;0;0;0;0;0;0;0;0;0;1;0;0;0;0;0;0;0;0;0;1;0;0;0;1;0;0;0;0;0;0;0;0;0;0;0;0;0;0;0;0;0;1;0;1;0;0;0;0;0
Pittosporum_truncatum;Pittosporaceae;Alien;Non-Established;;;;3;100;4;6;;;;;;;;;;;;0;1;0;-4;3;3;6;9;0;1;0;0;0;0;0;0;1;0;0;0;0;0;0;0;0;0;0;0;0;0;0;0;0;0;0;0;0;0;0;1;0;0;0;0;0;0;0;0;1;0;0;0;0;1;0;0;0;0;0;0;0;0;0;0;0;0;0;0;0;0;1;0;0;0;0;0;0;0;0
Platanus_orientalis;Platanaceae;Alien;Non-Established;7.58;20.1;3.87;30;150;4;5;1;0;0;0;0;0;0;0;0;0;0;1;0;0;-15;3;3.5;6;9;0;0;0;1;0;0;0;1;0;0;0;0;0;0;0;0;0;0;0;1;0;0;0;0;0;0;0;0;0;0;0;0;0;0;0;0;0;0;0;0;1;0;0;0;0;0;1;0;0;0;0;0;0;0;0;0;0;0;0;0;0;0;0;0;0;1;0;0;0;0;0
Platycladus_orientalis;Cupressaceae;Alien;Naturalised;6.01;14.02;18.58;20;1000;4;6;1;0;0;0;0;0;0;0;0;0;0;1;0;0;-33.3;2.1;2.9;;;1;0;0;1;0;0;0;1;0;0;0;0;0;0;0;0;0;0;0;0;1;0;0;0;0;0;0;0;0;0;0;0;0;0;0;0;0;0;0;0;0;0;1;0;0;1;0;0;0;0;0;0;0;0;0;0;0;0;0;0;0;0;0;0;0;0;0;0;0;1;0
Plumbago_auriculata;Plumbaginaceae;Alien;Non-Established;16.99;;;2;;5;11;0;0;0;0;0;0;1;0;0;0;0;0;1;0;;;;;;1;0;0;0;0;0;0;0;0;0;0;0;0;0;1;0;0;0;0;0;0;0;0;0;0;1;0;0;0;0;0;0;0;0;0;0;0;0;0;0;1;0;0;0;0;1;0;0;0;0;0;0;0;0;0;0;0;0;0;0;0;0;1;0;0;0;0;0;0;0;0
Podocarpus_macrophyllus;Podocarpaceae;Alien;Non-Established;7.78;;481.72;20;;4;5;;;;;;;;;;;;1;0;0;-14;3;1;8;11;0;0;0;0;1;0;1;0;0;0;0;0;0;0;0;0;0;0;0;0;1;0;0;0;0;0;0;0;0;0;0;0;0;1;0;0;0;0;0;0;0;0;0;0;0;1;0;0;0;0;0;0;0;0;0;0;0;0;0;0;1;0;0;0;0;0;0;0;0;0;0
Podocarpus_neriifolius;Podocarpaceae;Alien;Non-Established;4.5;11.92;1299;30;;5;6;;;;;;;;;;;;1;0;0;-13.9;2;2;9;12;0;0;0;0;1;0;0;1;0;0;0;0;0;0;0;0;0;0;0;0;1;0;0;0;0;0;0;0;0;0;0;0;0;0;0;0;0;0;0;0;1;0;0;0;0;1;0;0;0;0;0;0;0;0;0;0;0;0;0;1;0;0;0;0;0;0;0;0;0;0;0
Podranea_ricasoliana;Bignoniaceae;Alien;Non-Established;;;;6;;5;6;;;;;;;;;;;;0;1;0;-2.5;2;1;7;10;0;1;0;0;0;0;0;0;0;1;0;0;0;0;0;0;0;0;0;0;0;0;0;0;0;0;0;0;0;0;0;1;0;0;0;0;0;1;0;0;0;0;0;0;0;1;0;0;0;0;0;0;0;0;0;1;0;0;0;0;0;0;0;0;0;0;0;0;0;0;0
Polygala_myrtifolia;Polygalaceae;Alien;Non-Established;19.39;17.42008;5.43;0.39;10;7;2;0;0;1;0;0;0;0;0;0;1;0;1;0;0;;;;3;9;0;1;0;0;0;0;0;0;1;0;0;0;0;0;0;0;0;0;0;0;0;0;0;0;0;0;0;0;0;1;0;0;0;0;0;0;0;1;0;0;0;0;0;0;0;1;0;0;0;0;0;0;0;0;0;1;0;0;0;0;0;0;0;0;0;0;0;0;0;0;0
Populus_alba;Salicaceae;Native;;11.94;23.74;0.12;40;400;3;6;1;0;0;0;0;0;1;0;0;0;0;1;0;0;-15;2.3;2.67;3;9;0;1;1;0;0;0;0;0;0;0;0;0;1;0;0;0;0;0;0;0;1;0;0;0;0;0;0;0;0;0;0;0;0;0;0;0;0;1;0;0;0;0;0;0;0;0;1;0;0;0;0;0;0;0;0;0;0;0;0;0;0;0;0;0;0;0;1;0;0;0;0
Populus_deltoides;Salicaceae;Alien;Naturalised;12.93;26.48;1.25;58;100;3;4;1;0;0;0;0;0;0;1;0;0;0;1;0;0;-18;1.76;1.57;3;9;1;0;0;0;0;0;0;0;0;0;0;0;1;0;0;0;0;0;0;0;1;0;0;0;0;0;0;0;0;0;0;0;0;0;0;0;0;1;0;0;0;0;0;0;0;0;1;0;0;0;0;0;0;1;0;0;0;0;0;0;0;0;0;0;0;0;0;0;0;0;0
Populus_nigra;Salicaceae;Native;;13.49;21.63;0.74;57.9;300;2;4;1;1;0;0;0;0;1;1;0;0;0;1;0;0;-50;2.46;2.2;3;9;1;0;0;0;0;0;0;0;0;0;0;0;1;0;0;0;0;0;0;0;1;0;0;0;0;0;0;0;0;0;0;0;0;0;0;0;0;1;0;0;0;0;0;0;0;0;1;0;0;0;0;0;0;1;0;0;0;0;0;0;0;0;0;0;0;0;0;0;0;0;0
Populus_simonii;Salicaceae;Alien;Naturalised;10.48;17.66;;20;;3;5;1;0;0;0;0;0;0;0;0;0;0;1;0;0;-15;2;2;2;5;1;1;0;0;0;0;1;0;0;0;0;0;0;0;0;0;0;0;0;0;1;0;0;0;0;0;0;0;0;0;0;0;0;0;0;0;0;1;0;0;0;0;0;0;0;0;1;0;0;0;0;0;0;0;0;0;0;0;0;0;0;0;0;0;0;0;0;0;1;0;0
Populus_tremula;Salicaceae;Native;;15.33;27.66;0.12;40;150;3;5;1;0;0;0;0;0;0;0;0;0;0;1;0;0;-50;1.61;2.8;2;5;0;0;1;0;0;0;0;0;0;0;0;0;1;0;0;0;0;0;0;0;1;0;0;0;0;0;0;0;0;0;0;0;0;0;0;0;0;1;0;0;0;0;0;0;0;0;1;0;0;0;1;0;0;0;0;0;0;0;0;0;0;0;0;0;0;0;0;0;0;0;0
Prunus_americana;Rosaceae;Alien;Non-Established;30.74;22.3;734.36;10;;5;5;;;;;;;;;;;;0;1;0;-39;1.35;2.75;;;1;1;0;0;0;0;0;1;0;0;0;0;0;0;0;0;0;0;1;0;0;0;0;0;0;0;0;0;0;0;0;0;0;0;0;0;0;0;0;0;0;1;0;0;0;0;1;0;0;0;0;0;0;0;0;1;0;0;0;0;0;0;0;0;0;0;0;0;0;0;0
Prunus_amygdalus;Rosaceae;Alien;Naturalised;9.64;23.99;2842.96;12;200;1;3;0;0;0;0;1;1;0;0;0;0;0;0;1;0;-9.5;1;3;4;8;0;0;1;0;0;0;0;1;0;0;0;0;0;0;0;0;0;0;1;0;0;0;0;0;0;0;0;0;0;0;0;0;0;0;0;0;0;0;0;0;0;1;0;0;0;0;1;0;0;0;0;0;0;0;0;0;0;0;0;0;0;0;0;0;0;1;0;0;0;0;0
Prunus_armeniaca;Rosaceae;Alien;Non-Established;10.34;21.24;1239.79;15;300;3;4;0;0;0;0;1;1;0;0;0;0;0;0;1;0;-30;1.35;2.75;3;8;1;0;0;0;0;0;0;1;0;0;0;0;0;0;0;0;0;1;0;0;0;0;0;0;0;0;0;0;0;0;0;0;0;0;0;0;0;0;0;1;0;0;0;0;0;0;1;0;0;0;0;0;0;0;0;0;0;0;0;0;0;0;0;0;0;1;0;0;0;0;0
Prunus_avium;Rosaceae;Native;;16.44;19.34;253.27;40;185;4;8;0;0;0;0;1;1;0;0;0;0;0;0;1;0;-15;3.3;2.66;3;7;0;0;1;0;0;0;0;1;0;0;0;0;0;0;0;0;0;0;1;0;0;0;0;0;0;0;0;0;0;0;0;0;0;0;0;0;0;0;0;0;0;1;0;0;0;0;1;0;0;0;0;0;0;0;0;1;0;0;0;0;0;0;0;0;0;0;0;0;0;0;0
Prunus_cerasifera;Rosaceae;Alien;Naturalised;20.59;18.25;438.52;12;150;2;5;0;0;0;0;0;1;0;0;0;0;0;0;1;0;;2.45;2.9;5;8;1;0;0;0;0;0;0;1;0;0;0;0;0;0;0;0;0;0;1;0;0;0;0;0;0;0;0;0;0;0;0;0;0;0;0;0;0;0;0;0;0;1;0;0;0;0;1;0;0;0;0;0;0;0;0;1;0;0;0;0;0;0;0;0;0;0;0;0;0;0;0
Prunus_cerasus;Rosaceae;Alien;Naturalised;18.76;28.3;348.04;8;90;4;5;0;0;0;0;1;1;0;0;0;0;0;0;1;0;-15;2.66;3.11;3;7;0;0;1;0;0;0;0;1;0;0;0;0;0;0;0;0;0;0;1;0;0;0;0;0;0;0;0;0;0;0;0;0;0;0;0;0;0;0;0;0;0;1;0;0;0;0;1;0;0;0;0;0;0;0;0;0;0;0;0;0;0;0;0;0;0;1;0;0;0;0;0
Prunus_domestica;Rosaceae;Alien;Naturalised;11.06;17.11;793.02;12;150;4;5;0;0;0;0;0;1;0;0;0;0;0;0;1;0;-9.5;1.93;2.9;4;9;0;1;0;0;0;0;0;1;0;0;0;0;0;0;0;0;0;0;1;0;0;0;0;0;0;0;0;0;0;0;0;0;0;0;0;0;0;0;0;0;0;1;0;0;0;0;1;0;0;0;0;0;0;0;0;1;0;0;0;0;0;0;0;0;0;0;0;0;0;0;0
Prunus_fruticosa;Rosaceae;Alien;Non-Established;;;;6;100;4;5;0;0;0;0;0;1;0;0;0;0;0;0;1;0;-39;1.47;4.31;4;7;0;0;1;0;0;0;0;0;1;0;0;0;0;0;0;0;0;0;1;0;0;0;0;0;0;0;0;0;0;0;0;0;0;0;0;0;0;0;0;0;0;1;0;0;0;0;1;0;0;0;0;0;0;0;0;1;0;0;0;0;0;0;0;0;0;0;0;0;0;0;0
Prunus_maacki;Rosaceae;Alien;Non-Established;;;;16;30;4;6;0;0;0;0;0;1;0;0;0;0;0;0;1;0;-20.5;1.5;2;4;7;0;0;1;0;0;0;0;1;0;0;0;0;0;0;0;0;0;0;1;0;0;0;0;0;0;0;0;0;0;0;0;0;0;0;0;0;0;0;0;0;0;1;0;0;0;0;1;0;0;0;0;0;0;0;0;0;0;0;0;0;0;0;0;0;0;1;0;0;0;0;0
Prunus_laurocerasus;Rosaceae;Alien;Naturalised;7.24;15.17;265.21;10;150;4;6;0;0;0;0;0;1;0;0;0;0;0;0;1;0;-15;4.11;2.21;6;8;0;1;0;0;0;0;0;1;0;0;0;0;0;0;0;0;0;0;1;0;0;0;0;0;0;0;0;0;0;0;0;0;0;0;0;0;0;0;0;0;0;1;0;0;0;1;0;0;0;0;0;0;0;0;0;1;0;0;0;0;0;0;0;0;0;0;0;0;0;0;0
Prunus_lusitanica;Rosaceae;Native;;6.48;12.4;;20;120;4;7;0;0;0;0;0;1;0;0;0;0;0;0;1;0;-9.5;2.5;3.5;6;9;0;1;0;0;0;0;0;1;0;0;0;0;0;0;0;0;0;0;1;0;0;0;0;0;0;0;0;0;0;0;0;0;0;0;0;0;0;0;0;0;0;1;0;0;0;1;0;0;0;0;0;0;0;0;0;1;0;0;0;0;0;0;0;0;0;0;0;0;0;0;0
Prunus_mahaleb;Rosaceae;Native;;18.49;21.14;85.13;7.5;200;4;8;0;0;0;0;1;1;0;0;0;0;0;0;1;0;;2.29;4.31;;;0;0;1;0;0;0;0;1;0;0;0;0;0;0;0;0;0;0;1;0;0;0;0;0;0;0;0;0;0;0;0;0;0;0;0;0;0;0;0;0;0;1;0;0;0;0;1;0;0;0;0;0;0;0;0;0;0;0;0;0;0;0;0;0;0;1;0;0;0;0;0
Prunus_padus;Rosaceae;Native;;22.18;21.26;83.02;15;80;4;7;0;0;0;0;1;1;0;0;0;0;0;0;1;0;-37;3.26;1.93;3;6;0;0;1;0;0;0;1;0;0;0;0;0;0;0;0;0;0;1;0;0;0;0;0;0;0;0;0;0;0;0;0;0;0;0;0;0;0;0;0;0;0;1;0;0;0;0;1;0;0;0;0;0;0;0;0;0;0;0;0;0;0;0;0;1;0;1;0;0;0;0;0
Prunus_persica;Rosaceae;Alien;Naturalised;17.82;40.79;2714.99;8;200;4;5;0;0;0;0;1;1;0;0;0;0;0;0;1;0;-9.5;1.67;2.38;5;9;0;1;0;0;0;0;0;1;0;0;0;0;0;0;0;0;0;0;1;0;0;0;0;0;0;0;0;0;0;0;0;0;0;0;0;0;0;0;0;0;0;1;0;0;0;0;1;0;0;0;0;0;0;0;0;1;0;0;0;0;0;0;0;0;0;0;0;0;0;0;0
Prunus_serrulata;Rosaceae;Alien;Non-Established;;20.65;52.91;25;20;3;5;;;;;;;;;;;;0;1;0;-15;2.34;2.75;5;8;0;0;1;0;0;0;0;1;0;0;0;0;0;0;0;0;0;0;0;0;0;0;0;0;0;0;0;1;0;0;0;0;0;0;0;0;0;0;0;0;0;1;0;0;0;0;1;0;0;0;0;0;0;0;0;0;0;0;0;1;0;0;0;0;0;0;0;0;0;0;0
Prunus_triloba;Rosaceae;Alien;Naturalised;;27.76;;5;10;2;5;;;;;;;;;;;;0;1;0;-15;2;2;4;8;0;0;1;0;0;0;0;1;0;0;0;0;0;0;0;0;0;0;1;0;0;0;0;0;0;0;0;0;0;0;0;0;0;0;0;0;0;0;0;0;0;1;0;0;0;0;1;0;0;0;0;0;0;0;0;1;0;0;0;0;0;0;0;0;0;0;0;0;0;0;0
Pseudotsuga_menziesii;Pinaceae;Alien;Naturalised;9.55;13.05;12.26;120;1400;4;5;1;0;0;0;0;1;0;0;0;0;0;1;0;0;-36;2.78;2.62;3;6;1;0;0;0;0;0;1;0;0;0;0;0;0;0;0;0;0;0;0;0;1;0;0;0;0;0;0;0;0;0;0;0;0;1;0;0;0;0;0;0;0;0;0;0;0;1;0;1;0;0;0;0;0;0;0;0;0;0;0;0;0;0;0;0;0;0;0;0;0;0;0
Pterocarya_fraxinifolia;Juglandaceae;Alien;Non-Established;;;50;50;250;9;10;1;0;0;0;0;0;0;0;0;0;0;1;0;0;-15;1;2;6;9;1;0;0;0;0;0;0;1;0;0;0;0;0;0;0;0;0;0;0;0;1;0;0;0;0;0;0;0;0;0;0;0;0;0;0;0;0;0;1;0;0;0;0;0;0;0;1;0;0;0;0;0;0;0;0;0;0;0;0;0;0;0;0;0;0;1;0;0;0;0;0
Punica_granatum;Lythraceae;Alien;Naturalised;7.2;11;45.36;25;300;4;6;0;0;0;0;0;1;0;0;0;0;0;0;1;0;-25;3;1;8;10;0;0;0;0;1;0;0;1;0;0;0;0;0;0;0;0;0;0;0;0;0;0;0;0;0;0;0;0;0;1;0;0;0;0;0;0;0;1;0;0;0;0;0;0;0;0;1;0;0;0;0;0;0;0;0;0;0;0;0;1;0;0;0;0;0;0;0;0;0;0;0
Pyracantha_angustifolia;Rosaceae;Alien;Naturalised;18.65;30.5;44.33;4;40;4;6;;;;;;;;;;;;0;1;0;-15;3;2;5;9;0;0;0;0;0;1;0;0;1;0;0;0;0;0;0;0;0;0;0;0;0;0;0;0;0;0;0;0;0;0;0;0;1;0;0;0;0;0;0;0;1;0;0;0;0;1;0;0;0;0;0;0;0;0;0;0;0;0;0;0;0;0;1;0;0;0;0;0;0;0;0
Pyracantha_coccinea;Rosaceae;Alien;Non-Established;8.9;23.2;21.8;6;150;4;5;0;0;1;0;0;1;0;0;0;0;0;0;1;0;-11;2;3;5;9;0;0;0;0;0;1;0;0;0;0;1;0;0;0;0;0;0;1;0;0;0;0;0;0;0;0;0;0;0;0;0;0;0;0;0;0;0;0;0;1;0;0;0;0;0;1;0;0;0;0;0;0;0;0;0;1;0;0;0;0;0;0;0;0;0;0;0;0;0;0;0
Pyracantha_fortuneana;Rosaceae;Alien;Non-Established;;24.8;3.69;3;;10;10;0;0;1;0;0;1;0;0;0;0;0;0;1;0;;;;;;0;0;0;0;0;1;0;0;0;0;1;0;0;0;0;0;0;1;0;0;0;0;0;0;0;0;0;0;0;0;0;0;0;0;0;0;0;0;0;1;0;0;0;0;0;1;0;0;0;0;0;0;0;0;0;1;0;0;0;0;0;0;0;0;0;0;0;0;0;0;0
Pyrus_calleryana;Rosaceae;Alien;Non-Established;9.91;16;12.9;20;25;3;3;;;;;;;;;;;;0;1;0;-33;1.35;2.97;5;9;0;0;0;0;0;1;1;0;0;0;0;0;0;0;0;0;0;0;0;0;0;0;0;0;0;0;0;1;0;0;0;0;0;0;0;0;0;0;0;1;0;0;0;0;0;0;1;0;0;0;0;0;0;0;0;0;0;0;0;0;0;0;0;0;0;1;0;0;0;0;0
Pyrus_communis;Rosaceae;Alien;Naturalised;13.62;15.83;31.2;35;150;4;5;0;0;0;0;0;1;0;0;0;0;0;0;1;0;-20;2.72;2.73;4;9;0;1;0;0;0;0;1;0;0;0;0;0;0;0;0;0;0;1;0;0;0;0;0;0;0;0;0;0;0;0;0;0;0;0;0;0;0;0;0;1;0;0;0;0;0;0;1;0;0;0;0;0;0;0;0;0;0;0;0;0;0;0;1;0;0;0;0;0;0;0;0
Quercus_cerris;Fagaceae;Alien;Naturalised;9.91;20.4;4216.616833;40;200;4;5;0;0;0;0;0;1;0;0;0;0;0;1;0;0;-15;2.7;4.3;5;9;1;0;0;0;0;0;0;1;0;0;0;0;0;0;0;0;0;0;0;0;1;0;0;0;0;0;0;0;0;0;0;0;0;0;0;0;0;0;1;0;0;0;0;0;0;0;1;0;0;0;0;0;0;0;0;0;0;0;0;0;0;0;0;0;0;1;0;0;0;0;0
Quercus_coccifera;Fagaceae;Native;;4.97;12.9;2079.01;19.9;300;3;5;0;0;0;0;0;1;0;0;0;0;0;1;0;0;-15;1;4;5;9;0;1;0;0;0;0;0;1;0;0;0;0;0;0;0;0;0;0;0;0;1;0;0;0;0;0;0;0;0;0;0;0;0;0;0;0;0;0;1;0;0;0;0;0;0;1;0;0;0;0;0;0;0;0;0;0;0;0;0;0;0;0;0;0;0;1;0;0;0;0;0
Quercus_faginea;Fagaceae;Native;;17.07;23.66;1850.7;20;300;4;5;0;0;0;0;0;1;0;0;0;0;0;1;0;0;-15;1;4;4;8;1;0;0;0;0;0;0;1;0;0;0;0;0;0;0;0;0;0;0;0;1;0;0;0;0;0;0;0;0;0;0;0;0;0;0;0;0;0;1;0;0;0;0;0;0;0;1;0;0;0;0;0;0;0;0;0;0;0;0;0;0;0;1;0;0;0;0;0;0;0;0
Quercus_ilex;Fagaceae;Native;;7.53;15.32;2604.78;20;500;4;6;0;0;0;0;1;1;0;0;0;0;0;1;1;0;-15;3.02;4.72;6;10;1;1;0;0;0;0;0;1;0;0;0;0;0;0;0;0;0;0;0;0;1;0;0;0;0;0;0;0;0;0;0;0;0;0;0;0;0;0;1;0;0;0;0;0;0;1;0;0;0;0;0;0;0;0;0;0;0;0;0;0;0;0;0;0;0;1;0;0;0;0;0
Quercus_palustris;Fagaceae;Alien;Non-Established;8.89;22.35;1055.55;45;140;4;5;0;0;0;0;0;1;0;0;0;0;0;1;0;0;-31.5;2.49;2.38;4;8;1;0;0;0;0;0;1;0;0;0;0;0;0;0;0;0;0;0;0;0;1;0;0;0;0;0;0;0;0;0;0;0;0;0;0;0;0;0;1;0;0;0;0;0;0;0;1;0;0;0;0;0;0;0;0;1;0;0;0;0;0;0;0;0;0;0;0;0;0;0;0
Quercus_petraea;Fagaceae;Native;;13.34;27.51;1521.34;45;800;4;6;0;0;0;0;0;1;0;0;0;0;0;1;0;0;-5;2.73;3.02;5;8;1;0;0;0;0;0;0;1;0;0;0;0;0;0;0;0;0;0;0;0;1;0;0;0;0;0;0;0;0;0;0;0;0;0;0;0;0;0;1;0;0;0;0;0;0;0;1;0;0;0;1;0;0;0;0;0;0;0;0;0;0;0;0;1;0;1;0;0;0;0;0
Quercus_phellos;Fagaceae;Alien;Non-Established;15.87;18.57;1662.54;37;250;4;5;0;0;0;0;0;1;0;0;0;0;0;1;0;0;-30.5;2;1;;;1;1;0;0;0;0;0;1;0;0;0;0;0;0;0;0;0;0;0;0;1;0;0;0;0;0;0;0;0;0;1;0;0;0;0;0;0;0;1;0;0;0;0;0;0;0;1;0;0;0;0;0;0;0;0;0;0;0;0;1;0;0;0;0;0;0;0;0;0;0;0
Quercus_polymorpha;Fagaceae;Alien;Non-Established;;;;20;300;;;0;0;0;0;0;1;0;0;0;0;0;1;0;0;-15;2;2;4;8;1;0;0;0;0;0;0;1;0;0;0;0;0;0;0;0;0;0;0;0;1;0;0;0;0;0;0;0;0;0;0;0;0;0;0;0;0;0;1;0;0;0;0;0;0;0;1;0;0;0;0;0;0;0;0;1;0;0;0;0;0;0;0;0;0;0;0;0;0;0;0
Quercus_pubescens;Fagaceae;Native;;12.39;18.95;665.3;25;500;4;5;0;0;0;0;1;1;0;0;0;0;0;1;0;0;-50;2.31;4.1;4;8;1;0;0;0;0;0;0;1;0;0;0;0;0;0;0;0;0;0;0;0;1;0;0;0;0;0;0;0;0;0;0;0;0;0;0;0;0;0;1;0;0;0;0;0;0;0;1;0;0;0;0;0;0;0;0;0;0;0;0;0;0;0;0;0;0;1;0;0;0;0;0
Quercus_pyrenaica;Fagaceae;Native;;8.24;17.91;1379.34;30;300;4;6;0;0;0;0;0;1;0;0;0;0;0;1;0;0;;4;3;4;8;1;0;0;0;0;0;0;1;0;0;0;0;0;0;0;0;0;0;0;0;1;0;0;0;0;0;0;0;0;0;0;0;0;0;0;0;0;0;1;0;0;0;0;0;0;0;1;0;0;0;0;0;0;0;0;0;0;0;0;0;0;1;0;0;0;0;0;0;0;0;0
Quercus_robur;Fagaceae;Native;;14.56;22.75;2852.7;50;1000;4;6;0;0;0;0;1;0;0;1;0;0;0;1;0;0;-17;2.45;2.95;4;8;1;0;0;0;0;0;0;1;0;0;0;0;0;0;0;0;0;0;0;0;1;0;0;0;0;0;0;0;0;0;0;0;0;0;0;0;0;0;1;0;0;0;0;0;0;0;1;0;0;0;0;0;0;0;0;0;0;0;0;0;0;0;1;0;0;0;0;0;0;0;0
Quercus_rotundifolia;Fagaceae;Native;;6.49;14.24;2577.5;25;300;4;5;;;;;;;;;;;;1;0;0;-15;2;4;6;9;0;1;0;0;0;0;0;1;0;0;0;0;0;0;0;0;0;0;0;0;1;0;0;0;0;0;0;0;0;0;0;0;0;0;0;0;0;0;1;0;0;0;0;0;0;1;0;0;0;0;0;0;0;0;0;0;0;0;0;0;0;0;1;0;0;0;0;0;0;0;0
Quercus_rubra;Fagaceae;Alien;Naturalised;17.54;22.8;2975.03;60;500;4;5;;;;;;;;;;;;1;0;0;-33;2.75;2.88;3;7;1;0;0;0;0;0;0;1;0;0;0;0;0;0;0;0;0;0;0;0;1;0;0;0;0;0;0;0;0;0;1;0;0;0;0;0;0;0;1;0;0;0;0;0;0;0;1;0;0;0;0;0;0;0;0;0;0;0;0;0;0;1;0;0;0;0;0;0;0;0;0
Quercus_suber;Fagaceae;Native;;11.04;15.69;3698.72;50;300;3;5;0;0;0;0;1;0;0;0;0;0;0;1;0;0;-9.5;3;3;7;10;1;0;0;0;0;0;0;1;0;0;0;0;0;0;0;0;0;0;0;0;1;0;0;0;0;0;0;0;0;0;1;0;0;0;0;0;0;0;1;0;0;0;0;0;0;1;0;0;0;0;0;0;0;0;0;1;0;0;0;0;0;0;0;0;0;0;0;0;0;0;0
Retama_sphaerocarpa;Fabaceae;Native;;12.22;26;92.46;4;15;4;7;;;;;;;;;;;;0;1;0;-15;1;3;5;9;0;1;0;0;0;0;0;0;1;0;0;0;0;0;0;0;0;0;0;0;0;0;0;0;0;0;0;0;0;1;0;0;0;0;1;0;0;0;0;0;0;0;0;0;0;0;1;0;0;0;0;0;0;0;0;0;0;0;0;0;1;0;0;0;0;0;0;0;0;0;0
Rhamnus_alaternus;Rhamnaceae;Native;;10.62;21.12;41.48;8;20;1;4;0;0;0;0;0;1;0;0;0;0;0;1;1;0;-15;2;3;6;9;1;0;0;0;0;0;0;1;0;0;0;0;0;0;0;0;0;0;0;0;0;0;0;0;0;0;0;1;0;0;0;0;0;0;0;0;0;0;1;0;0;0;0;0;0;1;0;0;0;0;0;0;0;0;0;0;0;0;0;0;0;0;0;0;0;1;0;0;0;0;0
Rhaphiolepis_bibas;Rosaceae;Alien;Invasive;48.35;;1505;10;100;12;1;0;0;0;0;0;1;0;0;0;0;0;0;1;0;;3.33;3.35;8;11;1;0;0;0;0;0;0;1;0;0;0;0;0;0;0;0;0;1;0;0;0;0;0;0;0;0;0;0;0;0;0;0;0;0;0;0;0;0;0;1;0;0;0;0;0;1;0;0;0;0;0;0;0;0;0;1;0;0;0;0;0;0;0;0;0;0;0;0;0;0;0
Rhaphiolepis_indica;Rosaceae;Alien;Non-Established;7.98;12.39;;4;;3;5;0;0;0;0;0;1;0;0;0;0;0;0;1;0;-6;1;3;8;11;0;0;0;1;0;0;0;0;1;0;0;0;0;0;0;0;0;0;0;0;0;0;0;0;0;0;0;1;0;0;0;0;0;0;0;0;0;0;0;1;0;0;0;0;0;1;0;0;0;0;0;0;0;0;0;0;0;0;0;0;0;0;0;0;0;1;0;0;0;0;0
Rhapis_excelsa;Arecaceae;Alien;Non-Established;;;370.37;3;40;6;7;;;;;;;;;;;;1;0;0;-4;4;2;5;8;0;0;0;0;0;1;0;0;0;0;0;1;0;0;0;0;0;0;0;0;0;0;0;1;0;0;0;0;0;0;0;0;0;0;0;0;0;0;0;0;1;0;0;0;0;1;0;0;0;0;0;0;0;0;0;0;0;0;0;0;0;0;0;0;0;0;1;0;0;0;0
Rhapis_humilis;Arecaceae;Alien;Non-Established;;;;3;40;6;7;;;;;;;;;;;;1;0;0;-4;4;2;5;8;0;0;0;0;0;1;0;0;0;0;0;1;0;0;0;0;0;0;0;0;0;0;0;1;0;0;0;0;0;0;0;0;0;0;0;0;0;0;0;0;1;0;0;0;0;1;0;0;0;0;0;0;0;0;0;0;0;0;0;0;0;0;0;0;0;0;1;0;0;0;0
Rhododendron_indicum;Ericaceae;Alien;Non-Established;11.66;;;6;50;1;4;1;0;0;0;0;0;0;0;0;0;0;0;1;0;-20.5;4;2;5;9;0;1;0;0;0;0;0;0;1;0;0;0;0;0;0;0;0;0;0;0;0;0;0;0;0;0;0;0;0;0;0;1;0;0;0;0;0;1;0;0;0;0;0;0;0;1;0;0;0;0;0;0;0;0;0;0;0;0;0;1;0;0;0;0;0;0;0;0;0;0;0
Rhododendron_ponticum;Ericaceae;Native;;6.52;10.67;0.11;8;25;1;6;1;0;0;0;0;0;0;0;0;0;0;0;1;0;;3.38;3.04;;;0;0;0;0;1;0;0;0;1;0;0;0;0;0;0;0;0;0;0;0;0;0;0;0;0;0;0;0;0;0;0;1;0;0;0;0;0;1;0;0;0;0;0;0;0;1;0;0;0;0;0;0;0;0;0;0;0;0;0;1;0;0;0;0;0;0;0;0;0;0;0
Rhus_typhina;Anacardiaceae;Alien;Naturalised;19.21;26.32;11.35;14;50;6;7;0;1;0;0;0;1;1;0;0;0;0;0;1;0;-9.5;1.56;4;4;8;1;0;0;0;0;0;0;0;1;0;0;0;0;0;0;0;0;0;0;0;0;0;0;0;0;0;0;0;0;0;0;1;0;0;0;0;0;0;0;0;0;1;0;0;0;0;1;0;0;0;0;0;0;0;0;0;0;0;0;1;0;0;0;0;0;0;0;0;0;0;0
Ribes_sanguineum;Grossulariaceae;Alien;Non-Established;15;25.4;1.72;4;30;4;5;0;0;0;0;0;1;0;0;0;0;0;0;1;0;-14;2.7;3;5;9;0;0;1;0;0;0;0;0;1;0;0;0;0;0;0;0;0;0;0;0;0;0;0;0;0;0;0;0;0;0;0;0;1;0;0;0;0;0;0;0;1;0;0;0;0;0;1;0;0;0;0;0;0;0;0;0;0;0;0;0;0;1;0;0;0;0;0;0;0;0;0
Ricinus_communis;Euphorbiaceae;Alien;Invasive;;39.21;371.7;12;30;6;9;1;0;0;0;0;0;0;0;0;0;0;0;1;0;0;1;4;10;11;0;1;0;0;0;0;0;1;0;0;0;0;0;0;0;0;0;0;1;0;0;0;0;0;0;0;0;0;0;0;0;0;0;0;0;0;0;1;0;0;0;0;0;0;0;1;0;0;0;0;0;0;0;0;0;0;0;0;0;0;0;0;0;0;0;0;1;0;0;0;0
Robinia_hispida;Fabaceae;Alien;Naturalised;;;17.33;4.5;;;;0;1;0;0;0;0;0;0;0;0;0;0;1;0;0;;;;;1;0;0;0;0;0;0;0;1;0;0;0;0;0;0;0;0;0;0;0;0;0;0;0;0;0;0;0;0;1;0;0;0;0;1;0;0;0;0;0;0;0;0;0;0;0;1;0;0;0;0;0;0;0;0;0;0;0;0;0;0;0;0;0;0;0;0;0;0;0;1
Robinia_pseudoacacia;Fabaceae;Alien;Invasive;22.66;36.47;19.64;35;200;5;6;0;1;0;0;0;1;1;0;0;0;0;0;1;0;-37;1.72;4.11;4;9;1;0;0;0;0;0;0;1;0;0;0;0;0;0;0;0;0;0;0;0;0;0;0;0;0;0;1;0;0;0;0;0;0;0;1;0;0;0;0;0;0;0;0;0;0;0;1;0;0;0;0;0;0;0;0;1;0;0;0;0;0;0;0;0;0;0;0;0;0;0;0
Roldana_petasitis;Asteraceae;Alien;Non-Established;;;;2;30;2;5;;;;;;;;;;;;0;1;0;-5;1;3;7;10;0;1;0;0;0;0;0;0;1;0;0;0;0;0;0;0;0;0;0;0;0;0;0;0;0;0;0;0;0;0;0;1;0;0;0;0;0;0;0;0;1;0;0;0;0;1;0;0;0;0;0;0;0;0;0;0;0;0;0;0;0;1;0;0;0;0;0;0;0;0;0
Rosa_banksiae;Rosaceae;Alien;Non-Established;;30;;10;;;;;;;;;;;;;;;0;1;0;;;;;;0;1;0;0;0;0;0;1;0;0;0;0;0;0;0;0;0;0;1;0;0;0;0;0;0;0;0;0;0;0;0;0;0;0;0;0;0;0;0;0;0;1;0;0;0;1;0;0;0;0;0;0;0;0;0;1;0;0;0;0;0;0;0;0;0;0;0;0;0;0;0
Roystonea_regia;Arecaceae;Alien;Non-Established;;;583.33;40;;;;0;0;0;0;0;1;0;0;0;0;0;1;0;0;;;;;;0;0;0;0;0;1;0;0;0;0;0;1;0;0;0;0;0;0;0;0;0;0;0;1;0;0;0;0;0;0;0;0;0;0;0;0;0;0;0;0;1;0;0;0;0;1;0;0;0;0;0;0;0;0;0;0;0;0;0;0;1;0;0;0;0;0;0;0;0;0;0
Rubus_idaeus;Rosaceae;Native;;32.92;20.18;2.18;2;8;5;10;0;0;0;0;0;1;0;0;0;0;0;0;1;0;-23;2.66;3.04;;;1;0;0;0;0;0;0;0;1;0;0;0;0;0;0;0;0;0;0;0;0;0;0;0;0;0;0;0;0;0;0;0;1;0;0;0;0;0;0;0;0;0;0;1;0;0;1;0;0;0;1;0;0;0;0;0;0;0;0;0;0;0;0;0;0;1;0;0;0;0;0
Rumex_lunaria;Polygonaceae;Native;;15.36;21.44;;3;;12;5;;;;;;;;;;;;0;1;0;;2;4;7;9;1;0;0;0;0;0;0;0;1;0;0;0;0;0;0;0;0;0;0;0;0;0;0;0;0;1;0;0;0;0;0;0;0;0;0;0;0;0;0;0;1;0;0;0;0;1;0;0;0;0;0;0;0;0;0;0;0;0;0;0;0;0;0;0;0;1;0;0;0;0;0
Ruscus_aculeatus;Asparagaceae;Native;;11.22;20.08;174.87;1.5;25;1;12;0;0;0;0;0;1;0;0;0;0;0;0;1;0;-15;3;2;6;9;0;0;0;0;0;1;0;0;1;0;0;0;0;0;0;0;0;0;0;0;0;0;0;0;0;0;0;0;0;0;0;1;0;0;0;0;0;0;0;0;1;0;0;0;0;1;0;0;0;0;0;0;0;0;0;0;0;0;0;1;0;0;0;0;0;0;0;0;0;0;0
Ruscus_hypophyllum;Asparagaceae;Native;;;;;1;;1;5;;;;;;;;;;;;0;1;0;;4;2;6;9;0;0;0;0;0;1;0;0;1;0;0;0;0;0;0;0;0;0;0;0;0;0;0;0;1;0;0;0;0;0;0;0;0;0;0;0;0;0;0;0;1;0;0;0;0;1;0;0;0;0;0;0;0;0;0;0;0;0;0;1;0;0;0;0;0;0;0;0;0;0;0
Russelia_equisetiformis;Plantaginaceae;Alien;Non-Established;;;;1.25;;1;9;;;;;;;;;;;;0;1;0;;;;;;0;1;0;0;0;0;0;0;1;0;0;0;0;0;0;0;0;0;0;0;0;0;0;0;0;0;0;0;0;0;0;1;0;0;0;0;0;1;0;0;0;0;0;0;0;1;0;0;0;0;0;0;0;0;0;0;0;0;0;0;0;0;0;0;0;1;0;0;0;0;0
Sabal_bermudana;Arecaceae;Alien;Non-Established;;17.2;588.53;13;;4;8;0;0;0;0;0;1;0;0;0;0;0;1;0;0;-4;1;;3;5;0;0;0;0;0;1;0;0;0;0;0;1;0;0;0;0;0;0;0;0;0;0;0;1;0;0;0;0;0;0;0;0;0;0;0;0;0;0;0;0;1;0;0;0;0;1;0;0;0;0;0;1;0;0;0;0;0;0;0;0;0;0;0;0;0;0;1;0;0;0;0
Sabal_mexicana;Arecaceae;Alien;Non-Established;;25.3;;15;;;;0;0;0;0;0;1;0;0;0;0;0;1;0;0;-9.5;2;3;8;11;0;0;0;0;0;1;0;0;0;0;0;1;0;0;0;0;0;0;0;0;0;0;0;1;0;0;0;0;0;0;0;0;0;0;0;0;0;0;0;0;1;0;0;0;0;1;0;0;0;0;0;1;0;0;0;0;0;0;0;0;0;0;0;0;0;0;1;0;0;0;0
Sabal_minor;Arecaceae;Alien;Non-Established;4;;226.44;3;;;;;;;;;;;;;;;1;0;0;-14;1;2;8;11;0;0;0;0;0;1;0;0;0;0;0;1;0;0;0;0;0;0;0;0;0;0;0;1;0;0;0;0;0;0;0;0;0;0;0;0;0;0;0;0;1;0;0;0;0;1;0;0;0;0;0;1;0;0;0;0;0;0;0;0;0;0;0;0;0;0;1;0;0;0;0
Sabal_palmetto;Arecaceae;Alien;Non-Established;4.09;20.07;313.95;27;;4;8;0;0;0;0;0;1;0;0;0;0;0;1;0;0;-14;2;4;8;11;0;0;0;0;0;1;0;0;0;0;0;1;0;0;0;0;0;0;0;0;0;0;0;1;0;0;0;0;0;0;0;0;0;0;0;0;0;0;0;0;1;0;0;0;0;1;0;0;0;0;0;1;0;0;0;0;0;0;0;0;0;0;0;0;0;0;1;0;0;0;0
Salix_alba;Salicaceae;Native;;12.62;30.18;1.81;35;200;4;5;1;0;0;0;0;0;0;0;1;0;0;1;0;0;-36;1.99;2;2;8;1;0;0;0;0;0;0;0;0;0;1;0;0;0;0;0;0;0;0;0;1;0;0;0;0;0;0;0;0;0;0;0;0;0;0;0;0;1;0;0;0;0;0;0;0;0;1;0;0;0;0;0;0;0;0;0;0;0;0;1;0;0;0;0;0;0;0;0;0;0;0
Salix_atrocinerea;Salicaceae;Native;;7.07;21.55;;12;;1;4;1;0;0;0;0;0;0;0;0;0;0;1;0;0;-43;1;1;4;8;1;0;0;0;0;0;0;0;0;0;1;0;0;0;0;0;0;0;0;0;1;0;0;0;0;0;0;0;0;0;0;0;0;0;0;0;0;1;0;0;0;0;0;0;0;0;1;0;0;0;0;0;0;0;0;0;0;0;0;0;0;0;0;0;0;1;0;0;0;0;0
Salix_babylonica;Salicaceae;Alien;Naturalised;15.71;25.17;;20;200;3;5;1;0;0;0;0;0;0;0;0;0;0;1;0;0;-15;1.35;1.77;6;9;1;0;0;0;0;0;0;0;0;0;0;0;0;1;0;0;0;0;0;0;1;0;0;0;0;0;0;0;0;0;0;0;0;0;0;0;0;1;0;0;0;0;0;0;0;0;1;0;0;0;0;0;0;0;0;0;0;0;0;1;0;0;0;0;0;0;0;0;0;0;0
Salix_caprea;Salicaceae;Native;;17.64;25.87;0.12;15;95;3;4;1;0;0;0;0;0;0;0;0;0;0;1;0;0;-26;2.16;2.24;4;9;1;0;0;0;0;0;0;0;0;0;0;0;0;1;0;0;0;0;0;0;1;0;0;0;0;0;0;0;0;0;0;0;0;0;0;0;0;1;0;0;0;0;0;0;0;0;1;0;0;0;0;0;0;0;0;0;0;0;0;0;0;0;0;0;0;1;0;0;0;0;0
Salix_daphnoides;Salicaceae;Alien;Non-Established;10.43;25.44;0.14;15;;3;4;1;0;0;0;0;0;0;0;0;0;0;1;0;0;-31.5;2.66;1.37;4;8;1;0;0;0;0;0;0;0;0;0;1;0;0;0;0;0;0;0;0;0;1;0;0;0;0;0;0;0;0;0;0;0;0;0;0;0;0;1;0;0;0;0;0;0;0;0;1;0;0;0;0;0;0;0;0;0;0;0;0;1;0;0;0;0;0;0;0;0;0;0;0
Salix_fragilis;Salicaceae;Alien;Non-Established;10.53;25.95;0.13;35;;3;5;0;1;0;0;0;0;0;0;1;0;1;0;1;0;;1.42;1.23;;;1;0;0;0;0;0;0;0;0;0;1;0;0;0;0;0;0;0;0;0;0;0;0;0;0;0;0;0;0;1;0;0;0;0;0;0;0;1;0;0;0;0;0;0;0;0;1;0;0;0;0;0;1;0;0;0;0;0;0;0;0;0;0;0;0;0;0;0;0;0;0
Salix_matsudana;Salicaceae;Alien;Non-Established;;28.94;;31;;8;10;1;0;0;0;0;0;0;1;0;0;0;1;0;0;;;;;;1;0;0;0;0;0;0;0;0;0;1;0;0;0;0;0;0;0;0;0;1;0;0;0;0;0;0;0;0;0;0;0;0;0;0;0;0;1;0;0;0;0;0;0;0;0;1;0;0;0;0;0;0;0;0;0;0;0;0;1;0;0;0;0;0;0;0;0;0;0;0
Salix_nigra;Salicaceae;Alien;Non-Established;17.94;24.83;0.15;45;85;;;1;0;0;0;0;0;0;0;0;0;0;1;0;0;-36;1.34;1.77;4;8;1;0;0;0;0;0;0;1;0;0;0;0;0;0;0;0;0;0;0;0;1;0;0;0;0;0;0;0;0;0;0;0;0;0;0;0;0;1;0;0;0;0;0;0;0;0;1;0;0;0;0;0;0;0;0;0;0;0;0;1;0;0;0;0;0;0;0;0;0;0;0
Salix_tarraconensis;Salicaceae;Native;;;;;1;;3;5;1;0;0;0;0;0;0;0;0;0;0;1;0;0;;4;3;5;8;0;1;0;0;0;0;0;0;1;0;0;0;0;0;0;0;0;0;0;0;0;0;0;0;0;0;0;0;0;1;0;0;0;0;0;0;0;1;0;0;0;0;0;0;0;0;1;0;0;0;0;0;0;0;0;0;0;0;0;0;0;0;0;0;1;0;0;0;0;0;0
Salix_viminalis;Salicaceae;Alien;Non-Established;14.62;28;;10;50;2;4;1;0;0;0;0;0;0;0;0;0;0;1;0;0;-31.5;1.93;0.53;4;8;1;0;0;0;0;0;0;0;0;0;0;0;1;0;0;0;0;0;1;0;0;0;0;0;0;0;0;0;0;0;0;0;0;0;0;0;0;1;0;0;0;0;0;0;0;0;1;0;0;0;0;0;0;0;0;0;0;0;0;1;0;0;0;0;0;0;0;0;0;0;0
Salvia_microphylla;Lamiaceae;Alien;Non-Established;;;;;;;;;;;;;;;;;;;0;1;0;;;;;;1;0;0;0;0;0;0;0;1;0;0;0;0;0;0;0;0;0;0;0;0;0;0;0;0;0;0;0;0;0;0;1;0;0;1;0;0;0;0;0;0;0;0;0;0;1;0;0;0;0;0;0;0;0;0;0;0;0;0;0;0;0;0;0;0;1;0;0;0;0;0
Salvia_rosmarinus;Lamiaceae;Native;;21.83;20.1;0.692725;2;20;1;12;1;0;0;0;0;0;0;0;0;0;0;0;1;0;-9.5;1;5;6;9;1;0;0;0;0;0;0;0;1;0;0;0;0;0;0;0;0;0;0;0;0;0;0;0;0;0;0;0;0;0;0;1;0;0;0;0;0;0;1;0;0;0;0;0;0;1;0;1;0;0;0;0;0;0;0;0;0;0;0;0;1;0;0;0;0;0;0;0;0;0;0
Sambucus_nigra;Adoxaceae;Native;;20.17;36.57;31.73;10;20;6;7;0;0;0;0;1;1;0;0;0;0;0;0;1;0;-15;2.29;3.04;5;7;1;0;0;0;0;0;0;1;0;0;0;0;0;0;0;0;0;0;0;0;0;0;0;0;0;0;0;1;0;0;0;0;0;0;0;0;0;0;0;0;0;1;0;0;0;0;1;0;0;0;0;0;0;0;0;1;0;0;0;0;0;0;0;0;0;0;0;0;0;0;0
Santolina_chamaecyparissus;Asteraceae;Native;;23.15;50.9;0.33;1;7;4;7;;;;;;;;;;;;0;1;0;-15;1;4;6;9;1;0;0;0;0;0;0;0;1;0;0;0;0;0;0;0;0;0;0;0;0;0;0;0;0;0;0;0;0;0;0;0;1;0;0;0;0;0;0;0;1;0;0;0;0;1;0;0;0;0;0;0;0;0;0;0;0;0;0;0;0;0;0;0;0;0;0;0;0;1;0
Schinus_areira;Anacardiaceae;Alien;Non-Established;;;;;;;;;;;;;;;;;;;0;1;0;;;;;;0;1;0;0;0;0;0;1;0;0;0;0;0;0;0;0;1;0;0;0;0;0;0;0;0;0;0;0;0;0;0;0;0;0;0;0;0;1;0;0;0;0;0;0;0;0;1;0;0;0;0;0;0;0;0;0;0;0;0;0;0;0;1;0;0;0;0;0;0;0;0
Schinus_molle;Anacardiaceae;Alien;Invasive;8.33;;27.77;25;50;5;8;0;0;0;0;0;1;0;1;0;0;0;0;1;0;0;2;5;8;12;0;0;0;0;1;0;0;0;0;0;0;0;0;1;0;0;0;0;0;0;0;0;0;0;0;0;0;0;0;0;0;1;0;0;0;0;0;0;0;0;0;1;0;0;0;1;0;0;0;0;0;0;0;0;0;0;0;0;0;1;0;0;0;0;0;0;0;0;0;0;0
Schinus_polygama;Anacardiaceae;Alien;Non-Established;9.96;16.11;26.82;7;;;;;;;;;;;;;;;0;1;0;;;;;;0;1;0;0;0;0;0;1;0;0;0;0;0;0;0;0;1;0;0;0;0;0;0;0;0;0;0;0;0;0;0;0;0;0;0;0;0;1;0;0;0;0;0;0;0;1;0;0;0;0;0;0;0;0;0;1;0;0;0;0;0;0;0;0;0;0;0;0;0;0;0
Schinus_terebinthifolia;Anacardiaceae;Alien;Non-Established;11.52;20;17.48;13;30;4;6;;;;;;;;;;;;0;1;0;0;2;5;8;11;1;0;0;0;0;0;0;1;0;0;0;0;0;0;0;0;0;0;0;0;0;0;0;0;0;0;0;0;0;0;0;1;0;0;0;0;0;0;0;0;0;1;0;0;0;1;0;0;0;0;0;0;0;0;0;0;0;0;0;0;0;0;0;0;0;1;0;0;0;0;0
Sequoia_sempervirens;Cupressaceae;Alien;Non-Established;5.35;12.86;5.09;120;2200;1;12;1;0;0;0;0;0;0;0;0;0;0;1;0;0;-14;4.21;2;7;10;0;0;0;0;1;0;1;0;0;0;0;0;0;0;0;0;0;0;0;0;1;0;0;0;0;0;0;0;0;0;0;0;0;0;0;0;0;0;0;0;0;0;1;0;0;1;0;0;0;0;0;0;0;0;0;0;0;0;0;0;1;0;0;0;0;0;0;0;0;0;0
Sequoiadendron_giganteum;Cupressaceae;Alien;Naturalised;0.98;20.7;6.05;100;3200;1;12;;;;;;;;;;;;1;0;0;-15;3.05;2.88;6;8;0;0;0;0;1;0;1;0;0;0;0;0;0;0;0;0;0;0;0;0;1;0;0;0;0;0;0;0;0;0;0;0;0;0;0;0;0;0;0;0;0;0;1;0;0;1;0;0;0;0;0;0;0;0;0;0;0;0;0;0;0;0;0;0;0;0;0;0;0;1;0
Serenoa_repens;Arecaceae;Alien;Non-Established;17.35;;;50;500;7;9;;;;;;;;;;;;1;0;0;-9.5;5;5;8;11;0;0;0;0;0;1;0;0;0;0;0;1;0;0;0;0;0;0;0;0;0;0;0;1;0;0;0;0;0;0;0;0;0;0;0;0;0;0;0;0;1;0;0;0;0;1;0;0;0;0;0;1;0;0;0;0;0;0;0;0;0;0;0;0;0;0;1;0;0;0;0
Sorbus_aucuparia;Rosaceae;Native;;35.04;20.95;111.98;25;150;5;6;0;0;0;0;1;1;0;1;0;0;0;0;1;0;-50;2.73;2.11;3;6;1;0;0;0;0;0;1;0;0;0;0;0;0;0;0;0;0;1;0;0;0;0;0;0;0;0;0;0;0;0;0;0;0;0;0;0;0;0;0;1;0;0;0;0;0;0;1;0;0;0;0;0;0;0;0;0;0;0;0;0;0;0;1;0;0;0;0;0;0;0;0
Sparrmannia_africana;Malvaceae;Alien;Non-Established;;;;8;;3;5;0;0;0;1;0;1;0;0;0;0;0;0;1;0;5;4;2;5;8;0;1;0;0;0;0;0;0;1;0;0;0;0;0;0;0;0;0;0;0;0;0;0;0;0;0;0;0;0;0;0;1;0;0;0;0;0;1;0;0;0;0;0;0;0;1;0;0;0;0;1;0;0;0;0;0;0;0;0;0;0;0;0;0;0;0;0;0;0;0;0
Spartium_junceum;Fabaceae;Native;Non-Established;17.98;41.05;13.69;5;10;3;7;0;1;0;0;0;0;0;0;0;0;0;0;1;0;-15;1;5;8;9;0;1;0;0;0;0;0;0;1;0;0;0;0;0;0;0;0;0;0;0;0;0;0;0;0;0;0;0;0;0;0;0;1;0;1;0;0;0;0;0;0;0;0;0;0;0;1;0;0;0;0;0;0;0;0;0;0;0;0;0;0;0;1;0;0;0;0;0;0;0;0
Spiraea_cantoniensis;Rosaceae;Alien;Naturalised;;;;2;15;3;5;1;0;1;0;0;0;0;0;0;0;0;0;1;0;-26;1;3;5;8;0;0;1;0;0;0;0;0;1;0;0;0;0;0;0;0;0;0;1;0;0;0;0;0;0;0;0;0;0;0;0;0;0;0;0;0;0;0;0;0;0;1;0;0;0;0;1;0;0;0;0;0;1;0;0;1;0;0;0;0;0;0;0;1;0;0;0;0;0;0;0
Spiraea_hypericifolia;Rosaceae;Native;;14.3;23.83;;1.5;15;4;5;;;;;;;;;;;;0;1;0;-26;1;3;5;8;0;0;1;0;0;0;0;0;1;0;0;0;0;0;0;0;0;0;0;0;0;0;0;0;0;0;0;1;0;0;0;0;0;0;0;0;0;0;0;0;0;1;0;0;0;0;1;0;0;0;0;0;0;0;0;0;0;0;0;0;0;0;1;0;0;0;0;0;0;0;0
Stranvaesia_nussia;Rosaceae;Alien;Non-Established;;;;5;50;;;;;;;;;;;;;;0;1;0;-6.5;3;;7;10;0;0;0;1;0;0;0;1;0;0;0;0;0;0;0;0;0;1;0;0;0;0;0;0;0;0;0;0;0;0;0;0;0;0;0;0;0;0;0;1;0;0;0;0;0;1;0;0;0;0;0;0;0;0;0;0;0;0;0;1;0;0;0;0;0;0;0;0;0;0;0
Styphnolobium_japonicum;Fabaceae;Alien;Non-Established;11;29.67;118.16;25;60;7;9;0;0;0;0;0;1;0;1;0;0;0;0;1;0;-25;3;2.75;5;9;1;0;0;0;0;0;0;1;0;0;0;0;0;0;0;0;0;0;0;0;0;0;0;0;0;0;0;0;0;1;0;0;0;0;1;0;0;0;0;0;0;0;0;0;0;0;1;0;0;0;0;0;0;0;0;0;0;0;0;1;0;0;0;0;0;0;0;0;0;0;0
Syagrus_coronata;Arecaceae;Alien;Non-Established;;14.3;;50;50;;;0;0;0;0;0;1;0;0;0;0;0;1;0;0;;;;4;7;0;0;0;0;0;1;0;0;0;0;0;1;0;0;0;0;0;0;0;0;0;0;0;1;0;0;0;0;0;0;0;0;0;0;0;0;0;0;0;0;1;0;0;0;0;0;1;0;0;0;0;0;0;0;0;0;0;0;0;0;1;0;0;0;0;0;0;0;0;0;0
Syagrus_romanzoffiana;Arecaceae;Alien;Non-Established;;14;3450.67;50;50;3;9;0;0;0;0;0;1;0;0;0;0;0;1;0;0;-4;1;2;4;8;0;0;0;0;0;1;0;0;0;0;0;1;0;0;0;0;0;0;0;0;0;0;0;1;0;0;0;0;0;0;0;0;0;0;0;0;0;0;0;0;1;0;0;0;0;1;0;0;0;0;0;0;0;0;0;0;0;0;0;0;1;0;0;0;0;0;0;0;0;0;0
Symphoricarpos_orbiculatus;Caprifoliaceae;Alien;Non-Established;10.57;;5.95;2;;6;10;0;0;0;0;0;1;0;0;0;0;0;0;1;0;-30;3;3;4;8;0;1;0;0;0;0;0;0;1;0;0;0;0;0;0;0;0;0;0;0;0;0;0;0;0;0;0;1;0;0;0;0;0;0;0;0;0;0;0;0;0;1;0;0;0;0;1;0;0;0;0;0;0;0;0;1;0;0;0;0;0;0;0;0;0;0;0;0;0;0;0
Syringa_komarowii;Oleaceae;Alien;Non-Established;;;8.38;6;;;;;;;;;;;;;;;0;1;0;;;;;;0;1;0;0;0;0;0;0;1;0;0;0;0;0;0;0;0;0;0;0;0;0;0;0;0;0;0;0;1;0;0;0;0;0;0;0;0;0;0;0;0;1;0;0;0;0;1;0;0;0;0;0;0;0;0;1;0;0;0;0;0;0;0;0;0;0;0;0;0;0;0
Syringa_persica;Oleaceae;Alien;Non-Established;;;;3;21;5;5;;;;;;;;;;;;0;1;0;;;;;;0;1;0;0;0;0;0;0;1;0;0;0;0;0;0;0;0;0;0;0;0;0;0;0;0;0;0;0;1;0;0;0;0;0;0;0;0;1;0;0;0;0;0;0;0;0;1;0;0;0;0;0;0;0;0;0;0;0;0;0;0;0;0;0;0;1;0;0;0;0;0
Syringa_vulgaris;Oleaceae;Alien;Naturalised;13.2;19.4;5.57;10;10;4;5;1;0;0;0;1;0;0;0;0;0;0;0;1;0;-39;2.66;3.04;3;7;1;0;0;0;0;0;0;1;0;0;0;0;0;0;0;0;0;0;0;0;0;0;0;0;0;0;0;0;0;0;0;1;0;0;0;0;0;1;0;0;0;0;0;0;0;0;1;0;0;0;1;0;0;0;0;0;0;0;0;0;0;0;0;0;0;0;0;0;0;0;0
Syzygium_australe;Myrtaceae;Alien;Non-Established;65.29;;273.11;35;;;;;;;;;;;;;;;0;1;0;;;;;;0;1;0;0;0;0;0;1;0;0;0;0;0;0;0;0;0;0;0;0;0;0;0;0;0;0;0;0;0;0;0;1;0;0;0;0;0;1;0;0;0;0;0;0;0;1;0;0;0;0;1;0;0;0;0;0;0;0;0;0;0;0;0;0;0;1;0;0;0;0;0
Syzygium_paniculatum;Myrtaceae;Alien;Non-Established;8.52;;125.84;15;200;6;10;0;0;1;0;0;1;0;0;0;0;0;0;1;0;;;;;;1;0;0;0;0;0;1;0;0;0;0;0;0;0;0;0;0;0;0;0;0;0;0;0;0;0;0;0;0;0;0;1;0;0;0;0;0;1;0;0;0;0;0;0;0;1;0;0;0;0;0;0;0;0;0;1;0;0;0;0;0;0;0;0;0;0;0;0;0;0;0
Tamarindus_indica;Fabaceae;Alien;Non-Established;;19.67;771.63;24;200;5;8;0;0;0;0;0;1;0;0;0;0;0;0;1;0;-8;1;5;10;12;1;0;0;0;0;0;0;1;0;0;0;0;0;0;0;0;0;0;0;0;0;0;0;0;0;0;0;0;0;1;0;0;0;0;1;0;0;0;0;0;0;0;0;0;0;1;0;0;0;0;0;0;0;0;0;0;0;0;0;0;0;0;1;0;0;0;0;0;0;0;0
Tamarix_africana;Tamaricaceae;Native;;;26.65;;10;20;4;6;0;0;1;0;0;0;0;0;0;0;0;0;1;0;-15;1;1;7;10;1;0;0;0;0;0;0;0;0;0;1;0;0;0;0;0;0;0;0;0;0;0;0;0;0;1;0;0;0;0;0;0;0;0;0;0;0;1;0;0;0;0;0;0;0;0;1;0;0;0;0;0;0;0;0;0;0;0;0;0;0;0;0;0;0;0;0;0;0;1;0
Tamarix_canariensis;Tamaricaceae;Native;;;;;10;10;4;9;;;;;;;;;;;;0;1;0;-15;1;1;7;10;1;0;0;0;0;0;0;0;0;0;1;0;0;0;0;0;0;0;0;0;0;0;0;0;0;1;0;0;0;0;0;0;0;0;0;0;0;1;0;0;0;0;0;0;0;0;1;0;0;0;0;0;0;0;0;0;0;0;0;0;0;0;0;0;0;0;0;0;0;1;0
Tamarix_gallica;Tamaricaceae;Native;;11.47;;0.03;10;10;4;6;1;0;1;0;0;0;0;0;0;0;0;0;1;0;-26;1;1;4;8;1;0;0;0;0;0;0;0;0;0;1;0;0;0;0;0;0;0;0;0;0;0;0;0;0;1;0;0;0;0;0;0;0;0;0;0;0;1;0;0;0;0;0;0;0;0;1;0;0;0;0;0;0;0;0;0;0;0;0;0;0;0;0;0;0;0;0;0;0;1;0
Tamarix_parviflora;Tamaricaceae;Alien;Non-Established;12.9;22.7;;10;;4;6;1;0;0;0;0;0;0;0;0;0;0;0;1;0;-26;1;1;4;8;1;0;0;0;0;0;0;0;0;0;1;0;0;0;0;0;0;0;0;0;0;0;0;0;0;1;0;0;0;0;0;0;0;0;0;0;0;1;0;0;0;0;0;0;0;0;1;0;0;0;0;0;0;0;0;0;0;0;0;0;0;0;0;0;0;0;0;0;0;1;0
Tamarix_tetrandra;Tamaricaceae;Alien;Non-Established;;;0.29;5;;;;;;;;;;;;;;;0;1;0;;;;;;1;0;0;0;0;0;0;0;0;0;1;0;0;0;0;0;0;0;0;0;0;0;0;0;0;1;0;0;0;0;0;0;0;0;0;0;0;1;0;0;0;0;0;0;0;0;1;0;0;0;0;0;0;0;0;0;0;0;0;0;0;0;0;0;0;0;0;0;0;1;0
Taxodium_distichum;Cupressaceae;Alien;Non-Established;7.8;13.38;85.75;50;1200;5;5;0;0;0;0;0;0;0;1;0;0;0;1;0;0;-28;2.13;3.25;4;10;0;0;0;0;1;0;1;0;0;0;0;0;0;0;0;0;0;0;0;0;1;0;0;0;0;0;0;0;0;0;0;0;0;0;0;0;0;0;0;0;0;0;1;0;0;0;1;1;0;0;0;0;0;0;0;0;0;0;0;0;0;0;0;0;0;0;0;0;0;0;0
Taxodium_mucronatum;Cupressaceae;Alien;Non-Established;;;8.55;52;1000;2;3;;;;;;;;;;;;1;0;0;;;;;;1;0;0;0;0;0;1;0;0;0;0;0;0;0;0;0;0;0;0;0;1;0;0;0;0;0;0;0;0;0;0;0;0;0;0;0;0;0;0;0;0;0;1;0;0;1;0;1;0;0;0;0;0;0;0;0;0;0;0;0;0;0;0;0;0;0;0;0;0;0;0
Taxus_baccata;Taxaceae;Native;;8.24;20.52;61.23;29;2000;3;5;0;0;0;0;1;1;0;0;0;0;0;1;0;0;-33;4.43;3.01;5;7;0;1;0;0;0;0;1;0;0;0;0;0;0;0;0;0;0;0;0;0;1;0;0;0;0;0;0;0;0;0;0;0;0;1;0;0;0;0;0;0;0;0;0;0;0;1;0;1;0;0;0;0;0;0;0;0;0;0;0;0;0;0;0;0;0;0;0;0;0;0;0
Tecoma_stans;Bignoniaceae;Alien;Naturalised;20.68;;6.28;10;;6;9;1;0;0;0;0;1;0;0;0;0;0;0;1;0;-8;1;5;6;9;1;0;0;0;0;0;0;0;0;1;0;0;0;0;0;0;0;0;0;0;0;0;0;0;0;0;0;0;0;0;0;1;0;0;0;0;0;1;0;0;0;0;0;0;0;1;0;0;0;0;0;0;0;0;0;0;0;0;0;1;0;0;0;0;0;0;0;0;0;0;0
Tecomaria_capensis;Bignoniaceae;Alien;Non-Established;19.67;12.18;2.074;8;40;9;12;1;1;1;1;0;0;0;0;0;0;0;0;1;0;-8;2;3;6;9;1;0;0;0;0;0;0;0;0;1;0;0;0;0;0;0;0;0;0;0;0;0;0;0;0;0;0;0;0;0;0;1;0;0;0;0;0;1;0;0;0;0;0;0;0;1;0;0;0;0;1;0;0;0;0;1;0;0;0;0;0;0;0;0;0;0;0;0;0;0;0
Tetraclinis_articulata;Cupressaceae;Native;;;;11.84;12;400;9;11;;;;;;;;;;;;1;0;0;;;;;;0;0;0;0;1;0;1;0;0;0;0;0;0;0;0;0;0;0;0;0;0;0;0;0;1;0;0;0;0;0;0;0;0;0;0;0;0;1;0;0;0;0;0;0;0;1;0;0;0;0;0;0;0;0;0;0;0;0;0;0;0;0;0;0;0;0;0;0;0;1;0
Teucrium_chamaedrys;Lamiaceae;Native;;14.45;19.69;1.47;0.5;10;6;10;0;0;1;0;0;1;1;0;0;0;0;1;1;0;;;;;;1;0;0;0;0;0;0;0;1;0;0;0;0;0;0;0;0;0;0;0;0;0;0;0;0;0;0;0;0;0;0;1;0;0;1;0;0;0;0;0;0;0;0;0;0;1;0;0;0;0;0;0;0;0;0;0;0;0;0;0;0;1;0;0;0;0;0;0;0;0;0
Teucrium_fruticans;Lamiaceae;Native;;12.28;19.92;;2.5;60;3;10;;;;;;;;;;;;0;1;0;-9.5;1;5;6;9;1;0;0;0;0;0;0;0;1;0;0;0;0;0;0;0;0;0;0;0;0;0;0;0;0;0;0;0;0;0;0;1;0;0;1;0;0;0;0;0;0;0;0;0;0;1;0;0;0;0;0;0;0;0;0;0;0;0;0;1;0;0;0;0;0;0;0;0;0;0;0
Thuja_occidentalis;Cupressaceae;Alien;Non-Established;12.4;17.05;1.39;35;800;3;5;1;0;0;0;0;0;0;0;0;0;0;1;0;0;-36;3.45;2.71;3;7;0;0;0;0;1;0;1;0;0;0;0;0;0;0;0;0;0;0;0;0;1;0;0;0;0;0;0;0;0;0;0;0;0;0;0;0;0;0;0;0;0;0;1;0;0;1;0;0;0;0;0;0;0;0;0;0;0;0;0;0;0;0;0;0;0;0;0;0;0;1;0
Thuja_plicata;Cupressaceae;Alien;Non-Established;9.84;35.74;1.33;80;1000;4;4;1;0;0;0;0;0;0;0;0;0;0;1;0;0;-36;4.73;2.23;5;8;0;0;0;0;1;0;1;0;0;0;0;0;0;0;0;0;0;0;0;0;1;0;0;0;0;0;0;0;0;0;0;0;0;1;0;0;0;0;0;0;0;0;0;0;0;1;0;0;0;0;0;0;0;0;0;0;0;0;0;0;0;0;0;0;0;0;0;0;0;1;0
Thunbergia_grandiflora;Acanthaceae;Alien;Non-Established;;;;10;25;1;12;;;;;;;;;;;;0;1;0;5;2;2;7;9;0;1;0;0;0;0;0;0;0;1;0;0;0;0;0;0;0;0;0;0;0;0;0;0;0;0;0;1;0;0;0;0;0;0;0;0;0;1;0;0;0;0;0;0;0;1;0;0;0;0;0;0;0;0;0;1;0;0;0;0;0;0;0;0;0;1;0;0;0;0;0
Thymus_vulgaris;Lamiaceae;Native;;8.29;15.89;0.92;0.5;15;5;10;0;0;0;0;0;0;1;0;0;0;0;0;1;1;;;;;;0;1;0;0;0;0;0;0;1;0;0;0;0;0;0;0;0;0;0;0;0;0;0;0;0;0;0;1;0;0;0;0;0;0;1;0;0;0;0;0;0;0;0;0;0;1;0;0;0;0;0;0;0;0;0;0;0;0;0;0;0;0;0;0;0;1;0;0;0;0;0
Tilia_americana;Malvaceae;Alien;Non-Established;28.14;26.08;92.64;43;200;6;6;1;0;0;0;0;1;0;0;0;0;0;0;1;0;-39;3.8;2.32;3;9;1;0;0;0;0;0;1;0;0;0;0;0;0;0;0;0;1;0;0;0;0;0;0;0;0;0;0;0;0;0;0;0;0;0;0;0;0;0;0;0;0;1;0;0;0;0;1;0;0;0;0;0;0;0;0;0;0;0;0;0;0;0;0;0;0;1;0;0;0;0;0
Tilia_cordata;Malvaceae;Native;;24.69;23.72;46.01;43;750;6;7;;;;;;;;;;;;0;1;0;-19;4.18;2.75;3;9;1;0;0;0;0;0;0;1;0;0;0;0;0;0;0;0;1;0;0;0;0;0;0;0;0;0;0;0;0;0;0;0;0;0;0;0;0;1;0;0;0;0;0;0;0;0;1;0;0;0;1;0;0;0;0;0;0;0;0;0;0;0;0;0;0;0;0;0;0;0;0
Tilia_platyphyllos;Malvaceae;Native;;30.61;37.93;95.73;40;1000;5;7;1;1;0;0;1;1;0;0;0;0;1;0;1;0;-50;4;2.52;4;6;1;0;0;0;0;0;0;1;0;0;0;0;0;0;0;0;1;0;0;0;0;0;0;0;0;0;0;0;0;0;0;0;0;0;0;0;1;0;0;0;0;0;0;0;0;0;1;0;0;0;1;0;0;0;0;0;0;0;0;0;0;0;0;0;0;0;0;0;0;0;0
Tilia_tomentosa;Malvaceae;Alien;Non-Established;;;101.24;30;500;7;8;1;0;0;0;0;1;0;0;0;0;0;0;1;0;-26;3.34;2.81;4;7;1;0;0;0;0;0;1;0;0;0;0;0;0;0;0;0;0;0;0;0;0;0;0;0;0;0;0;0;0;0;0;1;0;0;0;0;0;1;0;0;0;0;0;0;0;0;1;0;0;0;1;0;0;0;0;0;0;0;0;0;0;0;0;0;0;0;0;0;0;0;0
Tipuana_tipu;Fabaceae;Alien;Naturalised;10.53;28.8;513.83;40;50;6;8;0;1;0;0;0;0;0;1;0;0;0;0;1;0;0;2;4;5;9;1;0;0;0;0;0;0;1;0;0;0;0;0;0;0;0;0;0;0;0;0;0;0;0;0;0;0;0;0;1;0;0;0;0;1;0;0;0;0;0;0;0;0;0;0;0;0;0;0;0;0;0;0;0;0;0;0;0;0;0;0;0;0;0;0;1;0;0;0;0;0
Torminalis_glaberrima;Rosaceae;Alien;Non-Established;19.58;20;122.45;40;300;5;6;0;0;0;0;0;1;0;0;0;0;0;0;1;0;-20.5;3.38;3.74;5;9;0;0;1;0;0;0;1;0;0;0;0;0;0;0;0;0;0;1;0;0;0;0;0;0;0;0;0;0;0;0;0;0;0;0;0;0;0;0;0;1;0;0;0;0;0;0;1;0;0;0;0;0;0;0;0;0;0;0;0;0;0;0;0;0;0;0;1;0;0;0;0
Trachelium_caeruleum;Campanulaceae;Native;;;;0.01;1;;;;;;;;;;;;;;;0;1;0;;;;;;0;1;0;0;0;0;0;0;1;0;0;0;0;0;0;0;0;0;0;0;0;0;0;0;0;0;0;0;0;0;0;1;0;0;0;0;0;0;0;0;0;1;0;0;0;1;0;0;0;0;0;0;0;0;0;0;0;0;0;0;0;1;0;0;0;0;0;0;0;0;0
Trachelospermum_jasminoides;Apocynaceae;Alien;Non-Established;19.19;19.69;;4.5;;5;7;;;;;;;;;;;;0;1;0;-13.9;2.5;2.7;;;0;1;0;0;0;0;0;0;0;1;0;0;0;0;0;0;0;0;0;0;0;0;0;0;0;0;0;0;0;0;0;1;0;0;0;0;0;1;0;0;0;0;0;0;0;1;0;0;0;0;0;0;0;0;0;1;0;0;0;0;0;0;0;0;0;0;0;0;0;0;0
Trachycarpus_fortunei;Arecaceae;Alien;Naturalised;6.4;21.66;180.3;50;30;5;6;;;;;;;;;;;;1;0;0;-17;1;5;8;11;0;0;0;0;0;1;0;0;0;0;0;1;0;0;0;0;0;0;0;0;0;0;0;1;0;0;0;0;0;0;0;0;0;0;0;0;0;0;0;0;1;0;0;0;0;1;0;0;0;0;0;1;0;0;0;0;0;0;0;0;0;0;0;0;0;0;1;0;0;0;0
Trithrinax_campestris;Arecaceae;Alien;Non-Established;;;;50;;9;11;;;;;;;;;;;;1;0;0;-9;3;3;3;6;0;0;0;0;0;1;0;0;0;0;0;1;0;0;0;0;0;0;0;0;0;0;0;1;0;0;0;0;0;0;0;0;0;0;0;0;0;0;0;0;1;0;0;0;0;1;0;0;0;0;0;1;0;0;0;0;0;0;0;0;0;0;0;0;0;0;1;0;0;0;0
Tsuga_canadensis;Pinaceae;Alien;Non-Established;10.17;12.63;6.36;53;1000;4;5;1;0;0;0;0;0;0;0;0;0;0;1;0;0;-31.5;4.83;1;4;7;1;0;0;0;0;0;1;0;0;0;0;0;0;0;0;0;0;0;0;0;1;0;0;0;0;0;0;0;0;0;0;0;0;1;0;0;0;0;0;0;0;0;0;0;0;1;0;1;0;0;0;0;0;0;0;0;0;0;0;0;0;0;0;0;0;0;0;0;0;0;0
Ulex_parviflorus;Fabaceae;Native;;;24.2;4.17;1.4;15;10;6;0;1;0;0;0;0;0;0;0;0;0;0;1;0;-28;;;7;10;0;1;0;0;0;0;0;0;1;0;0;0;0;0;0;0;0;0;0;0;0;0;0;0;0;0;0;0;0;0;0;0;1;0;1;0;0;0;0;0;0;0;0;0;0;1;0;0;0;0;0;0;0;0;0;0;0;0;0;0;0;0;0;0;0;0;0;1;0;0;0
Ulmus_americana;Ulmaceae;Alien;Non-Established;17.58;20.86;5.32;42;300;3;4;1;0;0;0;0;0;0;0;0;0;0;1;0;0;-42;3.14;2.92;3;9;1;0;0;0;0;0;0;1;0;0;0;0;0;0;0;0;0;0;0;0;0;0;0;0;0;0;0;1;0;0;0;0;0;0;0;0;0;0;1;0;0;0;0;0;0;0;1;0;0;0;0;0;0;0;0;0;0;0;0;0;0;0;1;0;0;0;0;0;0;0;0
Ulmus_glabra;Ulmaceae;Alien;Non-Established;13.23;22.01;11.53;48;400;3;4;1;1;0;0;0;0;0;0;0;0;1;1;0;0;-16;3.53;2.41;5;7;1;0;0;0;0;0;0;1;0;0;0;0;0;0;0;0;0;0;0;0;0;0;0;0;0;0;0;1;0;0;0;0;0;0;0;0;0;0;1;0;0;0;0;0;0;0;1;0;0;0;0;0;0;0;0;0;0;0;0;0;0;0;1;0;0;0;0;0;0;0;0
Ulmus_minor;Ulmaceae;Native;;19.79;25.41;9.26;40;100;3;4;1;0;0;0;0;0;0;0;0;0;0;1;0;0;-20;3.36;3.39;3;8;1;0;0;0;0;0;0;1;0;0;0;0;0;0;0;0;0;0;0;0;0;0;0;0;0;0;0;1;0;0;0;0;0;0;0;0;0;0;1;0;0;0;0;0;0;0;1;0;0;0;0;0;0;0;0;1;0;0;0;0;0;0;0;0;0;0;0;0;0;0;0
Ulmus_pumila;Ulmaceae;Alien;Naturalised;9.91;25.49;6.23;30;60;3;3;1;0;0;0;0;0;0;0;0;0;0;1;0;0;-31.5;2.5;3.35;4;9;1;0;0;0;0;0;0;1;0;0;0;0;0;0;0;0;0;0;0;0;0;0;0;0;0;0;0;1;0;0;0;0;0;0;0;0;0;0;1;0;0;0;0;0;0;0;1;0;0;0;0;0;0;0;0;1;0;0;0;0;0;0;0;0;0;0;0;0;0;0;0
Veronica_salicifolia;Plantaginaceae;Alien;Non-Established;27.92;;0.05;2;;7;11;1;0;0;0;0;0;0;0;0;0;0;0;1;0;;;;;;0;1;0;0;0;0;0;0;1;0;0;0;0;0;0;0;0;0;0;0;0;0;0;0;0;0;0;0;0;0;0;1;0;0;0;0;0;1;0;0;0;0;0;0;0;1;0;0;0;0;0;0;0;0;0;0;0;0;0;1;0;0;0;0;0;0;0;0;0;0;0
Vesalea_floribunda;Caprifoliaceae;Alien;Non-Established;4.81;;;3;;5;10;1;0;0;0;0;0;0;0;0;0;0;0;1;0;-5;3;4;8;9;0;1;0;0;0;0;0;0;0;0;0;0;0;0;1;0;0;0;0;0;0;0;0;0;0;0;0;0;0;0;0;1;0;0;0;0;0;0;0;0;1;0;0;0;0;1;0;0;0;0;0;0;0;0;0;0;0;0;0;0;0;0;0;0;0;1;0;0;0;0;0
Viburnum_lantana;Adoxaceae;Native;;22.89;19.32;71.57;6;40;4;6;0;0;0;0;1;1;0;0;0;0;0;0;1;0;-36.1;1.93;3.46;;;1;0;0;0;0;0;0;0;1;0;0;0;0;0;0;0;0;0;0;0;0;0;0;0;0;0;0;1;0;0;0;0;0;0;0;0;0;0;0;0;0;1;0;0;0;0;1;0;0;0;0;0;0;0;0;1;0;0;0;0;0;0;0;0;0;0;0;0;0;0;0
Viburnum_odoratissimum;Adoxaceae;Native;;12.67;;26.1;10;40;4;6;0;0;0;0;0;1;0;0;0;0;0;0;1;0;-4;2;1;8;10;0;1;0;0;0;0;0;0;1;0;0;0;0;0;0;0;0;0;0;0;0;0;0;0;0;0;0;1;0;0;0;0;0;0;0;0;0;0;0;0;0;1;0;0;0;1;0;0;0;0;0;0;0;0;0;1;0;0;0;0;0;0;0;0;0;0;0;0;0;0;0
Viburnum_opulus;Adoxaceae;Native;;16.37;21.81;75.86;5;50;5;6;0;1;0;0;1;1;0;0;0;0;1;0;1;0;-37;2.66;2.21;3;8;1;0;0;0;0;0;0;0;1;0;0;0;0;0;0;0;0;0;0;0;0;0;0;0;0;0;0;1;0;0;0;0;0;0;0;0;0;0;0;0;0;1;0;0;0;0;1;0;0;0;0;0;0;0;0;0;0;0;0;0;0;0;0;0;0;0;1;0;0;0;0
Viburnum_rhytidophyllum;Adoxaceae;Alien;Non-Established;16.67;;;7;;5;6;0;0;0;0;1;1;0;0;0;0;0;0;1;0;-26;3;1;6;9;1;0;0;0;0;0;0;0;1;0;0;0;0;0;0;0;0;0;0;0;0;0;0;0;0;0;0;0;0;0;0;1;0;0;0;0;0;1;0;0;0;0;0;0;0;1;0;0;0;0;0;0;0;0;0;0;0;0;0;1;0;0;0;0;0;0;0;0;0;0;0
Viburnum_suspensum;Adoxaceae;Alien;Non-Established;;;;3.5;;5;6;0;0;0;0;0;1;0;0;0;0;0;0;1;0;-4;3;1;8;10;0;1;0;0;0;0;0;0;1;0;0;0;0;0;0;0;0;0;0;0;0;0;0;0;0;0;0;0;0;0;0;1;0;0;0;0;0;1;0;0;0;0;0;0;0;1;0;0;0;0;0;0;0;0;0;0;0;0;0;0;0;0;0;1;0;1;0;0;0;0;0
Viburnum_tinus;Adoxaceae;Native;;7.67;12.13;40.68;7;;1;4;0;0;0;0;0;1;0;0;0;0;0;0;1;0;-15;3;1;8;9;0;1;0;0;0;0;0;0;1;0;0;0;0;0;0;0;0;0;0;0;0;0;0;0;0;0;0;1;0;0;0;0;0;0;0;0;0;0;0;0;0;1;0;0;0;1;0;0;0;0;0;0;0;0;0;0;0;0;0;0;0;0;1;0;0;0;0;0;0;0;0
Vinca_major;Apocynaceae;Alien;Naturalised;18.05;;19.41;1;2;3;6;0;1;0;0;0;0;0;0;0;0;0;0;1;0;;;;;;0;1;0;0;0;0;0;0;1;0;0;0;0;0;0;0;0;0;1;0;0;0;0;0;0;0;0;0;0;0;0;0;0;0;0;0;0;0;0;0;0;0;0;0;1;1;0;0;0;0;0;0;0;0;0;0;0;0;0;1;0;0;0;0;0;1;0;0;0;0;0
Vinca_minor;Apocynaceae;Native;;23.92;33.25;8.64;1;2;3;6;0;1;0;0;1;1;0;0;0;0;0;0;1;0;-33;;;;;1;0;0;0;0;0;0;0;1;0;0;0;0;0;0;0;0;0;0;0;0;0;0;0;0;0;0;1;0;0;0;0;0;0;0;0;0;0;0;0;0;0;0;0;1;1;0;0;0;0;0;0;0;0;0;1;0;0;0;0;0;0;0;0;0;0;0;0;0;0;0
Vitex_agnus-castus;Lamiaceae;Native;;12.01;33.4;8.57;6;9;6;7;;;;;;;;;;;;0;1;0;-15;1;3;7;9;1;0;0;0;0;0;0;1;0;0;0;0;0;0;0;0;0;0;0;0;0;0;0;0;0;0;0;0;0;0;0;1;0;0;0;0;0;1;0;0;0;0;0;0;0;0;1;0;0;0;0;0;0;0;0;0;0;0;0;1;0;0;0;0;0;0;0;0;0;0;0
Vitis_vinifera;Vitaceae;Native;Naturalised;18.71;25.23;30.43;35;400;6;7;0;0;0;0;0;1;0;0;0;0;0;0;1;0;-18;1;2;6;10;1;0;0;0;1;0;0;0;0;1;0;0;0;0;0;0;0;0;0;0;0;0;0;0;0;1;0;0;0;0;0;0;0;0;0;0;0;0;0;0;1;0;0;0;0;0;1;0;0;0;0;0;0;0;0;0;0;0;0;0;0;1;0;0;0;0;0;0;0;0;0
Washingtonia_filifera;Arecaceae;Alien;Naturalised;;28.02;76.3;18;200;5;7;0;0;0;0;0;1;0;0;0;0;0;1;0;0;-10;1;4;9;11;0;0;0;0;0;1;0;0;0;0;0;1;0;0;0;0;0;0;0;0;0;0;0;1;0;0;0;0;0;0;0;0;0;0;0;0;0;0;0;0;1;0;0;0;0;1;0;0;0;0;0;1;0;0;0;0;0;0;0;0;0;0;0;0;0;0;1;0;0;0;0
Weigela_florida;Caprifoliaceae;Alien;Non-Established;;24.73;;4;30;5;10;;;;;;;;;;;;0;1;0;-26;3;1;4;8;0;1;0;0;0;0;0;0;1;0;0;0;0;0;0;0;0;0;1;0;0;0;0;0;0;0;0;0;0;0;0;0;0;0;0;0;0;0;0;0;0;1;0;0;0;0;1;0;0;0;0;0;0;0;0;1;0;0;0;0;0;0;0;0;0;0;0;0;0;0;0
Wisteria_floribunda;Fabaceae;Alien;Naturalised;;;37.8;12;50;4;7;0;0;0;0;0;0;0;1;0;0;0;0;1;0;-26;1;2;5;9;0;1;0;0;0;0;0;0;0;1;0;0;0;0;0;0;0;0;0;0;0;0;0;0;0;0;0;0;0;1;0;0;0;0;1;0;0;0;0;0;0;0;0;0;0;0;1;0;0;0;0;0;0;0;0;0;0;0;0;0;0;0;0;0;0;1;0;0;0;0;0
Wisteria_sinensis;Fabaceae;Alien;Naturalised;36.82;;460;30;10;4;7;0;0;0;1;0;0;0;1;0;0;0;0;1;0;-26;3;1;5;9;1;0;0;0;0;0;0;0;0;1;0;0;0;0;0;0;0;0;0;0;0;0;0;0;0;0;0;0;0;1;0;0;0;0;1;0;0;0;0;0;0;0;0;0;0;0;1;0;0;0;0;0;0;0;0;0;0;0;0;0;0;0;0;0;0;1;0;0;0;0;0
Yucca_aloifolia;Asparagaceae;Alien;Naturalised;3.93;14.8;30.19;8;;1;11;0;0;0;0;0;1;0;0;0;0;0;0;1;0;4;1;3;8;10;0;0;0;0;0;1;0;0;0;0;0;1;0;0;0;0;0;0;0;0;0;0;0;0;1;0;0;0;0;0;0;0;0;0;0;0;0;0;0;0;1;0;0;0;0;1;0;0;0;0;0;0;0;0;0;0;0;0;0;0;1;0;0;0;0;0;0;0;0;0;0
Yucca_gigantea;Asparagaceae;Alien;Non-Established;;15.41;;9;50;5;6;0;0;0;0;0;1;0;0;0;0;0;0;1;0;0;3;3;7;9;0;0;0;0;0;1;0;0;0;0;0;1;0;0;0;0;0;0;0;0;0;0;0;0;1;0;0;0;0;0;0;0;0;0;0;0;0;0;0;0;1;0;0;0;0;1;0;0;0;0;0;0;0;0;0;0;0;0;0;1;0;0;0;0;0;0;0;0;0;0;0
Yucca_gloriosa;Asparagaceae;Alien;Naturalised;3.91;19.2;;5;50;12;12;;;;;;;;;;;;0;1;0;-15;2;4;6;11;0;0;0;0;0;1;0;0;0;0;0;1;0;0;0;0;0;0;0;0;0;0;0;0;1;0;0;0;0;0;0;0;0;0;0;0;0;0;0;0;1;0;0;0;0;1;0;0;0;0;0;0;0;0;0;0;0;0;0;1;0;0;0;0;0;0;0;0;0;0;0
Zelkova_carpinifolia;Ulmaceae;Alien;Non-Established;;;13.31;35;200;4;10;;;;;;;;;;;;1;0;0;-20;2;1;4;8;0;0;1;0;0;0;0;1;0;0;0;0;0;0;0;0;0;0;0;0;0;0;0;0;0;0;0;1;0;0;0;0;0;0;0;0;0;0;1;0;0;0;0;0;0;0;1;0;0;0;0;0;0;0;0;0;0;0;0;0;0;0;1;0;0;0;0;0;0;0;0
Zelkova_serrata;Ulmaceae;Alien;Non-Established;11.38;16.56;19.56;40;350;3;4;;;;;;;;;;;;1;0;0;-36;2.09;3.35;5;8;1;0;0;0;1;0;0;1;0;0;0;0;0;0;0;0;0;0;0;0;0;0;0;0;0;0;0;1;0;0;0;0;0;0;0;0;0;0;1;0;0;0;0;0;0;0;1;0;0;0;0;0;0;0;0;0;0;0;0;0;0;0;0;0;0;1;0;0;0;0;0
Ziziphus_jujuba;Rhamnaceae;Alien;Naturalised;9.33;20.67;430.24;15;300;6;6;;;;;;;;;;;;0;1;0;-20.5;1.35;4.95;5;9;1;0;0;0;0;0;0;1;0;0;0;0;0;0;0;0;0;0;0;0;0;0;0;0;0;0;0;1;0;0;0;0;0;0;0;0;0;0;1;0;0;0;0;0;0;0;1;0;0;0;0;0;0;0;0;0;0;0;0;1;0;0;0;0;0;0;0;0;0;0;0
